{"textures":{"0":"modelengine:entity/hedgehog"},"elements":[{"from":[7.714286,7.428571,7.714286],"to":[8.285714,8.0,8.285714],"rotation":{"angle":0.0,"axis":"y","origin":[6.5714283,8.0,7.714286]},"faces":{"east":{"uv":[8.0,3.0,7.5,3.5],"rotation":0,"texture":"#0","tintindex":0},"south":{"uv":[3.5,7.5,3.0,8.0],"rotation":0,"texture":"#0","tintindex":0},"north":{"uv":[3.0,7.5,2.5,8.0],"rotation":0,"texture":"#0","tintindex":0},"west":{"uv":[8.0,2.5,7.5,3.0],"rotation":0,"texture":"#0","tintindex":0},"up":{"uv":[3.5,8.0,4.0,7.5],"rotation":0,"texture":"#0","tintindex":0},"down":{"uv":[4.0,7.5,4.5,8.0],"rotation":0,"texture":"#0","tintindex":0}}}],"display":{"head":{"translation":[0.0,-6.4,0.0],"scale":[4.0,4.0,4.0]}}}