{"textures":{"2":"modelengine:entity/goblin_weapon_weapon"},"elements":[{"from":[7.428571,10.285714,8.0],"to":[9.142858,12.0,8.0],"rotation":{"angle":-22.5,"axis":"y","origin":[9.142858,11.428572,8.0]},"faces":{"east":{"uv":[0.0,0.0,0.0,1.5],"rotation":0,"texture":"#2","tintindex":0},"south":{"uv":[2.0,9.5,0.5,11.0],"rotation":0,"texture":"#2","tintindex":0},"north":{"uv":[0.5,9.5,2.0,11.0],"rotation":0,"texture":"#2","tintindex":0},"west":{"uv":[0.0,0.0,0.0,1.5],"rotation":0,"texture":"#2","tintindex":0},"up":{"uv":[0.0,0.0,1.5,0.0],"rotation":0,"texture":"#2","tintindex":0},"down":{"uv":[0.0,0.0,1.5,0.0],"rotation":0,"texture":"#2","tintindex":0}}},{"from":[7.428571,10.285714,8.571428],"to":[9.142858,12.0,8.571428],"rotation":{"angle":22.5,"axis":"y","origin":[9.142858,11.428572,8.571428]},"faces":{"east":{"uv":[0.0,0.0,0.0,1.5],"rotation":0,"texture":"#2","tintindex":0},"south":{"uv":[7.0,9.5,8.5,11.0],"rotation":0,"texture":"#2","tintindex":0},"north":{"uv":[8.5,9.5,7.0,11.0],"rotation":0,"texture":"#2","tintindex":0},"west":{"uv":[0.0,0.0,0.0,1.5],"rotation":0,"texture":"#2","tintindex":0},"up":{"uv":[0.0,0.0,1.5,0.0],"rotation":0,"texture":"#2","tintindex":0},"down":{"uv":[0.0,0.0,1.5,0.0],"rotation":0,"texture":"#2","tintindex":0}}},{"from":[7.428571,2.8571424,8.428572],"to":[8.571428,4.0,8.428572],"rotation":{"angle":0.0,"axis":"y","origin":[8.0,7.428571,7.857143]},"faces":{"east":{"uv":[0.0,0.0,0.0,1.0],"rotation":0,"texture":"#2","tintindex":0},"south":{"uv":[2.0,6.0,1.0,7.0],"rotation":0,"texture":"#2","tintindex":0},"north":{"uv":[1.0,6.0,2.0,7.0],"rotation":0,"texture":"#2","tintindex":0},"west":{"uv":[0.0,0.0,0.0,1.0],"rotation":0,"texture":"#2","tintindex":0},"up":{"uv":[0.0,0.0,1.0,0.0],"rotation":0,"texture":"#2","tintindex":0},"down":{"uv":[0.0,0.0,1.0,0.0],"rotation":0,"texture":"#2","tintindex":0}}},{"from":[8.0,9.142858,7.428571],"to":[9.142858,10.857143,9.142858],"rotation":{"angle":0.0,"axis":"y","origin":[8.0,11.428572,8.0]},"faces":{"east":{"uv":[1.0,12.5,2.5,14.0],"rotation":0,"texture":"#2","tintindex":0},"south":{"uv":[2.0,14.0,3.0,15.5],"rotation":0,"texture":"#2","tintindex":0},"north":{"uv":[1.0,14.0,2.0,15.5],"rotation":0,"texture":"#2","tintindex":0},"west":{"uv":[1.0,11.0,2.5,12.5],"rotation":0,"texture":"#2","tintindex":0},"up":{"uv":[2.5,12.5,3.5,14.0],"rotation":0,"texture":"#2","tintindex":0},"down":{"uv":[2.5,11.0,3.5,12.5],"rotation":0,"texture":"#2","tintindex":0}}},{"from":[8.0,3.4285712,8.0],"to":[8.571428,9.142858,8.571428],"rotation":{"angle":0.0,"axis":"y","origin":[8.0,8.0,8.0]},"faces":{"east":{"uv":[0.0,11.0,0.5,16.0],"rotation":0,"texture":"#2","tintindex":0},"south":{"uv":[0.0,0.0,0.5,5.0],"rotation":0,"texture":"#2","tintindex":0},"north":{"uv":[0.0,6.0,0.5,11.0],"rotation":0,"texture":"#2","tintindex":0},"west":{"uv":[0.5,11.0,1.0,16.0],"rotation":0,"texture":"#2","tintindex":0},"up":{"uv":[1.5,0.0,2.0,0.5],"rotation":0,"texture":"#2","tintindex":0},"down":{"uv":[2.0,0.0,2.5,0.5],"rotation":0,"texture":"#2","tintindex":0}}}],"display":{"head":{"translation":[0.0,-6.4,0.0],"scale":[4.0,4.0,4.0]}}}