{"textures":{"0":"modelengine:entity/owl"},"elements":[{"from":[7.428571,4.5714283,7.142857],"to":[8.0,8.0,10.0],"rotation":{"angle":0.0,"axis":"y","origin":[13.142858,0.5714283,6.0]},"faces":{"east":{"uv":[3.75,6.75,5.0,8.25],"rotation":0,"texture":"#0","tintindex":0},"south":{"uv":[2.0,8.5,2.25,10.0],"rotation":0,"texture":"#0","tintindex":0},"north":{"uv":[7.25,8.25,7.5,9.75],"rotation":0,"texture":"#0","tintindex":0},"west":{"uv":[5.0,6.75,6.25,8.25],"rotation":0,"texture":"#0","tintindex":0},"up":{"uv":[7.75,9.75,7.5,8.5],"rotation":0,"texture":"#0","tintindex":0},"down":{"uv":[8.0,8.5,7.75,9.75],"rotation":0,"texture":"#0","tintindex":0}}}],"display":{"head":{"translation":[0.0,-6.4,0.0],"scale":[4.0,4.0,4.0]}}}