{"textures":{"0":"modelengine:entity/owl"},"elements":[{"from":[8.0,4.5714283,7.142857],"to":[8.571428,8.0,10.0],"rotation":{"angle":0.0,"axis":"y","origin":[2.8571424,0.5714283,6.0]},"faces":{"east":{"uv":[6.25,6.75,5.0,8.25],"rotation":0,"texture":"#0","tintindex":0},"south":{"uv":[2.25,8.5,2.0,10.0],"rotation":0,"texture":"#0","tintindex":0},"north":{"uv":[7.5,8.25,7.25,9.75],"rotation":0,"texture":"#0","tintindex":0},"west":{"uv":[5.0,6.75,3.75,8.25],"rotation":0,"texture":"#0","tintindex":0},"up":{"uv":[7.5,9.75,7.75,8.5],"rotation":0,"texture":"#0","tintindex":0},"down":{"uv":[7.75,8.5,8.0,9.75],"rotation":0,"texture":"#0","tintindex":0}}}],"display":{"head":{"translation":[0.0,-6.4,0.0],"scale":[4.0,4.0,4.0]}}}