{"textures":{"0":"modelengine:entity/elk"},"elements":[{"from":[6.5714283,7.9403043,6.539618],"to":[10.0,13.083162,9.968189],"rotation":{"angle":-22.5,"axis":"x","origin":[8.285714,11.65459,7.111047]},"faces":{"east":{"uv":[5.8875,4.5125,6.6125,5.6125],"rotation":0,"texture":"#0","tintindex":0},"south":{"uv":[4.6375,5.8875,5.3625,6.9875],"rotation":0,"texture":"#0","tintindex":0},"north":{"uv":[0.0125,5.8875,0.7375,6.9875],"rotation":0,"texture":"#0","tintindex":0},"west":{"uv":[5.3875,5.8875,6.1125,6.9875],"rotation":0,"texture":"#0","tintindex":0},"up":{"uv":[6.8625,2.4875,6.1375,1.7625],"rotation":0,"texture":"#0","tintindex":0},"down":{"uv":[3.3625,6.5125,2.6375,7.2375],"rotation":0,"texture":"#0","tintindex":0}}}],"display":{"head":{"translation":[0.0,-6.4,0.0],"scale":[4.0,4.0,4.0]}}}