{"textures":{"0":"modelengine:entity/elk"},"elements":[{"from":[7.1714287,5.2291102,7.5714283],"to":[8.885715,6.3719673,9.285714],"rotation":{"angle":0.0,"axis":"y","origin":[8.0,4.086253,8.428572]},"faces":{"east":{"uv":[8.3625,7.6375,8.0125,7.8625],"rotation":0,"texture":"#0","tintindex":0},"south":{"uv":[8.3625,4.1375,8.0125,4.3625],"rotation":0,"texture":"#0","tintindex":0},"north":{"uv":[8.3625,3.6375,8.0125,3.8625],"rotation":0,"texture":"#0","tintindex":0},"west":{"uv":[8.3625,3.8875,8.0125,4.1125],"rotation":0,"texture":"#0","tintindex":0},"up":{"uv":[7.8875,5.4875,8.2375,5.1375],"rotation":0,"texture":"#0","tintindex":0},"down":{"uv":[7.8875,5.5125,8.2375,5.8625],"rotation":0,"texture":"#0","tintindex":0}}},{"from":[7.1142855,5.6441193,6.6278934],"to":[8.942857,6.786977,8.913608],"rotation":{"angle":22.5,"axis":"x","origin":[8.0,4.501262,8.056465]},"faces":{"east":{"uv":[8.3625,6.6375,7.8875,6.8625],"rotation":0,"texture":"#0","tintindex":0},"south":{"uv":[1.7375,6.2625,1.3875,6.4875],"rotation":0,"texture":"#0","tintindex":0},"north":{"uv":[6.2375,3.2625,5.8875,3.4875],"rotation":0,"texture":"#0","tintindex":0},"west":{"uv":[5.1125,5.6375,4.6375,5.8625],"rotation":0,"texture":"#0","tintindex":0},"up":{"uv":[0.0125,8.2375,0.3625,7.7625],"rotation":0,"texture":"#0","tintindex":0},"down":{"uv":[3.1375,7.7625,3.4875,8.2375],"rotation":0,"texture":"#0","tintindex":0}}},{"from":[7.1714287,6.2849727,8.008781],"to":[8.885715,7.9992585,9.723066],"rotation":{"angle":0.0,"axis":"y","origin":[5.428571,13.42783,4.5802097]},"faces":{"east":{"uv":[3.8625,7.8875,3.5125,8.2375],"rotation":0,"texture":"#0","tintindex":0},"south":{"uv":[2.9875,7.8875,2.6375,8.2375],"rotation":0,"texture":"#0","tintindex":0},"north":{"uv":[1.9875,7.8875,1.6375,8.2375],"rotation":0,"texture":"#0","tintindex":0},"west":{"uv":[2.3625,7.8875,2.0125,8.2375],"rotation":0,"texture":"#0","tintindex":0},"up":{"uv":[7.8875,4.7375,8.2375,4.3875],"rotation":0,"texture":"#0","tintindex":0},"down":{"uv":[7.8875,4.7625,8.2375,5.1125],"rotation":0,"texture":"#0","tintindex":0}}}],"display":{"head":{"translation":[0.0,-6.4,0.0],"scale":[4.0,4.0,4.0]}}}