{
	"credit": "Made with Blockbench",
	"texture_size": [64, 64],
	"textures": {
		"0": "blocks/test_sword_texture",
		"particle": "items/dragonsabreeffect"
	},
	"elements": [
		{
			"from": [-0.05309, 0, 2.8883],
			"to": [3.94691, 2, 3.8883],
			"rotation": {"angle": -22.5, "axis": "y", "origin": [10.94691, 8, 10.8883]},
			"faces": {
				"north": {"uv": [8.25003, 1.00003, 9.24997, 1.49997], "texture": "#0"},
				"south": {"uv": [8.25003, 1.50003, 9.24997, 1.99997], "texture": "#0"},
				"west": {"uv": [9.75003, 11.75003, 9.99997, 12.24997], "texture": "#0"},
				"up": {"uv": [10.99997, 0.49997, 10.00003, 0.25003], "texture": "#0"},
				"down": {"uv": [10.99997, 2.50003, 10.00003, 2.74997], "texture": "#0"}
			}
		},
		{
			"from": [-0.3231, 0.25, 3.8883],
			"to": [3.6769, 1.75, 4.1383],
			"rotation": {"angle": -22.5, "axis": "y", "origin": [10.94691, 8, 11.8883]},
			"faces": {
				"south": {"uv": [9.50003, 9.50003, 10.49997, 9.99997], "texture": "#0"},
				"west": {"uv": [11.25003, 12.25003, 11.49997, 12.74997], "texture": "#0"},
				"up": {"uv": [11.74997, 10.74997, 10.75003, 10.50003], "texture": "#0"},
				"down": {"uv": [9.99997, 11.00003, 9.00003, 11.24997], "texture": "#0"}
			}
		},
		{
			"from": [-0.3231, 0.25, -4.5383],
			"to": [3.6769, 1.75, -4.2883],
			"rotation": {"angle": 22.5, "axis": "y", "origin": [10.94691, -6, -12.8883]},
			"faces": {
				"north": {"uv": [9.50003, 8.00003, 10.49997, 8.49997], "texture": "#0"},
				"east": {"uv": [12.25003, 12.25003, 12.49997, 12.74997], "texture": "#0"},
				"west": {"uv": [12.25003, 0.50003, 12.49997, 0.99997], "texture": "#0"},
				"up": {"uv": [11.99997, 2.74997, 11.00003, 2.50003], "texture": "#0"},
				"down": {"uv": [11.99997, 2.75003, 11.00003, 2.99997], "texture": "#0"}
			}
		},
		{
			"from": [10.71529, 0.25, 3.8883],
			"to": [14.71529, 1.75, 4.1383],
			"rotation": {"angle": 22.5, "axis": "y", "origin": [3.44527, 8, 11.8883]},
			"faces": {
				"east": {"uv": [11.75003, 12.25003, 11.99997, 12.74997], "texture": "#0"},
				"south": {"uv": [9.50003, 3.00003, 10.49997, 3.49997], "texture": "#0"},
				"up": {"uv": [11.99997, 11.24997, 11.00003, 11.00003], "texture": "#0"},
				"down": {"uv": [11.99997, 0.25003, 11.00003, 0.49997], "texture": "#0"}
			}
		},
		{
			"from": [10.71529, 0.25, -4.5383],
			"to": [14.71529, 1.75, -4.2883],
			"rotation": {"angle": -22.5, "axis": "y", "origin": [3.44527, -6, -12.8883]},
			"faces": {
				"north": {"uv": [9.50003, 9.00003, 10.49997, 9.49997], "texture": "#0"},
				"east": {"uv": [12.25003, 2.00003, 12.49997, 2.49997], "texture": "#0"},
				"south": {"uv": [2.50003, 9.75003, 3.49997, 10.24997], "texture": "#0"},
				"west": {"uv": [12.25003, 2.50003, 12.49997, 2.99997], "texture": "#0"},
				"up": {"uv": [11.99997, 3.74997, 11.00003, 3.50003], "texture": "#0"},
				"down": {"uv": [11.99997, 3.75003, 11.00003, 3.99997], "texture": "#0"}
			}
		},
		{
			"from": [9, 0, -4],
			"to": [13, 2, -3],
			"rotation": {"angle": 22.5, "axis": "y", "origin": [20, 8, 4]},
			"faces": {
				"north": {"uv": [8.50003, 8.50003, 9.49997, 8.99997], "texture": "#0"},
				"east": {"uv": [11.75003, 11.75003, 11.99997, 12.24997], "texture": "#0"},
				"south": {"uv": [8.50003, 2.00003, 9.49997, 2.49997], "texture": "#0"},
				"up": {"uv": [10.99997, 2.99997, 10.00003, 2.75003], "texture": "#0"},
				"down": {"uv": [10.99997, 3.50003, 10.00003, 3.74997], "texture": "#0"}
			}
		},
		{
			"from": [2.87707, 0, 1.35757],
			"to": [6.87707, 2, 2.35757],
			"rotation": {"angle": -22.5, "axis": "y", "origin": [13.87707, 8, 9.35757]},
			"faces": {
				"north": {"uv": [8.50003, 8.00003, 9.49997, 8.49997], "texture": "#0"},
				"south": {"uv": [8.50003, 9.00003, 9.49997, 9.49997], "texture": "#0"},
				"west": {"uv": [0.00003, 12.00003, 0.24997, 12.49997], "texture": "#0"},
				"up": {"uv": [10.99997, 3.99997, 10.00003, 3.75003], "texture": "#0"},
				"down": {"uv": [3.49997, 10.25003, 2.50003, 10.49997], "texture": "#0"}
			}
		},
		{
			"from": [6.06985, 0, -5.53073],
			"to": [10.06985, 2, -4.53073],
			"rotation": {"angle": 22.5, "axis": "y", "origin": [17.06985, 8, 2.46927]},
			"faces": {
				"north": {"uv": [9.00003, 2.50003, 9.99997, 2.99997], "texture": "#0"},
				"east": {"uv": [0.25003, 12.00003, 0.49997, 12.49997], "texture": "#0"},
				"south": {"uv": [2.50003, 9.25003, 3.49997, 9.74997], "texture": "#0"},
				"up": {"uv": [8.49997, 10.49997, 7.50003, 10.25003], "texture": "#0"},
				"down": {"uv": [10.49997, 10.25003, 9.50003, 10.49997], "texture": "#0"}
			}
		},
		{
			"from": [6.4, 0.5, -2.53073],
			"to": [7.9, 1.5, -0.53073],
			"rotation": {"angle": 0, "axis": "y", "origin": [15.06985, 8, -9.53073]},
			"faces": {
				"up": {"uv": [3.99997, 9.49997, 3.50003, 8.50003], "texture": "#0"},
				"down": {"uv": [7.99997, 9.25003, 7.50003, 10.24997], "texture": "#0"}
			}
		},
		{
			"from": [5.4, 0.62, 0.46927],
			"to": [8.9, 1.37, 23.46927],
			"rotation": {"angle": 0, "axis": "y", "origin": [15.06985, 8, -6.53073]},
			"faces": {
				"up": {"uv": [0.99997, 5.74997, 0.00003, 0.00003], "texture": "#0"},
				"down": {"uv": [1.99997, 1.00003, 1.00003, 6.74997], "texture": "#0"}
			}
		},
		{
			"from": [8.65, 0.5, 0.46927],
			"to": [8.9, 1.5, 21],
			"rotation": {"angle": 0, "axis": "y", "origin": [13.06985, 8, 4.46927]},
			"faces": {
				"south": {"uv": [10.75003, 12.25003, 11.24997, 12.49997], "texture": "#0"},
				"west": {"uv": [7.25003, 0.75003, 12.24997, 0.99997], "texture": "#0"},
				"up": {"uv": [2.49997, 6.99997, 2.00003, 2.00003], "texture": "#0"},
				"down": {"uv": [2.99997, 2.50003, 2.50003, 7.49997], "texture": "#0"}
			}
		},
		{
			"from": [5.4, 0.5, 0.46927],
			"to": [5.65, 1.5, 21],
			"rotation": {"angle": 0, "axis": "y", "origin": [0.93015, 8, 4.46927]},
			"faces": {
				"east": {"uv": [12.24997, 0.75003, 7.25003, 0.99997], "texture": "#0"},
				"south": {"uv": [11.24997, 12.25003, 10.75003, 12.49997], "texture": "#0"},
				"up": {"uv": [2.00003, 6.99997, 2.49997, 2.00003], "texture": "#0"},
				"down": {"uv": [2.50003, 2.50003, 2.99997, 7.49997], "texture": "#0"}
			}
		},
		{
			"from": [7.4, 0.5, 0.46927],
			"to": [8.9, 1.5, 20],
			"rotation": {"angle": 0, "axis": "y", "origin": [15.06985, 8, 4.46927]},
			"faces": {
				"south": {"uv": [10.75003, 12.25003, 11.24997, 12.49997], "texture": "#0"},
				"west": {"uv": [7.25003, 0.75003, 12.24997, 0.99997], "texture": "#0"},
				"up": {"uv": [2.49997, 6.99997, 2.00003, 2.00003], "texture": "#0"},
				"down": {"uv": [2.99997, 2.50003, 2.50003, 7.49997], "texture": "#0"}
			}
		},
		{
			"from": [7.4, 0.5, 20.46927],
			"to": [8.9, 1.5, 25],
			"rotation": {"angle": 0, "axis": "y", "origin": [15.06985, 8, 9.46927]},
			"faces": {
				"north": {"uv": [4.25003, 11.75003, 4.74997, 11.99997], "texture": "#0"},
				"west": {"uv": [9.75003, 6.75003, 10.99997, 6.99997], "texture": "#0"},
				"up": {"uv": [2.99997, 8.74997, 2.50003, 7.50003], "texture": "#0"},
				"down": {"uv": [3.49997, 8.00003, 3.00003, 9.24997], "texture": "#0"}
			}
		},
		{
			"from": [5.4, 0.5, 20.46927],
			"to": [6.9, 1.5, 25],
			"rotation": {"angle": 0, "axis": "y", "origin": [13.06985, 8, 9.46927]},
			"faces": {
				"north": {"uv": [12.25003, 5.75003, 12.74997, 5.99997], "texture": "#0"},
				"east": {"uv": [9.50003, 10.00003, 10.74997, 10.24997], "texture": "#0"},
				"up": {"uv": [7.99997, 9.24997, 7.50003, 8.00003], "texture": "#0"},
				"down": {"uv": [8.49997, 8.00003, 8.00003, 9.24997], "texture": "#0"}
			}
		},
		{
			"from": [-4.12122, 0.5, 19.30182],
			"to": [-3.62122, 1.5, 19.48182],
			"rotation": {"angle": 45, "axis": "y", "origin": [3.54863, 8, 4.77109]},
			"faces": {
				"north": {"uv": [12.25003, 5.75003, 12.74997, 5.99997], "texture": "#0"},
				"east": {"uv": [9.50003, 10.00003, 10.74997, 10.24997], "texture": "#0"},
				"up": {"uv": [7.99997, 9.24997, 7.50003, 8.00003], "texture": "#0"},
				"down": {"uv": [8.49997, 8.00003, 8.00003, 9.24997], "texture": "#0"}
			}
		},
		{
			"from": [17.92122, 0.5, 19.30182],
			"to": [18.42122, 1.5, 19.48182],
			"rotation": {"angle": -45, "axis": "y", "origin": [10.75137, 8, 4.77109]},
			"faces": {
				"north": {"uv": [12.74997, 5.75003, 12.25003, 5.99997], "texture": "#0"},
				"west": {"uv": [10.74997, 10.00003, 9.50003, 10.24997], "texture": "#0"},
				"up": {"uv": [7.50003, 9.24997, 7.99997, 8.00003], "texture": "#0"},
				"down": {"uv": [8.00003, 8.00003, 8.49997, 9.24997], "texture": "#0"}
			}
		},
		{
			"from": [20.90206, 0.5, 19.05882],
			"to": [21.40206, 1.5, 19.23882],
			"rotation": {"angle": -45, "axis": "y", "origin": [13.73221, 8, 4.52809]},
			"faces": {
				"north": {"uv": [12.74997, 5.75003, 12.25003, 5.99997], "texture": "#0"},
				"west": {"uv": [10.74997, 10.00003, 9.50003, 10.24997], "texture": "#0"},
				"up": {"uv": [7.50003, 9.24997, 7.99997, 8.00003], "texture": "#0"},
				"down": {"uv": [8.00003, 8.00003, 8.49997, 9.24997], "texture": "#0"}
			}
		},
		{
			"from": [-7.10206, 0.5, 19.05882],
			"to": [-6.60206, 1.5, 19.23882],
			"rotation": {"angle": 45, "axis": "y", "origin": [0.56779, 8, 4.52809]},
			"faces": {
				"north": {"uv": [12.25003, 5.75003, 12.74997, 5.99997], "texture": "#0"},
				"east": {"uv": [9.50003, 10.00003, 10.74997, 10.24997], "texture": "#0"},
				"up": {"uv": [7.99997, 9.24997, 7.50003, 8.00003], "texture": "#0"},
				"down": {"uv": [8.49997, 8.00003, 8.00003, 9.24997], "texture": "#0"}
			}
		},
		{
			"from": [5.4, 0.5, 0.46927],
			"to": [6.9, 1.5, 20],
			"rotation": {"angle": 0, "axis": "y", "origin": [13.06985, 8, 4.46927]},
			"faces": {
				"east": {"uv": [7.25003, 7.00003, 12.24997, 7.24997], "texture": "#0"},
				"south": {"uv": [12.25003, 5.50003, 12.74997, 5.74997], "texture": "#0"},
				"up": {"uv": [3.49997, 7.99997, 3.00003, 3.00003], "texture": "#0"},
				"down": {"uv": [3.99997, 3.50003, 3.50003, 8.49997], "texture": "#0"}
			}
		},
		{
			"from": [5.37186, 0.5, 27.81152],
			"to": [6.87186, 1.5, 31.34226],
			"rotation": {"angle": -45, "axis": "y", "origin": [13.04171, 8, 28.20509]},
			"faces": {
				"north": {"uv": [12.25003, 3.00003, 12.74997, 3.24997], "texture": "#0"},
				"east": {"uv": [11.00003, 4.75003, 11.99997, 4.99997], "texture": "#0"},
				"south": {"uv": [12.25003, 3.25003, 12.74997, 3.49997], "texture": "#0"},
				"west": {"uv": [11.00003, 6.50003, 11.99997, 6.74997], "texture": "#0"},
				"up": {"uv": [3.99997, 10.49997, 3.50003, 9.50003], "texture": "#0"},
				"down": {"uv": [10.24997, 1.00003, 9.75003, 1.99997], "texture": "#0"}
			}
		},
		{
			"from": [4.91224, 0.88, 30.81152],
			"to": [8.01224, 1.13, 31.34226],
			"rotation": {"angle": -45, "axis": "y", "origin": [12.58209, 8.29038, 28.20509]},
			"faces": {
				"north": {"uv": [11.25003, 1.75003, 11.99997, 1.99997], "texture": "#0"},
				"east": {"uv": [12.50003, 6.50003, 12.74997, 6.74997], "texture": "#0"},
				"south": {"uv": [11.25003, 4.00003, 11.99997, 4.24997], "texture": "#0"},
				"west": {"uv": [12.50003, 6.75003, 12.74997, 6.99997], "texture": "#0"}
			}
		},
		{
			"from": [6.34045, 0.88, 31.02365],
			"to": [9.44045, 1.13, 31.55439],
			"rotation": {"angle": 45, "axis": "y", "origin": [1.4706, 8.20076, 28.41722]},
			"faces": {
				"north": {"uv": [11.25003, 7.75003, 11.99997, 7.99997], "texture": "#0"},
				"east": {"uv": [12.50003, 7.00003, 12.74997, 7.24997], "texture": "#0"},
				"south": {"uv": [7.50003, 11.50003, 8.24997, 11.74997], "texture": "#0"},
				"west": {"uv": [12.50003, 7.25003, 12.74997, 7.49997], "texture": "#0"}
			}
		},
		{
			"from": [8.79371, 0.63, 0.9],
			"to": [9.32444, 0.88, 25],
			"rotation": {"angle": 0, "axis": "y", "origin": [6.18728, 7.95076, 29.86985]},
			"faces": {
				"east": {"uv": [2.50003, 2.00003, 8.49997, 2.24997], "texture": "#0"},
				"up": {"uv": [0.49997, 11.74997, 0.25003, 5.75003], "texture": "#0"},
				"down": {"uv": [0.74997, 5.75003, 0.50003, 11.74997], "texture": "#0"}
			}
		},
		{
			"from": [4.94038, 0.63, 0.9],
			"to": [5.47111, 0.88, 25],
			"rotation": {"angle": 0, "axis": "y", "origin": [8.07755, 7.95076, 29.86985]},
			"faces": {
				"west": {"uv": [4.00003, 3.75003, 9.99997, 3.99997], "texture": "#0"},
				"up": {"uv": [6.74997, 12.49997, 6.50003, 6.50003], "texture": "#0"},
				"down": {"uv": [1.24997, 6.75003, 1.00003, 12.74997], "texture": "#0"}
			}
		},
		{
			"from": [8.79371, 1.13, 0.9],
			"to": [9.32444, 1.38, 25],
			"rotation": {"angle": 0, "axis": "y", "origin": [6.18728, 8.20076, 29.86985]},
			"faces": {
				"east": {"uv": [3.00003, 2.50003, 8.99997, 2.74997], "texture": "#0"},
				"up": {"uv": [0.99997, 11.74997, 0.75003, 5.75003], "texture": "#0"},
				"down": {"uv": [5.99997, 5.75003, 5.75003, 11.74997], "texture": "#0"}
			}
		},
		{
			"from": [4.94038, 1.13, 0.9],
			"to": [5.47111, 1.38, 25],
			"rotation": {"angle": 0, "axis": "y", "origin": [8.07755, 8.20076, 29.86985]},
			"faces": {
				"west": {"uv": [3.50003, 3.25003, 9.49997, 3.49997], "texture": "#0"},
				"up": {"uv": [6.24997, 11.99997, 6.00003, 6.00003], "texture": "#0"},
				"down": {"uv": [6.49997, 6.25003, 6.25003, 12.24997], "texture": "#0"}
			}
		},
		{
			"from": [2.06067, 1.72824, 0.9],
			"to": [2.5914, 1.97824, 25],
			"rotation": {"angle": 22.5, "axis": "z", "origin": [5.19784, 8.799, 29.86985]},
			"faces": {
				"north": {"uv": [0.00003, 12.75003, 0.24997, 12.99997], "texture": "#0"},
				"south": {"uv": [0.25003, 12.75003, 0.49997, 12.99997], "texture": "#0"},
				"west": {"uv": [4.50003, 4.25003, 10.49997, 4.49997], "texture": "#0"},
				"up": {"uv": [1.49997, 12.74997, 1.25003, 6.75003], "texture": "#0"}
			}
		},
		{
			"from": [11.7086, 1.72824, 0.9],
			"to": [12.23933, 1.97824, 25],
			"rotation": {"angle": -22.5, "axis": "z", "origin": [9.10216, 8.799, 29.86985]},
			"faces": {
				"north": {"uv": [1.50003, 12.75003, 1.74997, 12.99997], "texture": "#0"},
				"east": {"uv": [5.75003, 5.50003, 11.74997, 5.74997], "texture": "#0"},
				"south": {"uv": [1.75003, 12.75003, 1.99997, 12.99997], "texture": "#0"},
				"up": {"uv": [7.24997, 12.99997, 7.00003, 7.00003], "texture": "#0"}
			}
		},
		{
			"from": [7.37673, -1.03567, 0.9],
			"to": [7.90746, -0.78567, 25],
			"rotation": {"angle": -22.5, "axis": "z", "origin": [10.51389, 6.03509, 29.86985]},
			"faces": {
				"north": {"uv": [0.50003, 12.75003, 0.74997, 12.99997], "texture": "#0"},
				"south": {"uv": [0.75003, 12.75003, 0.99997, 12.99997], "texture": "#0"},
				"west": {"uv": [5.00003, 4.75003, 10.99997, 4.99997], "texture": "#0"},
				"down": {"uv": [6.99997, 6.75003, 6.75003, 12.74997], "texture": "#0"}
			}
		},
		{
			"from": [6.39254, -1.03567, 0.9],
			"to": [6.92327, -0.78567, 25],
			"rotation": {"angle": 22.5, "axis": "z", "origin": [3.78611, 6.03509, 29.86985]},
			"faces": {
				"north": {"uv": [1.00003, 12.75003, 1.24997, 12.99997], "texture": "#0"},
				"east": {"uv": [5.25003, 5.00003, 11.24997, 5.24997], "texture": "#0"},
				"south": {"uv": [1.25003, 12.75003, 1.49997, 12.99997], "texture": "#0"},
				"down": {"uv": [2.49997, 7.00003, 2.25003, 12.99997], "texture": "#0"}
			}
		},
		{
			"from": [6.34045, 0.58, 31.02365],
			"to": [9.44045, 0.88, 31.55439],
			"rotation": {"angle": 45, "axis": "y", "origin": [1.4706, 7.90076, 28.41722]},
			"faces": {
				"north": {"uv": [11.00003, 11.50003, 11.74997, 11.74997], "texture": "#0"},
				"east": {"uv": [12.50003, 7.50003, 12.74997, 7.74997], "texture": "#0"},
				"south": {"uv": [11.50003, 2.00003, 12.24997, 2.24997], "texture": "#0"},
				"west": {"uv": [12.50003, 7.75003, 12.74997, 7.99997], "texture": "#0"},
				"down": {"uv": [12.24997, 3.00003, 11.50003, 3.24997], "texture": "#0"}
			}
		},
		{
			"from": [4.82438, 0.58, 31.02365],
			"to": [7.92438, 0.88, 31.55439],
			"rotation": {"angle": -45, "axis": "y", "origin": [12.79423, 7.90076, 28.41722]},
			"faces": {
				"north": {"uv": [7.50003, 11.75003, 8.24997, 11.99997], "texture": "#0"},
				"east": {"uv": [12.50003, 9.00003, 12.74997, 9.24997], "texture": "#0"},
				"south": {"uv": [8.25003, 11.75003, 8.99997, 11.99997], "texture": "#0"},
				"west": {"uv": [12.50003, 9.25003, 12.74997, 9.49997], "texture": "#0"},
				"down": {"uv": [11.24997, 11.75003, 10.50003, 11.99997], "texture": "#0"}
			}
		},
		{
			"from": [6.34045, 1.13, 31.02365],
			"to": [9.44045, 1.43, 31.55439],
			"rotation": {"angle": 45, "axis": "y", "origin": [1.4706, 8.45076, 28.41722]},
			"faces": {
				"north": {"uv": [11.50003, 3.25003, 12.24997, 3.49997], "texture": "#0"},
				"east": {"uv": [12.50003, 8.00003, 12.74997, 8.24997], "texture": "#0"},
				"south": {"uv": [11.50003, 4.25003, 12.24997, 4.49997], "texture": "#0"},
				"west": {"uv": [12.50003, 8.25003, 12.74997, 8.49997], "texture": "#0"},
				"up": {"uv": [12.24997, 5.49997, 11.50003, 5.25003], "texture": "#0"}
			}
		},
		{
			"from": [4.82438, 1.13, 31.02365],
			"to": [7.92438, 1.43, 31.55439],
			"rotation": {"angle": -45, "axis": "y", "origin": [12.79423, 8.45076, 28.41722]},
			"faces": {
				"north": {"uv": [0.25003, 11.75003, 0.99997, 11.99997], "texture": "#0"},
				"east": {"uv": [12.50003, 8.50003, 12.74997, 8.74997], "texture": "#0"},
				"south": {"uv": [2.50003, 11.75003, 3.24997, 11.99997], "texture": "#0"},
				"west": {"uv": [12.50003, 8.75003, 12.74997, 8.99997], "texture": "#0"},
				"up": {"uv": [3.99997, 11.99997, 3.25003, 11.75003], "texture": "#0"}
			}
		},
		{
			"from": [-4.68189, 0.5, 21.36248],
			"to": [-3.18189, 1.5, 24.89321],
			"rotation": {"angle": 45, "axis": "y", "origin": [2.98796, 8, 10.36248]},
			"faces": {
				"north": {"uv": [12.25003, 3.50003, 12.74997, 3.74997], "texture": "#0"},
				"east": {"uv": [11.00003, 6.75003, 11.99997, 6.99997], "texture": "#0"},
				"south": {"uv": [12.25003, 3.75003, 12.74997, 3.99997], "texture": "#0"},
				"west": {"uv": [11.00003, 8.00003, 11.99997, 8.24997], "texture": "#0"},
				"up": {"uv": [8.99997, 10.99997, 8.50003, 10.00003], "texture": "#0"},
				"down": {"uv": [9.49997, 10.00003, 9.00003, 10.99997], "texture": "#0"}
			}
		},
		{
			"from": [-5.37839, 0.5, 25.05898],
			"to": [-4.39339, 1.5, 25.58971],
			"rotation": {"angle": 45, "axis": "y", "origin": [2.29146, 8, 11.05898]},
			"faces": {
				"north": {"uv": [12.50003, 2.00003, 12.74997, 2.24997], "texture": "#0"},
				"south": {"uv": [12.50003, 2.50003, 12.74997, 2.74997], "texture": "#0"},
				"west": {"uv": [12.50003, 2.75003, 12.74997, 2.99997], "texture": "#0"},
				"up": {"uv": [12.74997, 4.24997, 12.50003, 4.00003], "texture": "#0"},
				"down": {"uv": [12.74997, 6.25003, 12.50003, 6.49997], "texture": "#0"}
			}
		},
		{
			"from": [-3.56396, 0.5, 23.85908],
			"to": [-2.06396, 1.5, 24.38982],
			"rotation": {"angle": 45, "axis": "y", "origin": [4.10589, 8, 12.85908]},
			"faces": {
				"west": {"uv": [12.50003, 1.75003, 12.74997, 1.99997], "texture": "#0"},
				"up": {"uv": [12.74997, 4.99997, 12.25003, 4.75003], "texture": "#0"},
				"down": {"uv": [12.74997, 5.00003, 12.25003, 5.24997], "texture": "#0"}
			}
		},
		{
			"from": [6.4, 0.5, -6.53073],
			"to": [7.9, 1.5, -2.53073],
			"rotation": {"angle": 0, "axis": "y", "origin": [15.06985, 8, -13.53073]},
			"faces": {
				"up": {"uv": [8.49997, 10.24997, 8.00003, 9.25003], "texture": "#0"},
				"down": {"uv": [9.74997, 1.00003, 9.25003, 1.99997], "texture": "#0"}
			}
		},
		{
			"from": [6.4, 0.5, -8.53073],
			"to": [7.9, 1.5, -6.53073],
			"rotation": {"angle": 0, "axis": "y", "origin": [15.06985, 8, -17.53073]},
			"faces": {
				"up": {"uv": [2.99997, 9.24997, 2.50003, 8.75003], "texture": "#0"},
				"down": {"uv": [7.99997, 11.00003, 7.50003, 11.49997], "texture": "#0"}
			}
		},
		{
			"from": [6.1, 0.25, -9.53073],
			"to": [8.1, 1.75, -8.53073],
			"rotation": {"angle": 0, "axis": "y", "origin": [15.06985, 8, -19.53073]},
			"faces": {
				"north": {"uv": [8.00003, 11.00003, 8.49997, 11.49997], "texture": "#0"},
				"east": {"uv": [12.00003, 9.25003, 12.24997, 9.74997], "texture": "#0"},
				"south": {"uv": [8.50003, 11.00003, 8.99997, 11.49997], "texture": "#0"},
				"west": {"uv": [12.00003, 10.50003, 12.24997, 10.99997], "texture": "#0"},
				"up": {"uv": [12.49997, 7.49997, 12.00003, 7.25003], "texture": "#0"},
				"down": {"uv": [12.49997, 8.75003, 12.00003, 8.99997], "texture": "#0"}
			}
		},
		{
			"from": [-3.59828, 0.5, -12.94444],
			"to": [-2.19828, 1.5, -11.94444],
			"rotation": {"angle": 45, "axis": "y", "origin": [5.37157, 8, -22.94444]},
			"faces": {
				"north": {"uv": [8.25003, 12.50003, 8.49997, 12.74997], "texture": "#0"},
				"east": {"uv": [8.50003, 12.50003, 8.74997, 12.74997], "texture": "#0"},
				"up": {"uv": [9.49997, 12.74997, 9.25003, 12.50003], "texture": "#0"},
				"down": {"uv": [9.74997, 12.50003, 9.50003, 12.74997], "texture": "#0"}
			}
		},
		{
			"from": [16.22254, 0.5, -12.52018],
			"to": [17.62254, 1.5, -11.52018],
			"rotation": {"angle": -45, "axis": "y", "origin": [9.25269, 8, -22.52018]},
			"faces": {
				"north": {"uv": [9.75003, 12.50003, 9.99997, 12.74997], "texture": "#0"},
				"west": {"uv": [10.50003, 12.50003, 10.74997, 12.74997], "texture": "#0"},
				"up": {"uv": [10.99997, 12.74997, 10.75003, 12.50003], "texture": "#0"},
				"down": {"uv": [11.24997, 12.50003, 11.00003, 12.74997], "texture": "#0"}
			}
		},
		{
			"from": [9.89221, -6.92322, -9.53073],
			"to": [11.39221, -6.42322, -8.53073],
			"rotation": {"angle": -45, "axis": "z", "origin": [18.86206, -0.17322, -19.53073]},
			"faces": {
				"north": {"uv": [4.00003, 12.25003, 4.49997, 12.49997], "texture": "#0"},
				"east": {"uv": [6.50003, 12.50003, 6.74997, 12.74997], "texture": "#0"},
				"south": {"uv": [5.00003, 12.25003, 5.49997, 12.49997], "texture": "#0"},
				"up": {"uv": [5.99997, 12.49997, 5.50003, 12.25003], "texture": "#0"},
				"down": {"uv": [6.49997, 12.25003, 6.00003, 12.49997], "texture": "#0"}
			}
		},
		{
			"from": [2.80779, -6.92322, -9.53073],
			"to": [4.30779, -6.42322, -8.53073],
			"rotation": {"angle": 45, "axis": "z", "origin": [-4.66206, -0.17322, -19.53073]},
			"faces": {
				"north": {"uv": [12.00003, 11.75003, 12.49997, 11.99997], "texture": "#0"},
				"south": {"uv": [2.50003, 12.25003, 2.99997, 12.49997], "texture": "#0"},
				"west": {"uv": [6.25003, 12.50003, 6.49997, 12.74997], "texture": "#0"},
				"up": {"uv": [3.49997, 12.49997, 3.00003, 12.25003], "texture": "#0"},
				"down": {"uv": [3.99997, 12.25003, 3.50003, 12.49997], "texture": "#0"}
			}
		},
		{
			"from": [0.69982, 4.61561, -9.53073],
			"to": [2.19982, 5.11561, -8.53073],
			"rotation": {"angle": 45, "axis": "z", "origin": [9.66967, 11.36561, -19.53073]},
			"faces": {
				"north": {"uv": [7.50003, 12.25003, 7.99997, 12.49997], "texture": "#0"},
				"east": {"uv": [7.75003, 12.50003, 7.99997, 12.74997], "texture": "#0"},
				"south": {"uv": [8.00003, 12.25003, 8.49997, 12.49997], "texture": "#0"},
				"up": {"uv": [9.49997, 12.49997, 9.00003, 12.25003], "texture": "#0"},
				"down": {"uv": [10.24997, 12.25003, 9.75003, 12.49997], "texture": "#0"}
			}
		},
		{
			"from": [12.00018, 4.61561, -9.53073],
			"to": [13.50018, 5.11561, -8.53073],
			"rotation": {"angle": -45, "axis": "z", "origin": [4.53033, 11.36561, -19.53073]},
			"faces": {
				"north": {"uv": [12.00003, 9.75003, 12.49997, 9.99997], "texture": "#0"},
				"south": {"uv": [12.00003, 11.00003, 12.49997, 11.24997], "texture": "#0"},
				"west": {"uv": [5.75003, 12.50003, 5.99997, 12.74997], "texture": "#0"},
				"up": {"uv": [12.49997, 11.49997, 12.00003, 11.25003], "texture": "#0"},
				"down": {"uv": [12.49997, 11.50003, 12.00003, 11.74997], "texture": "#0"}
			}
		},
		{
			"from": [-1.62193, 4.79741, -2.53073],
			"to": [-0.97193, 5.29741, -0.53073],
			"rotation": {"angle": 45, "axis": "z", "origin": [7.29792, 12.29741, -9.53073]},
			"faces": {
				"south": {"uv": [12.25003, 8.50003, 12.49997, 8.74997], "texture": "#0"},
				"west": {"uv": [10.25003, 7.25003, 11.24997, 7.49997], "texture": "#0"},
				"up": {"uv": [4.24997, 11.24997, 4.00003, 10.25003], "texture": "#0"}
			}
		},
		{
			"from": [15.27193, 4.79741, -2.53073],
			"to": [15.92193, 5.29741, -0.53073],
			"rotation": {"angle": -45, "axis": "z", "origin": [7.00208, 12.29741, -9.53073]},
			"faces": {
				"east": {"uv": [10.50003, 3.00003, 11.49997, 3.24997], "texture": "#0"},
				"south": {"uv": [0.00003, 12.50003, 0.24997, 12.74997], "texture": "#0"},
				"up": {"uv": [3.24997, 11.74997, 3.00003, 10.75003], "texture": "#0"}
			}
		},
		{
			"from": [16.27193, 4.79741, 0.46927],
			"to": [16.92193, 5.29741, 25],
			"rotation": {"angle": -45, "axis": "z", "origin": [8.00208, 12.29741, -6.53073]},
			"faces": {
				"north": {"uv": [11.50003, 12.50003, 11.74997, 12.74997], "texture": "#0"},
				"east": {"uv": [1.00003, 0.00003, 7.24997, 0.24997], "texture": "#0"},
				"south": {"uv": [12.50003, 12.50003, 12.74997, 12.74997], "texture": "#0"},
				"west": {"uv": [1.00003, 0.25003, 7.24997, 0.49997], "texture": "#0"},
				"up": {"uv": [4.24997, 10.24997, 4.00003, 4.00003], "texture": "#0"}
			}
		},
		{
			"from": [-2.62193, 4.79741, 0.46927],
			"to": [-1.97193, 5.29741, 25],
			"rotation": {"angle": 45, "axis": "z", "origin": [6.29792, 12.29741, -6.53073]},
			"faces": {
				"north": {"uv": [12.50003, 0.50003, 12.74997, 0.74997], "texture": "#0"},
				"east": {"uv": [2.00003, 1.00003, 8.24997, 1.24997], "texture": "#0"},
				"south": {"uv": [12.50003, 0.75003, 12.74997, 0.99997], "texture": "#0"},
				"west": {"uv": [2.00003, 1.25003, 8.24997, 1.49997], "texture": "#0"},
				"up": {"uv": [5.24997, 11.24997, 5.00003, 5.00003], "texture": "#0"}
			}
		},
		{
			"from": [15.27193, 4.79741, -6.53073],
			"to": [15.92193, 5.29741, -2.53073],
			"rotation": {"angle": -45, "axis": "z", "origin": [7.00208, 12.29741, -13.53073]},
			"faces": {
				"east": {"uv": [7.50003, 10.75003, 8.49997, 10.99997], "texture": "#0"},
				"up": {"uv": [10.99997, 11.74997, 10.75003, 10.75003], "texture": "#0"}
			}
		},
		{
			"from": [15.27193, 4.79741, -8.53073],
			"to": [15.92193, 5.29741, -6.53073],
			"rotation": {"angle": -45, "axis": "z", "origin": [7.00208, 12.29741, -17.53073]},
			"faces": {
				"north": {"uv": [4.25003, 12.50003, 4.49997, 12.74997], "texture": "#0"},
				"east": {"uv": [12.00003, 1.75003, 12.49997, 1.99997], "texture": "#0"},
				"up": {"uv": [12.24997, 5.24997, 12.00003, 4.75003], "texture": "#0"}
			}
		},
		{
			"from": [-1.62193, 4.79741, -6.53073],
			"to": [-0.97193, 5.29741, -2.53073],
			"rotation": {"angle": 45, "axis": "z", "origin": [7.29792, 12.29741, -13.53073]},
			"faces": {
				"west": {"uv": [9.50003, 10.50003, 10.49997, 10.74997], "texture": "#0"},
				"up": {"uv": [10.74997, 11.49997, 10.50003, 10.50003], "texture": "#0"}
			}
		},
		{
			"from": [-1.62193, 4.79741, -8.53073],
			"to": [-0.97193, 5.29741, -6.53073],
			"rotation": {"angle": 45, "axis": "z", "origin": [7.29792, 12.29741, -17.53073]},
			"faces": {
				"north": {"uv": [3.25003, 12.50003, 3.49997, 12.74997], "texture": "#0"},
				"west": {"uv": [12.00003, 1.00003, 12.49997, 1.24997], "texture": "#0"},
				"up": {"uv": [9.74997, 12.49997, 9.50003, 12.00003], "texture": "#0"}
			}
		},
		{
			"from": [8.63112, -7.54437, -2.53073],
			"to": [9.28112, -7.04437, -0.53073],
			"rotation": {"angle": -45, "axis": "z", "origin": [17.55097, -0.04437, -9.53073]},
			"faces": {
				"south": {"uv": [12.25003, 9.25003, 12.49997, 9.49997], "texture": "#0"},
				"west": {"uv": [2.75003, 10.50003, 3.74997, 10.74997], "texture": "#0"},
				"down": {"uv": [4.49997, 10.50003, 4.25003, 11.49997], "texture": "#0"}
			}
		},
		{
			"from": [5.01888, -7.54437, -2.53073],
			"to": [5.66888, -7.04437, -0.53073],
			"rotation": {"angle": 45, "axis": "z", "origin": [-3.25097, -0.04437, -9.53073]},
			"faces": {
				"east": {"uv": [10.50003, 4.25003, 11.49997, 4.49997], "texture": "#0"},
				"south": {"uv": [0.50003, 12.50003, 0.74997, 12.74997], "texture": "#0"},
				"down": {"uv": [4.74997, 10.75003, 4.50003, 11.74997], "texture": "#0"}
			}
		},
		{
			"from": [6.01888, -7.54437, 0.46927],
			"to": [6.66888, -7.04437, 25],
			"rotation": {"angle": 45, "axis": "z", "origin": [-2.25097, -0.04437, -6.53073]},
			"faces": {
				"north": {"uv": [12.50003, 0.00003, 12.74997, 0.24997], "texture": "#0"},
				"east": {"uv": [1.00003, 0.50003, 7.24997, 0.74997], "texture": "#0"},
				"south": {"uv": [12.50003, 0.25003, 12.74997, 0.49997], "texture": "#0"},
				"west": {"uv": [1.00003, 0.75003, 7.24997, 0.99997], "texture": "#0"},
				"down": {"uv": [4.99997, 4.75003, 4.75003, 10.99997], "texture": "#0"}
			}
		},
		{
			"from": [7.63112, -7.54437, 0.46927],
			"to": [8.28112, -7.04437, 25],
			"rotation": {"angle": -45, "axis": "z", "origin": [16.55097, -0.04437, -6.53073]},
			"faces": {
				"north": {"uv": [12.50003, 1.00003, 12.74997, 1.24997], "texture": "#0"},
				"east": {"uv": [2.00003, 1.50003, 8.24997, 1.74997], "texture": "#0"},
				"south": {"uv": [12.50003, 1.25003, 12.74997, 1.49997], "texture": "#0"},
				"west": {"uv": [2.00003, 1.75003, 8.24997, 1.99997], "texture": "#0"},
				"down": {"uv": [0.24997, 5.75003, 0.00003, 11.99997], "texture": "#0"}
			}
		},
		{
			"from": [5.01888, -7.54437, -6.53073],
			"to": [5.66888, -7.04437, -2.53073],
			"rotation": {"angle": 45, "axis": "z", "origin": [-3.25097, -0.04437, -13.53073]},
			"faces": {
				"east": {"uv": [10.75003, 4.50003, 11.74997, 4.74997], "texture": "#0"},
				"down": {"uv": [4.99997, 11.00003, 4.75003, 11.99997], "texture": "#0"}
			}
		},
		{
			"from": [5.01888, -7.54437, -8.53073],
			"to": [5.66888, -7.04437, -6.53073],
			"rotation": {"angle": 45, "axis": "z", "origin": [-3.25097, -0.04437, -17.53073]},
			"faces": {
				"north": {"uv": [5.00003, 12.50003, 5.24997, 12.74997], "texture": "#0"},
				"east": {"uv": [12.00003, 6.50003, 12.49997, 6.74997], "texture": "#0"},
				"down": {"uv": [12.24997, 8.25003, 12.00003, 8.74997], "texture": "#0"}
			}
		},
		{
			"from": [8.63112, -7.54437, -8.53073],
			"to": [9.28112, -7.04437, -2.53073],
			"rotation": {"angle": -45, "axis": "z", "origin": [17.55097, -0.04437, -13.53073]},
			"faces": {
				"west": {"uv": [10.50003, 2.25003, 11.49997, 2.49997], "texture": "#0"},
				"down": {"uv": [2.99997, 10.75003, 2.75003, 11.74997], "texture": "#0"}
			}
		},
		{
			"from": [8.63112, -7.54437, -9.53073],
			"to": [9.28112, -7.04437, -8.53073],
			"rotation": {"angle": -45, "axis": "z", "origin": [17.55097, -0.04437, -19.53073]},
			"faces": {
				"north": {"uv": [3.75003, 12.50003, 3.99997, 12.74997], "texture": "#0"},
				"west": {"uv": [12.00003, 1.50003, 12.49997, 1.74997], "texture": "#0"},
				"down": {"uv": [12.24997, 3.50003, 12.00003, 3.99997], "texture": "#0"}
			}
		},
		{
			"from": [2.06985, 0.5, -1.2],
			"to": [12.56985, 1.5, 0.8],
			"rotation": {"angle": 0, "axis": "x", "origin": [1.06985, 8, -7.53073]},
			"faces": {
				"north": {"uv": [7.50003, 7.25003, 10.24997, 7.49997], "texture": "#0"},
				"south": {"uv": [7.50003, 7.75003, 10.24997, 7.99997], "texture": "#0"},
				"up": {"uv": [9.74997, 6.99997, 7.00003, 6.50003], "texture": "#0"},
				"down": {"uv": [9.99997, 0.00003, 7.25003, 0.49997], "texture": "#0"}
			}
		},
		{
			"from": [-0.2, -0.01, -4.3],
			"to": [0.8, 1.99, -3.3],
			"rotation": {"angle": 45, "axis": "y", "origin": [8.06985, 7, -10.29]},
			"faces": {
				"north": {"uv": [0.75003, 12.00003, 0.99997, 12.49997], "texture": "#0"},
				"east": {"uv": [4.75003, 12.00003, 4.99997, 12.49997], "texture": "#0"},
				"south": {"uv": [8.50003, 12.00003, 8.74997, 12.49997], "texture": "#0"},
				"west": {"uv": [8.75003, 12.00003, 8.99997, 12.49997], "texture": "#0"},
				"up": {"uv": [12.49997, 7.99997, 12.25003, 7.75003], "texture": "#0"},
				"down": {"uv": [12.49997, 8.00003, 12.25003, 8.24997], "texture": "#0"}
			}
		},
		{
			"from": [3.63327, 0.5, -3.96672],
			"to": [6.13327, 1.5, -2.96672],
			"rotation": {"angle": -22.5, "axis": "y", "origin": [-5.36673, 8, -11.29745]},
			"faces": {
				"north": {"uv": [11.00003, 10.00003, 11.74997, 10.24997], "texture": "#0"},
				"south": {"uv": [11.00003, 10.75003, 11.74997, 10.99997], "texture": "#0"},
				"west": {"uv": [2.50003, 11.50003, 2.74997, 11.74997], "texture": "#0"},
				"up": {"uv": [9.74997, 11.49997, 9.00003, 11.25003], "texture": "#0"},
				"down": {"uv": [11.74997, 11.25003, 11.00003, 11.49997], "texture": "#0"}
			}
		},
		{
			"from": [8.50643, 0.5, -3.96672],
			"to": [11.00643, 1.5, -2.96672],
			"rotation": {"angle": 22.5, "axis": "y", "origin": [20.00643, 8, -11.29745]},
			"faces": {
				"north": {"uv": [11.25003, 0.00003, 11.99997, 0.24997], "texture": "#0"},
				"east": {"uv": [5.25003, 11.50003, 5.49997, 11.74997], "texture": "#0"},
				"south": {"uv": [11.25003, 1.00003, 11.99997, 1.24997], "texture": "#0"},
				"up": {"uv": [11.99997, 1.49997, 11.25003, 1.25003], "texture": "#0"},
				"down": {"uv": [11.99997, 1.50003, 11.25003, 1.74997], "texture": "#0"}
			}
		},
		{
			"from": [-2.36012, 0.5, 3.75888],
			"to": [0.13988, 1.5, 4.75888],
			"rotation": {"angle": 22.5, "axis": "y", "origin": [-11.36012, 8, -3.57186]},
			"faces": {
				"north": {"uv": [2.50003, 12.00003, 2.99997, 12.24997], "texture": "#0"},
				"south": {"uv": [3.00003, 12.00003, 3.49997, 12.24997], "texture": "#0"},
				"west": {"uv": [4.25003, 11.50003, 4.49997, 11.74997], "texture": "#0"},
				"up": {"uv": [3.99997, 12.24997, 3.50003, 12.00003], "texture": "#0"},
				"down": {"uv": [4.74997, 12.00003, 4.25003, 12.24997], "texture": "#0"}
			}
		},
		{
			"from": [14.49981, 0.5, 3.75888],
			"to": [16.99981, 1.5, 4.75888],
			"rotation": {"angle": -22.5, "axis": "y", "origin": [25.99981, 8, -3.57186]},
			"faces": {
				"north": {"uv": [5.25003, 12.00003, 5.74997, 12.24997], "texture": "#0"},
				"east": {"uv": [12.25003, 6.25003, 12.49997, 6.49997], "texture": "#0"},
				"south": {"uv": [5.75003, 12.00003, 6.24997, 12.24997], "texture": "#0"},
				"up": {"uv": [7.99997, 12.24997, 7.50003, 12.00003], "texture": "#0"},
				"down": {"uv": [8.49997, 12.00003, 8.00003, 12.24997], "texture": "#0"}
			}
		}
	],
	"display": {
		"thirdperson_righthand": {
			"rotation": [-90, 0, -90],
			"translation": [3.5, 6, 2.75],
			"scale": [0.5, 0.5, 0.6]
		},
		"thirdperson_lefthand": {
			"rotation": [90, -180, 90],
			"translation": [3, 6, 1.25],
			"scale": [0.5, 0.5, 0.6]
		},
		"firstperson_righthand": {
			"rotation": [-90, 0, -90],
			"translation": [6.5, 8, 0],
			"scale": [0.5, 0.5, 0.6]
		},
		"firstperson_lefthand": {
			"rotation": [-90, 0, -90],
			"translation": [4.25, 7.25, 0],
			"scale": [0.5, 0.5, 0.6]
		},
		"ground": {
			"translation": [0, 3.5, 0],
			"scale": [0.5, 0.5, 0.6]
		},
		"gui": {
			"rotation": [90, 0, 0],
			"scale": [0.5, 0.5, 0.6]
		},
		"fixed": {
			"rotation": [90, 0, 0],
			"translation": [0, 0, 2.25],
			"scale": [0.5, 0.5, 0.6]
		}
	},
	"groups": [0, 1, 2, 3, 4, 5, 6, 7, 8, 9, 10, 11, 12, 13, 14, 15, 16, 17, 18, 19, 20, 21, 22, 23, 24, 25, 26, 27, 28, 29, 30, 31, 32, 33, 34, 35, 36, 37, 38, 39, 40, 41, 42, 43, 44, 45, 46, 47, 48, 49, 50, 51, 52, 53, 54, 55, 56, 57, 58, 59, 60, 61, 62, 63, 64, 65, 66, 67, 68,
		{
			"name": "octagon",
			"origin": [8, 8, 8],
			"children": []
		},
		{
			"name": "octagon",
			"origin": [8, 8, 8],
			"children": []
		}
	]
}