{"credit":"MadebyManningDesign","textures":{"0":"manningdesign:item/internationalflags/flag_pole_texture","1":"manningdesign:item/internationalflags/greenland_flag_texture","particle":"manningdesign:item/internationalflags/flag_pole_texture"},"elements":[{"from":[7.25,1,7.25],"to":[8.75,3,8.75],"rotation":{"angle":0,"axis":"y","origin":[16,0,0]},"faces":{"north":{"uv":[2,3,3,4],"texture":"#0"},"east":{"uv":[3,3,4,4],"texture":"#0"},"south":{"uv":[3.5,0,4.5,1],"texture":"#0"},"west":{"uv":[3.5,1,4.5,2],"texture":"#0"},"up":{"uv":[4.5,3,3.5,2],"texture":"#0"},"down":{"uv":[3,4,2,5],"texture":"#0"}}},{"from":[6.5,0,6.5],"to":[9.5,1,9.5],"rotation":{"angle":0,"axis":"y","origin":[16,0,0]},"faces":{"north":{"uv":[4.5,1,6,1.5],"texture":"#0"},"east":{"uv":[4.5,1.5,6,2],"texture":"#0"},"south":{"uv":[4.5,2,6,2.5],"texture":"#0"},"west":{"uv":[4.5,2.5,6,3],"texture":"#0"},"up":{"uv":[3.5,1.5,2,0],"texture":"#0"},"down":{"uv":[3.5,1.5,2,3],"texture":"#0"}}},{"from":[7.50858,3,8.00931],"to":[8.50858,24,8.00931],"rotation":{"angle":45,"axis":"y","origin":[8.00858,13.5,8.00931]},"faces":{"north":{"uv":[0,0,0.5,10.5],"texture":"#0"},"east":{"uv":[0,0,0,10.5],"texture":"#0"},"south":{"uv":[0.5,0,1,10.5],"texture":"#0"},"west":{"uv":[0,0,0,10.5],"texture":"#0"},"up":{"uv":[0.5,0,0,0],"texture":"#0"},"down":{"uv":[0.5,0,0,0],"texture":"#0"}}},{"from":[7.00858,24,8.00931],"to":[9.00858,25.5,8.00931],"rotation":{"angle":-45,"axis":"y","origin":[8.00858,14.75,8.00931]},"faces":{"north":{"uv":[4,4,5,5],"texture":"#0"},"east":{"uv":[0,0,0,1],"texture":"#0"},"south":{"uv":[4.5,0,5.5,1],"texture":"#0"},"west":{"uv":[0,0,0,1],"texture":"#0"},"up":{"uv":[1,0,0,0],"texture":"#0"},"down":{"uv":[1,0,0,0],"texture":"#0"}}},{"from":[7.00858,24,8.00931],"to":[9.00858,25.5,8.00931],"rotation":{"angle":45,"axis":"y","origin":[8.00858,14.75,8.00931]},"faces":{"north":{"uv":[3,4,4,5],"texture":"#0"},"east":{"uv":[0,0,0,1],"texture":"#0"},"south":{"uv":[4,3,5,4],"texture":"#0"},"west":{"uv":[0,0,0,1],"texture":"#0"},"up":{"uv":[1,0,0,0],"texture":"#0"},"down":{"uv":[1,0,0,0],"texture":"#0"}}},{"from":[7.50858,3,8.00931],"to":[8.50858,24,8.00931],"rotation":{"angle":-45,"axis":"y","origin":[8.00858,13.5,8.00931]},"faces":{"north":{"uv":[1,0,1.5,10.5],"texture":"#0"},"east":{"uv":[0,0,0,10.5],"texture":"#0"},"south":{"uv":[1.5,0,2,10.5],"texture":"#0"},"west":{"uv":[0,0,0,10.5],"texture":"#0"},"up":{"uv":[0.5,0,0,0],"texture":"#0"},"down":{"uv":[0.5,0,0,0],"texture":"#0"}}},{"from":[-3.25,16,8.075],"to":[7.75,23,8.075],"rotation":{"angle":0,"axis":"y","origin":[16,0,0.075]},"faces":{"north":{"uv":[0,0,11,7],"texture":"#1"},"east":{"uv":[0,0,0,7],"texture":"#1"},"south":{"uv":[11,0,0,7],"texture":"#1"},"west":{"uv":[0,0,0,7],"texture":"#1"},"up":{"uv":[11,0,0,0],"texture":"#1"},"down":{"uv":[11,0,0,0],"texture":"#1"}}}],"gui_light":"front","display":{"thirdperson_righthand":{"rotation":[0,-128,0],"translation":[0.25,-2.5,1.5],"scale":[0.7,0.7,0.7]},"thirdperson_lefthand":{"rotation":[0,52,0],"translation":[0.25,-2.5,1.5],"scale":[0.7,0.7,0.7]},"firstperson_righthand":{"rotation":[-8,-70,0],"translation":[1.25,-6.5,4.5]},"firstperson_lefthand":{"rotation":[-7,96,0],"translation":[1.25,-6.5,4.5]},"ground":{"translation":[0,7.75,0],"scale":[0.85,0.85,0.85]},"gui":{"rotation":[17,-40,0],"translation":[1.25,-2.5,0],"scale":[0.5,0.5,0.5]},"head":{"translation":[0,-21.25,0],"scale":[2.76,2.76,2.76]},"fixed":{"translation":[3,-3.25,-1.25],"scale":[0.7,0.7,0.69]}}}