{"parent":"minecraft:block/glowstone","overrides":[{"predicate":{"custom_model_data":200000},"model":"blockus:auto_generated/blue_redstone_lamp_on"},{"predicate":{"custom_model_data":200001},"model":"blockus:auto_generated/brown_redstone_lamp_on"},{"predicate":{"custom_model_data":200002},"model":"blockus:auto_generated/cyan_redstone_lamp_on"},{"predicate":{"custom_model_data":200003},"model":"blockus:auto_generated/gray_redstone_lamp_on"},{"predicate":{"custom_model_data":200004},"model":"blockus:auto_generated/green_redstone_lamp_on"},{"predicate":{"custom_model_data":200005},"model":"blockus:auto_generated/light_blue_redstone_lamp_on"},{"predicate":{"custom_model_data":200006},"model":"blockus:auto_generated/light_gray_redstone_lamp_on"},{"predicate":{"custom_model_data":200007},"model":"blockus:auto_generated/lime_redstone_lamp_on"},{"predicate":{"custom_model_data":200008},"model":"blockus:auto_generated/magenta_redstone_lamp_on"},{"predicate":{"custom_model_data":200009},"model":"blockus:auto_generated/orange_redstone_lamp_on"},{"predicate":{"custom_model_data":200010},"model":"blockus:auto_generated/pink_redstone_lamp_on"},{"predicate":{"custom_model_data":200011},"model":"blockus:auto_generated/purple_redstone_lamp_on"},{"predicate":{"custom_model_data":200012},"model":"blockus:auto_generated/red_redstone_lamp_on"},{"predicate":{"custom_model_data":200013},"model":"blockus:auto_generated/white_redstone_lamp_on"},{"predicate":{"custom_model_data":200014},"model":"blockus:auto_generated/yellow_redstone_lamp_on"},{"predicate":{"custom_model_data":200015},"model":"blockus:auto_generated/soul_o_lantern"},{"predicate":{"custom_model_data":200016},"model":"blockus:auto_generated/blaze_block"},{"predicate":{"custom_model_data":200017},"model":"blockus:auto_generated/lantern_block"},{"predicate":{"custom_model_data":200018},"model":"blockus:auto_generated/rainbow_lamp_on"},{"predicate":{"custom_model_data":200019},"model":"blockus:auto_generated/soul_lantern_block"},{"predicate":{"custom_model_data":200020},"model":"minecraft:item/glowstone"}]}