{"parent":"minecraft:item/handheld","textures":{"layer0":"minecraft:item/iron_shovel"},"overrides":[{"predicate":{"custom_model_data":200000},"model":"terraria:auto_generated/copper_shovel"},{"predicate":{"custom_model_data":200001},"model":"terraria:auto_generated/tin_shovel"},{"predicate":{"custom_model_data":200002},"model":"terraria:auto_generated/lead_shovel"},{"predicate":{"custom_model_data":200003},"model":"terraria:auto_generated/silver_shovel"},{"predicate":{"custom_model_data":200004},"model":"terraria:auto_generated/tungsten_shovel"},{"predicate":{"custom_model_data":200005},"model":"terraria:auto_generated/platinum_shovel"},{"predicate":{"custom_model_data":200006},"model":"terraria:auto_generated/demonite_shovel"},{"predicate":{"custom_model_data":200007},"model":"terraria:auto_generated/meteorite_shovel"},{"predicate":{"custom_model_data":200008},"model":"terraria:auto_generated/hellstone_shovel"},{"predicate":{"custom_model_data":200009},"model":"terraria:auto_generated/cobalt_shovel"},{"predicate":{"custom_model_data":200010},"model":"terraria:auto_generated/palladium_shovel"},{"predicate":{"custom_model_data":200011},"model":"terraria:auto_generated/orichalcum_shovel"},{"predicate":{"custom_model_data":200012},"model":"terraria:auto_generated/mythril_shovel"},{"predicate":{"custom_model_data":200013},"model":"terraria:auto_generated/adamantite_shovel"},{"predicate":{"custom_model_data":200014},"model":"terraria:auto_generated/titanium_shovel"},{"predicate":{"custom_model_data":200015},"model":"terraria:auto_generated/chlorophyte_shovel"},{"predicate":{"custom_model_data":200016},"model":"terraria:auto_generated/luminite_shovel"},{"predicate":{"custom_model_data":200017},"model":"minecraft:item/iron_shovel"}]}