{"parent":"item/generated","textures":{"layer0":"item/leather_leggings","layer1":"item/leather_leggings_overlay"},"overrides":[{"predicate":{"custom_model_data":200000},"model":"iaalchemy:auto_generated/mysterious_leggings"},{"predicate":{"custom_model_data":200001},"model":"iasurvival:auto_generated/bronze_leggings"},{"predicate":{"custom_model_data":200002},"model":"iasurvival:auto_generated/dark_amethyst_leggings"},{"predicate":{"custom_model_data":200003},"model":"iasurvival:auto_generated/ruby_leggings"},{"predicate":{"custom_model_data":200004},"model":"iasurvival:auto_generated/obsidian_leggings"},{"predicate":{"custom_model_data":200005},"model":"terraria:auto_generated/copper_legs"},{"predicate":{"custom_model_data":200006},"model":"terraria:auto_generated/tin_legs"},{"predicate":{"custom_model_data":200007},"model":"terraria:auto_generated/lead_legs"},{"predicate":{"custom_model_data":200008},"model":"terraria:auto_generated/silver_legs"},{"predicate":{"custom_model_data":200009},"model":"terraria:auto_generated/tungsten_legs"},{"predicate":{"custom_model_data":200010},"model":"terraria:auto_generated/platinum_legs"},{"predicate":{"custom_model_data":200011},"model":"terraria:auto_generated/demonite_legs"},{"predicate":{"custom_model_data":200012},"model":"terraria:auto_generated/hellstone_legs"},{"predicate":{"custom_model_data":200013},"model":"terraria:auto_generated/meteorite_legs"},{"predicate":{"custom_model_data":200014},"model":"terraria:auto_generated/cobalt_legs"},{"predicate":{"custom_model_data":200015},"model":"terraria:auto_generated/palladium_legs"},{"predicate":{"custom_model_data":200016},"model":"terraria:auto_generated/mythril_legs"},{"predicate":{"custom_model_data":200017},"model":"terraria:auto_generated/orichalcum_legs"},{"predicate":{"custom_model_data":200018},"model":"terraria:auto_generated/adamantite_legs"},{"predicate":{"custom_model_data":200019},"model":"terraria:auto_generated/titanium_legs"},{"predicate":{"custom_model_data":200020},"model":"itemsadder:auto_generated/dark_ruby_legs"},{"predicate":{"custom_model_data":200021},"model":"bettermobs:auto_generated/amethyst_netherite_leggings"},{"predicate":{"custom_model_data":200022},"model":"bettermobs:auto_generated/amethyst_diamond_leggings"},{"predicate":{"custom_model_data":200023},"model":"bettermobs:auto_generated/amethyst_iron_leggings"},{"predicate":{"custom_model_data":200024},"model":"cosmetic_armors:auto_generated/galaxy_leggings"},{"predicate":{"custom_model_data":200025},"model":"minecraft:item/leather_leggings"}]}