{"parent":"minecraft:item/generated","textures":{"layer0":"minecraft:item/milk_bucket"},"overrides":[{"predicate":{"custom_model_data":200000},"model":"itembound:auto_generated/holy_water"},{"predicate":{"custom_model_data":200001},"model":"itembound:auto_generated/hot_chocolate"},{"predicate":{"custom_model_data":200002},"model":"itembound:auto_generated/icecream_chocolate"},{"predicate":{"custom_model_data":200003},"model":"itembound:auto_generated/icecream_neapolitan"},{"predicate":{"custom_model_data":200004},"model":"itembound:auto_generated/icecream_strawberry"},{"predicate":{"custom_model_data":200005},"model":"itembound:auto_generated/icecream_vanilla"},{"predicate":{"custom_model_data":200006},"model":"itembound:auto_generated/milkshake_chocolate"},{"predicate":{"custom_model_data":200007},"model":"itembound:auto_generated/milkshake_strawberry"},{"predicate":{"custom_model_data":200008},"model":"itembound:auto_generated/milkshake_vanilla"},{"predicate":{"custom_model_data":200009},"model":"itembound:auto_generated/milk_almond"},{"predicate":{"custom_model_data":200010},"model":"itembound:auto_generated/milk_chocolate"},{"predicate":{"custom_model_data":200011},"model":"itembound:auto_generated/milk_coconut"},{"predicate":{"custom_model_data":200012},"model":"itembound:auto_generated/milk_pumpkin"},{"predicate":{"custom_model_data":200013},"model":"itembound:auto_generated/milk_soy"},{"predicate":{"custom_model_data":200014},"model":"itembound:auto_generated/nigiri_eel"},{"predicate":{"custom_model_data":200015},"model":"itembound:auto_generated/nigiri_salmon"},{"predicate":{"custom_model_data":200016},"model":"itembound:auto_generated/nigiri_shrimp"},{"predicate":{"custom_model_data":200017},"model":"itembound:auto_generated/nigiri_squid"},{"predicate":{"custom_model_data":200018},"model":"itembound:auto_generated/nigiri_tuna"},{"predicate":{"custom_model_data":200019},"model":"itembound:auto_generated/pudding_butterscotch"},{"predicate":{"custom_model_data":200020},"model":"itembound:auto_generated/pudding_chocolate"},{"predicate":{"custom_model_data":200021},"model":"itembound:auto_generated/pudding_vanilla"},{"predicate":{"custom_model_data":200022},"model":"itembound:auto_generated/roe_salmon"},{"predicate":{"custom_model_data":200023},"model":"itembound:auto_generated/roe_urchin"},{"predicate":{"custom_model_data":200024},"model":"itembound:auto_generated/roll_avocado"},{"predicate":{"custom_model_data":200025},"model":"itembound:auto_generated/roll_kimbap"},{"predicate":{"custom_model_data":200026},"model":"itembound:auto_generated/roll_salmon"},{"predicate":{"custom_model_data":200027},"model":"itembound:auto_generated/roll_tuna"},{"predicate":{"custom_model_data":200028},"model":"itembound:auto_generated/sashimi_salmon"},{"predicate":{"custom_model_data":200029},"model":"itembound:auto_generated/sashimi_surf_clam"},{"predicate":{"custom_model_data":200030},"model":"itembound:auto_generated/sashimi_tuna"},{"predicate":{"custom_model_data":200031},"model":"itembound:auto_generated/sashimi_white_tuna"},{"predicate":{"custom_model_data":200032},"model":"itembound:auto_generated/yogurt"},{"predicate":{"custom_model_data":200033},"model":"minecraft:item/milk_bucket"}]}