{"parent":"minecraft:block/oak_planks","overrides":[{"predicate":{"custom_model_data":200000},"model":"forestry:auto_generated/avocado_planks"},{"predicate":{"custom_model_data":200001},"model":"forestry:auto_generated/banana_planks"},{"predicate":{"custom_model_data":200002},"model":"forestry:auto_generated/cherry_planks"},{"predicate":{"custom_model_data":200003},"model":"forestry:auto_generated/decaying_planks"},{"predicate":{"custom_model_data":200004},"model":"forestry:auto_generated/dragonfruit_planks"},{"predicate":{"custom_model_data":200005},"model":"forestry:auto_generated/guava_planks"},{"predicate":{"custom_model_data":200006},"model":"forestry:auto_generated/lemon_planks"},{"predicate":{"custom_model_data":200007},"model":"forestry:auto_generated/lime_planks"},{"predicate":{"custom_model_data":200008},"model":"forestry:auto_generated/mango_planks"},{"predicate":{"custom_model_data":200009},"model":"forestry:auto_generated/maple_planks"},{"predicate":{"custom_model_data":200010},"model":"forestry:auto_generated/nut_planks"},{"predicate":{"custom_model_data":200011},"model":"forestry:auto_generated/olive_planks"},{"predicate":{"custom_model_data":200012},"model":"forestry:auto_generated/orange_planks"},{"predicate":{"custom_model_data":200013},"model":"forestry:auto_generated/palm_planks"},{"predicate":{"custom_model_data":200014},"model":"forestry:auto_generated/passionfruit_planks"},{"predicate":{"custom_model_data":200015},"model":"forestry:auto_generated/peach_planks"},{"predicate":{"custom_model_data":200016},"model":"forestry:auto_generated/plum_planks"},{"predicate":{"custom_model_data":200017},"model":"forestry:auto_generated/prune_planks"},{"predicate":{"custom_model_data":200018},"model":"blockus:auto_generated/bamboo_planks"},{"predicate":{"custom_model_data":200019},"model":"blockus:auto_generated/charred_planks"},{"predicate":{"custom_model_data":200020},"model":"blockus:auto_generated/white_oak_planks"},{"predicate":{"custom_model_data":200021},"model":"blockus:auto_generated/acacia_barrel"},{"predicate":{"custom_model_data":200022},"model":"blockus:auto_generated/bamboo_barrel"},{"predicate":{"custom_model_data":200023},"model":"blockus:auto_generated/birch_barrel"},{"predicate":{"custom_model_data":200024},"model":"blockus:auto_generated/charred_barrel"},{"predicate":{"custom_model_data":200025},"model":"blockus:auto_generated/crimson_barrel"},{"predicate":{"custom_model_data":200026},"model":"blockus:auto_generated/dark_oak_barrel"},{"predicate":{"custom_model_data":200027},"model":"blockus:auto_generated/jungle_barrel"},{"predicate":{"custom_model_data":200028},"model":"blockus:auto_generated/oak_barrel"},{"predicate":{"custom_model_data":200029},"model":"blockus:auto_generated/warped_barrel"},{"predicate":{"custom_model_data":200030},"model":"blockus:auto_generated/white_oak_barrel"},{"predicate":{"custom_model_data":200031},"model":"blockus:auto_generated/acacia_timber_frame"},{"predicate":{"custom_model_data":200032},"model":"blockus:auto_generated/bamboo_timber_frame"},{"predicate":{"custom_model_data":200033},"model":"blockus:auto_generated/birch_timber_frame"},{"predicate":{"custom_model_data":200034},"model":"blockus:auto_generated/charred_timber_frame"},{"predicate":{"custom_model_data":200035},"model":"blockus:auto_generated/crimson_timber_frame"},{"predicate":{"custom_model_data":200036},"model":"blockus:auto_generated/dark_oak_timber_frame"},{"predicate":{"custom_model_data":200037},"model":"blockus:auto_generated/jungle_timber_frame"},{"predicate":{"custom_model_data":200038},"model":"blockus:auto_generated/oak_timber_frame"},{"predicate":{"custom_model_data":200039},"model":"blockus:auto_generated/spruce_timber_frame"},{"predicate":{"custom_model_data":200040},"model":"blockus:auto_generated/white_oak_timber_frame"},{"predicate":{"custom_model_data":200041},"model":"blockus:auto_generated/warped_timber_frame"},{"predicate":{"custom_model_data":200042},"model":"blockus:auto_generated/wooden_frame"},{"predicate":{"custom_model_data":200043},"model":"blockus:auto_generated/apple_crate"},{"predicate":{"custom_model_data":200044},"model":"blockus:auto_generated/beetroot_crate"},{"predicate":{"custom_model_data":200045},"model":"blockus:auto_generated/carrot_crate"},{"predicate":{"custom_model_data":200046},"model":"blockus:auto_generated/sweet_berries_crate"},{"predicate":{"custom_model_data":200047},"model":"blockus:auto_generated/cod_crate"},{"predicate":{"custom_model_data":200048},"model":"blockus:auto_generated/golden_apple_crate"},{"predicate":{"custom_model_data":200049},"model":"blockus:auto_generated/golden_carrot_crate"},{"predicate":{"custom_model_data":200050},"model":"blockus:auto_generated/potato_crate"},{"predicate":{"custom_model_data":200051},"model":"blockus:auto_generated/tropical_fish_crate"},{"predicate":{"custom_model_data":200052},"model":"blockus:auto_generated/salmon_crate"},{"predicate":{"custom_model_data":200053},"model":"blockus:auto_generated/pufferfish_crate"},{"predicate":{"custom_model_data":200054},"model":"blockus:auto_generated/acacia_small_logs"},{"predicate":{"custom_model_data":200055},"model":"blockus:auto_generated/birch_small_logs"},{"predicate":{"custom_model_data":200056},"model":"blockus:auto_generated/crimson_small_stems"},{"predicate":{"custom_model_data":200057},"model":"blockus:auto_generated/dark_oak_small_logs"},{"predicate":{"custom_model_data":200058},"model":"blockus:auto_generated/jungle_small_logs"},{"predicate":{"custom_model_data":200059},"model":"blockus:auto_generated/oak_small_logs"},{"predicate":{"custom_model_data":200060},"model":"blockus:auto_generated/spruce_small_logs"},{"predicate":{"custom_model_data":200061},"model":"blockus:auto_generated/warped_small_stems"},{"predicate":{"custom_model_data":200062},"model":"blockus:auto_generated/white_oak_small_logs"},{"predicate":{"custom_model_data":200063},"model":"blockus:auto_generated/blaze_pillar"},{"predicate":{"custom_model_data":200064},"model":"blockus:auto_generated/blue_glazed_terracotta_pillar"},{"predicate":{"custom_model_data":200065},"model":"blockus:auto_generated/bluestone_pillar"},{"predicate":{"custom_model_data":200066},"model":"blockus:auto_generated/brown_glazed_terracotta_pillar"},{"predicate":{"custom_model_data":200067},"model":"blockus:auto_generated/charred_nether_pillar"},{"predicate":{"custom_model_data":200068},"model":"blockus:auto_generated/cyan_glazed_terracotta_pillar"},{"predicate":{"custom_model_data":200069},"model":"blockus:auto_generated/end_stone_pillar"},{"predicate":{"custom_model_data":200070},"model":"blockus:auto_generated/gray_glazed_terracotta_pillar"},{"predicate":{"custom_model_data":200071},"model":"blockus:auto_generated/green_glazed_terracotta_pillar"},{"predicate":{"custom_model_data":200072},"model":"blockus:auto_generated/light_blue_glazed_terracotta_pillar"},{"predicate":{"custom_model_data":200073},"model":"blockus:auto_generated/light_gray_glazed_terracotta_pillar"},{"predicate":{"custom_model_data":200074},"model":"blockus:auto_generated/lime_glazed_terracotta_pillar"},{"predicate":{"custom_model_data":200075},"model":"blockus:auto_generated/limestone_pillar"},{"predicate":{"custom_model_data":200076},"model":"blockus:auto_generated/magenta_glazed_terracotta_pillar"},{"predicate":{"custom_model_data":200077},"model":"blockus:auto_generated/marble_pillar"},{"predicate":{"custom_model_data":200078},"model":"blockus:auto_generated/nether_pillar"},{"predicate":{"custom_model_data":200079},"model":"blockus:auto_generated/obsidian_pillar"},{"predicate":{"custom_model_data":200080},"model":"blockus:auto_generated/orange_glazed_terracotta_pillar"},{"predicate":{"custom_model_data":200081},"model":"blockus:auto_generated/pink_glazed_terracotta_pillar"},{"predicate":{"custom_model_data":200082},"model":"blockus:auto_generated/polished_andesite_pillar"},{"predicate":{"custom_model_data":200083},"model":"blockus:auto_generated/polished_blackstone_pillar"},{"predicate":{"custom_model_data":200084},"model":"blockus:auto_generated/polished_diorite_pillar"},{"predicate":{"custom_model_data":200085},"model":"blockus:auto_generated/polished_granite_pillar"},{"predicate":{"custom_model_data":200086},"model":"blockus:auto_generated/purpleglazedterracottapillar"},{"predicate":{"custom_model_data":200087},"model":"blockus:auto_generated/red_glazed_terracotta_pillar"},{"predicate":{"custom_model_data":200088},"model":"blockus:auto_generated/red_nether_pillar"},{"predicate":{"custom_model_data":200089},"model":"blockus:auto_generated/stone_bricks_pillar"},{"predicate":{"custom_model_data":200090},"model":"blockus:auto_generated/teal_nether_pillar"},{"predicate":{"custom_model_data":200091},"model":"blockus:auto_generated/white_glazed_terracotta_pillar"},{"predicate":{"custom_model_data":200092},"model":"blockus:auto_generated/yellow_glazed_terracotta_pillar"},{"predicate":{"custom_model_data":200093},"model":"blockus:auto_generated/asphalt"},{"predicate":{"custom_model_data":200094},"model":"blockus:auto_generated/blue_asphalt"},{"predicate":{"custom_model_data":200095},"model":"blockus:auto_generated/brown_asphalt"},{"predicate":{"custom_model_data":200096},"model":"blockus:auto_generated/cyan_asphalt"},{"predicate":{"custom_model_data":200097},"model":"blockus:auto_generated/gray_asphalt"},{"predicate":{"custom_model_data":200098},"model":"blockus:auto_generated/green_asphalt"},{"predicate":{"custom_model_data":200099},"model":"blockus:auto_generated/light_blue_asphalt"},{"predicate":{"custom_model_data":200100},"model":"blockus:auto_generated/light_gray_asphalt"},{"predicate":{"custom_model_data":200101},"model":"blockus:auto_generated/lime_asphalt"},{"predicate":{"custom_model_data":200102},"model":"blockus:auto_generated/magenta_asphalt"},{"predicate":{"custom_model_data":200103},"model":"blockus:auto_generated/orange_asphalt"},{"predicate":{"custom_model_data":200104},"model":"blockus:auto_generated/pink_asphalt"},{"predicate":{"custom_model_data":200105},"model":"blockus:auto_generated/purple_asphalt"},{"predicate":{"custom_model_data":200106},"model":"blockus:auto_generated/red_asphalt"},{"predicate":{"custom_model_data":200107},"model":"blockus:auto_generated/white_asphalt"},{"predicate":{"custom_model_data":200108},"model":"blockus:auto_generated/yellow_asphalt"},{"predicate":{"custom_model_data":200109},"model":"blockus:auto_generated/black_futurneo_block"},{"predicate":{"custom_model_data":200110},"model":"blockus:auto_generated/blue_futurneo_block"},{"predicate":{"custom_model_data":200111},"model":"blockus:auto_generated/brown_futurneo_block"},{"predicate":{"custom_model_data":200112},"model":"blockus:auto_generated/cyan_futurneo_block"},{"predicate":{"custom_model_data":200113},"model":"blockus:auto_generated/gray_bright_futurneo_block"},{"predicate":{"custom_model_data":200114},"model":"blockus:auto_generated/gray_futurneo_block"},{"predicate":{"custom_model_data":200115},"model":"blockus:auto_generated/green_futurneo_block"},{"predicate":{"custom_model_data":200116},"model":"blockus:auto_generated/light_blue_futurneo_block"},{"predicate":{"custom_model_data":200117},"model":"blockus:auto_generated/light_gray_futurneo_block"},{"predicate":{"custom_model_data":200118},"model":"blockus:auto_generated/lime_futurneo_block"},{"predicate":{"custom_model_data":200119},"model":"blockus:auto_generated/magenta_futurneo_block"},{"predicate":{"custom_model_data":200120},"model":"blockus:auto_generated/orange_futurneo_block"},{"predicate":{"custom_model_data":200121},"model":"blockus:auto_generated/pink_futurneo_block"},{"predicate":{"custom_model_data":200122},"model":"blockus:auto_generated/purple_futurneo_block"},{"predicate":{"custom_model_data":200123},"model":"blockus:auto_generated/red_futurneo_block"},{"predicate":{"custom_model_data":200124},"model":"blockus:auto_generated/white_futurneo_block"},{"predicate":{"custom_model_data":200125},"model":"blockus:auto_generated/yellow_futurneo_block"},{"predicate":{"custom_model_data":200126},"model":"blockus:auto_generated/black_blue_colored_tiles"},{"predicate":{"custom_model_data":200127},"model":"blockus:auto_generated/black_gray_colored_tiles"},{"predicate":{"custom_model_data":200128},"model":"blockus:auto_generated/black_red_colored_tiles"},{"predicate":{"custom_model_data":200129},"model":"blockus:auto_generated/black_white_colored_tiles"},{"predicate":{"custom_model_data":200130},"model":"blockus:auto_generated/blue_cyan_colored_tiles"},{"predicate":{"custom_model_data":200131},"model":"blockus:auto_generated/bluestone_tiles"},{"predicate":{"custom_model_data":200132},"model":"blockus:auto_generated/green_brown_colored_tiles"},{"predicate":{"custom_model_data":200133},"model":"blockus:auto_generated/green_orange_colored_tiles"},{"predicate":{"custom_model_data":200134},"model":"blockus:auto_generated/light_blue_white_colored_tiles"},{"predicate":{"custom_model_data":200135},"model":"blockus:auto_generated/light_blue_yellow_colored_tiles"},{"predicate":{"custom_model_data":200136},"model":"blockus:auto_generated/lime_yellow_colored_tiles"},{"predicate":{"custom_model_data":200137},"model":"blockus:auto_generated/magenta_black_colored_tiles"},{"predicate":{"custom_model_data":200138},"model":"blockus:auto_generated/pink_magenta_colored_tiles"},{"predicate":{"custom_model_data":200139},"model":"blockus:auto_generated/purple_blue_colored_tiles"},{"predicate":{"custom_model_data":200140},"model":"blockus:auto_generated/purple_orange_colored_tiles"},{"predicate":{"custom_model_data":200141},"model":"blockus:auto_generated/red_blue_colored_tiles"},{"predicate":{"custom_model_data":200142},"model":"blockus:auto_generated/red_white_colored_tiles"},{"predicate":{"custom_model_data":200143},"model":"blockus:auto_generated/zigzagged_andesite"},{"predicate":{"custom_model_data":200144},"model":"blockus:auto_generated/zigzagged_bricks"},{"predicate":{"custom_model_data":200145},"model":"blockus:auto_generated/zigzagged_charred_nether_bricks"},{"predicate":{"custom_model_data":200146},"model":"blockus:auto_generated/zigzagged_diorite"},{"predicate":{"custom_model_data":200147},"model":"blockus:auto_generated/zigzagged_end_stone_bricks"},{"predicate":{"custom_model_data":200148},"model":"blockus:auto_generated/zigzagged_granite"},{"predicate":{"custom_model_data":200149},"model":"blockus:auto_generated/zigzagged_nether_bricks"},{"predicate":{"custom_model_data":200150},"model":"blockus:auto_generated/zigzagged_polished_blackstone"},{"predicate":{"custom_model_data":200151},"model":"blockus:auto_generated/zigzagged_red_nether_bricks"},{"predicate":{"custom_model_data":200152},"model":"blockus:auto_generated/zigzagged_stone_bricks"},{"predicate":{"custom_model_data":200153},"model":"blockus:auto_generated/zigzagged_teal_nether_bricks"},{"predicate":{"custom_model_data":200154},"model":"blockus:auto_generated/chiseled_andesite_bricks"},{"predicate":{"custom_model_data":200155},"model":"blockus:auto_generated/chiseled_bluestone"},{"predicate":{"custom_model_data":200156},"model":"blockus:auto_generated/chiseled_diorite_bricks"},{"predicate":{"custom_model_data":200157},"model":"blockus:auto_generated/chiseled_end_stone_bricks"},{"predicate":{"custom_model_data":200158},"model":"blockus:auto_generated/chiseled_granite_bricks"},{"predicate":{"custom_model_data":200159},"model":"blockus:auto_generated/chiseled_limestone"},{"predicate":{"custom_model_data":200160},"model":"blockus:auto_generated/chiseled_marble"},{"predicate":{"custom_model_data":200161},"model":"blockus:auto_generated/chiseled_marble_pillar"},{"predicate":{"custom_model_data":200162},"model":"blockus:auto_generated/chiseled_purpur"},{"predicate":{"custom_model_data":200163},"model":"blockus:auto_generated/chiseled_soul_sandstone"},{"predicate":{"custom_model_data":200164},"model":"blockus:auto_generated/black_stone_bricks"},{"predicate":{"custom_model_data":200165},"model":"blockus:auto_generated/blue_stone_bricks"},{"predicate":{"custom_model_data":200166},"model":"blockus:auto_generated/brown_stone_bricks"},{"predicate":{"custom_model_data":200167},"model":"blockus:auto_generated/cracked_end_stone_bricks"},{"predicate":{"custom_model_data":200168},"model":"blockus:auto_generated/cyan_stone_bricks"},{"predicate":{"custom_model_data":200169},"model":"blockus:auto_generated/gray_stone_bricks"},{"predicate":{"custom_model_data":200170},"model":"blockus:auto_generated/green_stone_bricks"},{"predicate":{"custom_model_data":200171},"model":"blockus:auto_generated/light_blue_stone_bricks"},{"predicate":{"custom_model_data":200172},"model":"blockus:auto_generated/lime_stone_bricks"},{"predicate":{"custom_model_data":200173},"model":"blockus:auto_generated/magenta_stone_bricks"},{"predicate":{"custom_model_data":200174},"model":"blockus:auto_generated/orange_stone_bricks"},{"predicate":{"custom_model_data":200175},"model":"blockus:auto_generated/pink_stone_bricks"},{"predicate":{"custom_model_data":200176},"model":"blockus:auto_generated/purple_stone_bricks"},{"predicate":{"custom_model_data":200177},"model":"blockus:auto_generated/red_stone_bricks"},{"predicate":{"custom_model_data":200178},"model":"blockus:auto_generated/white_stone_bricks"},{"predicate":{"custom_model_data":200179},"model":"blockus:auto_generated/yellow_stone_bricks"},{"predicate":{"custom_model_data":200180},"model":"blockus:auto_generated/andesite_bricks"},{"predicate":{"custom_model_data":200181},"model":"blockus:auto_generated/bluestone_bricks"},{"predicate":{"custom_model_data":200182},"model":"blockus:auto_generated/bluestone_little_bricks"},{"predicate":{"custom_model_data":200183},"model":"blockus:auto_generated/charred_bricks"},{"predicate":{"custom_model_data":200184},"model":"blockus:auto_generated/charred_nether_bricks"},{"predicate":{"custom_model_data":200185},"model":"blockus:auto_generated/cracked_andesite_bricks"},{"predicate":{"custom_model_data":200186},"model":"blockus:auto_generated/cracked_diorite_bricks"},{"predicate":{"custom_model_data":200187},"model":"blockus:auto_generated/cracked_granite_bricks"},{"predicate":{"custom_model_data":200188},"model":"blockus:auto_generated/crimson_warty_blackstone_bricks"},{"predicate":{"custom_model_data":200189},"model":"blockus:auto_generated/diorite_bricks"},{"predicate":{"custom_model_data":200190},"model":"blockus:auto_generated/granite_bricks"},{"predicate":{"custom_model_data":200191},"model":"blockus:auto_generated/honeycomb_bricks"},{"predicate":{"custom_model_data":200192},"model":"blockus:auto_generated/large_bricks"},{"predicate":{"custom_model_data":200193},"model":"blockus:auto_generated/limestone_bricks"},{"predicate":{"custom_model_data":200194},"model":"blockus:auto_generated/marble_bricks"},{"predicate":{"custom_model_data":200195},"model":"blockus:auto_generated/obsidian_bricks"},{"predicate":{"custom_model_data":200196},"model":"blockus:auto_generated/purpur_bricks"},{"predicate":{"custom_model_data":200197},"model":"blockus:auto_generated/purpur_little_bricks"},{"predicate":{"custom_model_data":200198},"model":"blockus:auto_generated/quartz_bricks"},{"predicate":{"custom_model_data":200199},"model":"blockus:auto_generated/red_nether_bricks"},{"predicate":{"custom_model_data":200200},"model":"blockus:auto_generated/red_sandstone_bricks"},{"predicate":{"custom_model_data":200201},"model":"blockus:auto_generated/sandstone_bricks"},{"predicate":{"custom_model_data":200202},"model":"blockus:auto_generated/sandy_bricks"},{"predicate":{"custom_model_data":200203},"model":"blockus:auto_generated/small_red_sandstone_bricks"},{"predicate":{"custom_model_data":200204},"model":"blockus:auto_generated/small_sandstone_bricks"},{"predicate":{"custom_model_data":200205},"model":"blockus:auto_generated/small_soul_sandstone_bricks"},{"predicate":{"custom_model_data":200206},"model":"blockus:auto_generated/smooth_charred_nether_bricks"},{"predicate":{"custom_model_data":200207},"model":"blockus:auto_generated/smooth_nether_bricks"},{"predicate":{"custom_model_data":200208},"model":"blockus:auto_generated/smooth_red_nether_bricks"},{"predicate":{"custom_model_data":200209},"model":"blockus:auto_generated/smooth_teal_nether_bricks"},{"predicate":{"custom_model_data":200210},"model":"blockus:auto_generated/soaked_bricks"},{"predicate":{"custom_model_data":200211},"model":"blockus:auto_generated/soul_sandstone_bricks"},{"predicate":{"custom_model_data":200212},"model":"blockus:auto_generated/teal_nether_bricks"},{"predicate":{"custom_model_data":200213},"model":"blockus:auto_generated/warped_warty_blackstone_bricks"},{"predicate":{"custom_model_data":200214},"model":"blockus:auto_generated/andesite_circle_pavement"},{"predicate":{"custom_model_data":200215},"model":"blockus:auto_generated/diorite_circle_pavement"},{"predicate":{"custom_model_data":200216},"model":"blockus:auto_generated/granite_circle_pavement"},{"predicate":{"custom_model_data":200217},"model":"blockus:auto_generated/limestone_circle_pavement"},{"predicate":{"custom_model_data":200218},"model":"blockus:auto_generated/marble_circle_pavement"},{"predicate":{"custom_model_data":200219},"model":"blockus:auto_generated/netherrack_circle_pavement"},{"predicate":{"custom_model_data":200220},"model":"blockus:auto_generated/obsidian_circle_pavement"},{"predicate":{"custom_model_data":200221},"model":"blockus:auto_generated/polished_blackstone_circle_pavement"},{"predicate":{"custom_model_data":200222},"model":"blockus:auto_generated/prismarine_circle_pavement"},{"predicate":{"custom_model_data":200223},"model":"blockus:auto_generated/quartz_circle_pavement"},{"predicate":{"custom_model_data":200224},"model":"blockus:auto_generated/stone_circle_pavement"},{"predicate":{"custom_model_data":200225},"model":"blockus:auto_generated/black_shingles"},{"predicate":{"custom_model_data":200226},"model":"blockus:auto_generated/blue_shingles"},{"predicate":{"custom_model_data":200227},"model":"blockus:auto_generated/brown_shingles"},{"predicate":{"custom_model_data":200228},"model":"blockus:auto_generated/cyan_shingles"},{"predicate":{"custom_model_data":200229},"model":"blockus:auto_generated/gray_shingles"},{"predicate":{"custom_model_data":200230},"model":"blockus:auto_generated/green_shingles"},{"predicate":{"custom_model_data":200231},"model":"blockus:auto_generated/light_blue_shingles"},{"predicate":{"custom_model_data":200232},"model":"blockus:auto_generated/light_gray_shingles"},{"predicate":{"custom_model_data":200233},"model":"blockus:auto_generated/lime_shingles"},{"predicate":{"custom_model_data":200234},"model":"blockus:auto_generated/magenta_shingles"},{"predicate":{"custom_model_data":200235},"model":"blockus:auto_generated/orange_shingles"},{"predicate":{"custom_model_data":200236},"model":"blockus:auto_generated/pink_shingles"},{"predicate":{"custom_model_data":200237},"model":"blockus:auto_generated/purple_shingles"},{"predicate":{"custom_model_data":200238},"model":"blockus:auto_generated/red_shingles"},{"predicate":{"custom_model_data":200239},"model":"blockus:auto_generated/white_shingles"},{"predicate":{"custom_model_data":200240},"model":"blockus:auto_generated/yellow_shingles"},{"predicate":{"custom_model_data":200241},"model":"blockus:auto_generated/shingles"},{"predicate":{"custom_model_data":200242},"model":"blockus:auto_generated/bluestone_lines"},{"predicate":{"custom_model_data":200243},"model":"blockus:auto_generated/bluestone_squares"},{"predicate":{"custom_model_data":200244},"model":"blockus:auto_generated/burned_paper_block"},{"predicate":{"custom_model_data":200245},"model":"blockus:auto_generated/caution_block"},{"predicate":{"custom_model_data":200246},"model":"blockus:auto_generated/companion_cube"},{"predicate":{"custom_model_data":200247},"model":"blockus:auto_generated/cookie_block"},{"predicate":{"custom_model_data":200248},"model":"blockus:auto_generated/cut_soul_sandstone"},{"predicate":{"custom_model_data":200249},"model":"blockus:auto_generated/ender_block"},{"predicate":{"custom_model_data":200250},"model":"blockus:auto_generated/iron_plating"},{"predicate":{"custom_model_data":200251},"model":"blockus:auto_generated/love_block"},{"predicate":{"custom_model_data":200252},"model":"blockus:auto_generated/membrane_block"},{"predicate":{"custom_model_data":200253},"model":"blockus:auto_generated/paper_block"},{"predicate":{"custom_model_data":200254},"model":"blockus:auto_generated/paper_wall"},{"predicate":{"custom_model_data":200255},"model":"blockus:auto_generated/polished_end_stone"},{"predicate":{"custom_model_data":200256},"model":"blockus:auto_generated/polished_netherrack"},{"predicate":{"custom_model_data":200257},"model":"blockus:auto_generated/purpur_lines"},{"predicate":{"custom_model_data":200258},"model":"blockus:auto_generated/purpur_squares"},{"predicate":{"custom_model_data":200259},"model":"blockus:auto_generated/redstone_sand"},{"predicate":{"custom_model_data":200260},"model":"blockus:auto_generated/road_barrier"},{"predicate":{"custom_model_data":200261},"model":"blockus:auto_generated/rotten_flesh_block"},{"predicate":{"custom_model_data":200262},"model":"blockus:auto_generated/smooth_bluestone"},{"predicate":{"custom_model_data":200263},"model":"blockus:auto_generated/smoothpurpur"},{"predicate":{"custom_model_data":200264},"model":"blockus:auto_generated/sugar_block"},{"predicate":{"custom_model_data":200265},"model":"blockus:auto_generated/thatch"},{"predicate":{"custom_model_data":200266},"model":"blockus:auto_generated/weight_storage_cube"},{"predicate":{"custom_model_data":200267},"model":"blockus:auto_generated/white_oak_leaves"},{"predicate":{"custom_model_data":200268},"model":"blockus:auto_generated/bread_box"},{"predicate":{"custom_model_data":200269},"model":"blockus:auto_generated/chorus_block"},{"predicate":{"custom_model_data":200270},"model":"blockus:auto_generated/soul_sandstone"},{"predicate":{"custom_model_data":200271},"model":"blockus:auto_generated/white_oak_log"},{"predicate":{"custom_model_data":200272},"model":"blockus:auto_generated/stripped_white_oak_log"},{"predicate":{"custom_model_data":200273},"model":"blockus:auto_generated/blaze_bricks"},{"predicate":{"custom_model_data":200274},"model":"blockus:auto_generated/chiseled_lava_bricks"},{"predicate":{"custom_model_data":200275},"model":"blockus:auto_generated/chiseled_lava_polished_blackstone"},{"predicate":{"custom_model_data":200276},"model":"blockus:auto_generated/chiseled_water_bricks"},{"predicate":{"custom_model_data":200277},"model":"blockus:auto_generated/lava_bricks"},{"predicate":{"custom_model_data":200278},"model":"blockus:auto_generated/lava_polished_blackstone_bricks"},{"predicate":{"custom_model_data":200279},"model":"blockus:auto_generated/magma_bricks"},{"predicate":{"custom_model_data":200280},"model":"blockus:auto_generated/nether_stars_block"},{"predicate":{"custom_model_data":200281},"model":"blockus:auto_generated/rainbow_block"},{"predicate":{"custom_model_data":200282},"model":"blockus:auto_generated/rainbow_bricks"},{"predicate":{"custom_model_data":200283},"model":"blockus:auto_generated/rainbow_colored_tiles"},{"predicate":{"custom_model_data":200284},"model":"blockus:auto_generated/stars_block"},{"predicate":{"custom_model_data":200285},"model":"blockus:auto_generated/water_bricks"},{"predicate":{"custom_model_data":200286},"model":"minecraft:item/oak_planks"}]}