{"parent":"minecraft:item/generated","textures":{"layer0":"minecraft:item/totem_of_undying"},"overrides":[{"predicate":{"custom_model_data":200000},"model":"iaalchemy:auto_generated/arcane_ring"},{"predicate":{"custom_model_data":200001},"model":"itembound:auto_generated/fairy_blue"},{"predicate":{"custom_model_data":200002},"model":"itembound:auto_generated/fairy_green"},{"predicate":{"custom_model_data":200003},"model":"itembound:auto_generated/fairy_red"},{"predicate":{"custom_model_data":200004},"model":"itembound:auto_generated/fairy_yellow"},{"predicate":{"custom_model_data":200005},"model":"itembound:auto_generated/heart_container"},{"predicate":{"custom_model_data":200006},"model":"itembound:auto_generated/1up_green"},{"predicate":{"custom_model_data":200007},"model":"itembound:auto_generated/1up_red"},{"predicate":{"custom_model_data":200008},"model":"itembound:auto_generated/super_star"},{"predicate":{"custom_model_data":200009},"model":"minecraft:item/totem_of_undying"}]}