{"credit":"ByYassou,mail:yassou.pro.mc@gmail.com","texture_size":[128,128],"textures":{"3":"lootcrat_plus:normal/emerald_box"},"elements":[{"from":[7,0,7],"to":[10,9,8],"faces":{"north":{"uv":[7,6,8.125,6.375],"rotation":270,"texture":"#3"},"east":{"uv":[7.25,6,8.375,6.125],"rotation":270,"texture":"#3"},"south":{"uv":[7,6,8.125,6.375],"rotation":270,"texture":"#3"},"west":{"uv":[7.25,6,8.375,6.125],"rotation":270,"texture":"#3"},"up":{"uv":[8,4.5,8.125,4.625],"rotation":270,"texture":"#3"},"down":{"uv":[8,4.5,8.125,4.625],"rotation":270,"texture":"#3"}}},{"from":[6,0,7],"to":[7,1,8],"faces":{"north":{"uv":[8,4.5,8.125,4.625],"rotation":270,"texture":"#3"},"east":{"uv":[8,4.5,8.125,4.625],"rotation":270,"texture":"#3"},"south":{"uv":[8,4.5,8.125,4.625],"rotation":270,"texture":"#3"},"west":{"uv":[8,4.5,8.125,4.625],"rotation":270,"texture":"#3"},"up":{"uv":[8,4.5,8.125,4.625],"rotation":270,"texture":"#3"},"down":{"uv":[8,4.5,8.125,4.625],"rotation":270,"texture":"#3"}}},{"from":[4,2,7],"to":[7,3,8],"faces":{"north":{"uv":[8,4.5,8.125,4.875],"rotation":270,"texture":"#3"},"east":{"uv":[8,4.5,8.125,4.625],"rotation":270,"texture":"#3"},"south":{"uv":[8,4.5,8.125,4.875],"rotation":270,"texture":"#3"},"west":{"uv":[8,4.5,8.125,4.625],"rotation":270,"texture":"#3"},"up":{"uv":[8,4.5,8.125,4.875],"rotation":270,"texture":"#3"},"down":{"uv":[8,4.5,8.125,4.875],"rotation":270,"texture":"#3"}}},{"from":[4,4,7],"to":[7,5,8],"faces":{"north":{"uv":[8,4.5,8.125,4.875],"rotation":270,"texture":"#3"},"east":{"uv":[8,4.5,8.125,4.625],"rotation":270,"texture":"#3"},"south":{"uv":[8,4.5,8.125,4.875],"rotation":270,"texture":"#3"},"west":{"uv":[8,4.5,8.125,4.625],"rotation":270,"texture":"#3"},"up":{"uv":[8,4.5,8.125,4.875],"rotation":270,"texture":"#3"},"down":{"uv":[8,4.5,8.125,4.875],"rotation":270,"texture":"#3"}}},{"from":[2,12,6.8],"to":[5,19,8.2],"faces":{"north":{"uv":[8,4.5,8.375,5.375],"texture":"#3"},"east":{"uv":[0,0,0.125,0.125],"texture":"#3"},"south":{"uv":[8,4.5,8.375,5.375],"texture":"#3"},"west":{"uv":[0,0,0.125,0.125],"texture":"#3"},"up":{"uv":[0,0,0.625,0.125],"texture":"#3"},"down":{"uv":[0,0,0.625,0.125],"texture":"#3"}}},{"from":[12,12,6.8],"to":[15,19,8.2],"faces":{"north":{"uv":[8,4.5,8.375,5.375],"texture":"#3"},"east":{"uv":[0,0,0.125,0.125],"texture":"#3"},"south":{"uv":[8,4.5,8.375,5.375],"texture":"#3"},"west":{"uv":[0,0,0.125,0.125],"texture":"#3"},"up":{"uv":[0,0,0.625,0.125],"texture":"#3"},"down":{"uv":[0,0,0.625,0.125],"texture":"#3"}}},{"from":[12,19,6.8],"to":[13,20,8.2],"faces":{"north":{"uv":[8,4.5,8.125,4.625],"texture":"#3"},"east":{"uv":[0,0,0.175,0.125],"texture":"#3"},"south":{"uv":[8,4.5,8.125,4.625],"texture":"#3"},"west":{"uv":[0,0,0.175,0.125],"texture":"#3"},"up":{"uv":[0,0,0.125,0.175],"texture":"#3"},"down":{"uv":[0,0,0.125,0.175],"texture":"#3"}}},{"from":[9,17,6.8],"to":[10,18,8.2],"faces":{"north":{"uv":[8,4.5,8.125,4.625],"texture":"#3"},"east":{"uv":[0,0,0.175,0.125],"texture":"#3"},"south":{"uv":[8,4.5,8.125,4.625],"texture":"#3"},"west":{"uv":[0,0,0.175,0.125],"texture":"#3"},"up":{"uv":[0,0,0.125,0.175],"texture":"#3"},"down":{"uv":[0,0,0.125,0.175],"texture":"#3"}}},{"from":[7,17,6.8],"to":[8,18,8.2],"faces":{"north":{"uv":[8,4.5,8.125,4.625],"texture":"#3"},"east":{"uv":[0,0,0.175,0.125],"texture":"#3"},"south":{"uv":[8,4.5,8.125,4.625],"texture":"#3"},"west":{"uv":[0,0,0.175,0.125],"texture":"#3"},"up":{"uv":[0,0,0.125,0.175],"texture":"#3"},"down":{"uv":[0,0,0.125,0.175],"texture":"#3"}}},{"from":[7,13,6.8],"to":[8,14,8.2],"faces":{"north":{"uv":[8,4.5,8.125,4.625],"texture":"#3"},"east":{"uv":[0,0,0.175,0.125],"texture":"#3"},"south":{"uv":[8,4.5,8.125,4.625],"texture":"#3"},"west":{"uv":[0,0,0.175,0.125],"texture":"#3"},"up":{"uv":[0,0,0.125,0.175],"texture":"#3"},"down":{"uv":[0,0,0.125,0.175],"texture":"#3"}}},{"from":[9,13,6.8],"to":[10,14,8.2],"faces":{"north":{"uv":[8,4.5,8.125,4.625],"texture":"#3"},"east":{"uv":[0,0,0.175,0.125],"texture":"#3"},"south":{"uv":[8,4.5,8.125,4.625],"texture":"#3"},"west":{"uv":[0,0,0.175,0.125],"texture":"#3"},"up":{"uv":[0,0,0.125,0.175],"texture":"#3"},"down":{"uv":[0,0,0.125,0.175],"texture":"#3"}}},{"from":[4,19,6.8],"to":[5,20,8.2],"faces":{"north":{"uv":[8,4.5,8.125,4.625],"texture":"#3"},"east":{"uv":[0,0,0.175,0.125],"texture":"#3"},"south":{"uv":[8,4.5,8.125,4.625],"texture":"#3"},"west":{"uv":[0,0,0.175,0.125],"texture":"#3"},"up":{"uv":[0,0,0.125,0.175],"texture":"#3"},"down":{"uv":[0,0,0.125,0.175],"texture":"#3"}}},{"from":[4,11,6.8],"to":[5,12,8.2],"faces":{"north":{"uv":[8,4.5,8.125,4.625],"texture":"#3"},"east":{"uv":[0,0,0.175,0.125],"texture":"#3"},"south":{"uv":[8,4.5,8.125,4.625],"texture":"#3"},"west":{"uv":[0,0,0.175,0.125],"texture":"#3"},"up":{"uv":[0,0,0.125,0.175],"texture":"#3"},"down":{"uv":[0,0,0.125,0.175],"texture":"#3"}}},{"from":[12,11,6.8],"to":[13,12,8.2],"faces":{"north":{"uv":[8,4.5,8.125,4.625],"texture":"#3"},"east":{"uv":[0,0,0.175,0.125],"texture":"#3"},"south":{"uv":[8,4.5,8.125,4.625],"texture":"#3"},"west":{"uv":[0,0,0.175,0.125],"texture":"#3"},"up":{"uv":[0,0,0.125,0.175],"texture":"#3"},"down":{"uv":[0,0,0.125,0.175],"texture":"#3"}}},{"from":[5,19,6.8],"to":[12,22,8.2],"rotation":{"angle":0,"axis":"z","origin":[10.5,11.5,7.5]},"faces":{"north":{"uv":[8,4.5,8.375,5.375],"rotation":270,"texture":"#3"},"east":{"uv":[0,0,0.625,0.125],"rotation":270,"texture":"#3"},"south":{"uv":[8,4.5,8.375,5.375],"rotation":270,"texture":"#3"},"west":{"uv":[0,0,0.625,0.125],"rotation":270,"texture":"#3"},"up":{"uv":[0,0,0.125,0.125],"rotation":270,"texture":"#3"},"down":{"uv":[0,0,0.125,0.125],"rotation":270,"texture":"#3"}}},{"from":[5,9,6.8],"to":[12,12,8.2],"rotation":{"angle":0,"axis":"z","origin":[10.5,11.5,7.5]},"faces":{"north":{"uv":[8,4.5,8.375,5.375],"rotation":270,"texture":"#3"},"east":{"uv":[0,0,0.625,0.125],"rotation":270,"texture":"#3"},"south":{"uv":[8,4.5,8.375,5.375],"rotation":270,"texture":"#3"},"west":{"uv":[0,0,0.625,0.125],"rotation":270,"texture":"#3"},"up":{"uv":[0,0,0.125,0.125],"rotation":270,"texture":"#3"},"down":{"uv":[0,0,0.125,0.125],"rotation":270,"texture":"#3"}}},{"from":[5,14,6.8],"to":[12,15,8.2],"rotation":{"angle":0,"axis":"z","origin":[10.5,11.5,7.5]},"faces":{"north":{"uv":[8,4.5,8.125,5.125],"rotation":270,"texture":"#3"},"east":{"uv":[8,4.5,8.125,5.125],"rotation":270,"texture":"#3"},"south":{"uv":[8,4.5,8.125,5.125],"rotation":270,"texture":"#3"},"west":{"uv":[8,4.5,8.125,5.125],"rotation":270,"texture":"#3"},"up":{"uv":[8,4.5,8.125,5.125],"rotation":270,"texture":"#3"},"down":{"uv":[0,0,0.175,0.625],"rotation":270,"texture":"#3"}}},{"from":[5,16,6.8],"to":[12,17,8.2],"rotation":{"angle":0,"axis":"z","origin":[10.5,11.5,7.5]},"faces":{"north":{"uv":[8,4.5,8.125,5.125],"rotation":270,"texture":"#3"},"east":{"uv":[8,4.5,8.125,5.125],"rotation":270,"texture":"#3"},"south":{"uv":[8,4.5,8.125,5.125],"rotation":270,"texture":"#3"},"west":{"uv":[8,4.5,8.125,5.125],"rotation":270,"texture":"#3"},"up":{"uv":[8,4.5,8.125,5.125],"rotation":270,"texture":"#3"},"down":{"uv":[0,0,0.175,0.625],"rotation":270,"texture":"#3"}}},{"from":[8,12,6.7],"to":[9,19,8.3],"rotation":{"angle":0,"axis":"z","origin":[8.5,15.5,7.5]},"faces":{"north":{"uv":[8,4.5,8.125,5.125],"texture":"#3"},"east":{"uv":[0,0,0.175,0.625],"rotation":180,"texture":"#3"},"south":{"uv":[8,4.5,8.125,5.125],"rotation":180,"texture":"#3"},"west":{"uv":[8,4.5,8.125,5.125],"rotation":180,"texture":"#3"},"up":{"uv":[8,4.5,8.125,5.125],"rotation":180,"texture":"#3"},"down":{"uv":[8,4.5,8.125,5.125],"rotation":180,"texture":"#3"}}}],"display":{"thirdperson_righthand":{"rotation":[164.25,0,0],"translation":[0,4,-0.75],"scale":[0.29688,0.29688,0.29688]},"thirdperson_lefthand":{"rotation":[164.25,0,0],"translation":[0,4,-0.75],"scale":[0.29688,0.29688,0.29688]},"firstperson_righthand":{"rotation":[151.26,-6.96,12.47],"translation":[2,3.25,0],"scale":[0.21875,0.21875,0.21875]},"firstperson_lefthand":{"rotation":[151.26,-6.96,12.47],"translation":[2,3.25,0],"scale":[0.21875,0.21875,0.21875]},"ground":{"translation":[0,1.75,0],"scale":[0.33789,0.33789,0.33789]},"gui":{"rotation":[0,0,-49],"translation":[-2,-2,0],"scale":[0.56641,0.56641,0.56641]},"head":{"translation":[0,-30.35,0],"scale":[1.6,1.6,1.6]},"fixed":{"rotation":[0,0,37.25],"translation":[1.5,-2,-0.5],"scale":[0.63086,0.63086,0.63086]}}}