{"credit":"MadewithBlockbench","textures":{"0":"bettermobs:mixing_table/item/bush_red_berries","particle":"bettermobs:mixing_table/item/bush_red_berries"},"elements":[{"from":[0,0,8],"to":[16,16,8],"rotation":{"angle":45,"axis":"y","origin":[8,8,8]},"faces":{"north":{"uv":[0,0,16,16],"texture":"#0"},"east":{"uv":[0,0,0,16],"texture":"#0"},"south":{"uv":[0,0,16,16],"texture":"#0"},"west":{"uv":[0,0,0,16],"texture":"#0"},"up":{"uv":[0,0,16,0],"texture":"#0"},"down":{"uv":[0,0,16,0],"texture":"#0"}}},{"from":[8,0,0],"to":[8,16,16],"rotation":{"angle":45,"axis":"y","origin":[8,8,8]},"faces":{"north":{"uv":[0,0,0,16],"texture":"#0"},"east":{"uv":[0,0,16,16],"texture":"#0"},"south":{"uv":[0,0,0,16],"texture":"#0"},"west":{"uv":[0,0,16,16],"texture":"#0"},"up":{"uv":[0,0,0,16],"texture":"#0"},"down":{"uv":[0,0,0,16],"texture":"#0"}}}],"display":{"thirdperson_righthand":{"translation":[0,1.5,0],"scale":[0.3,0.3,0.3]},"thirdperson_lefthand":{"translation":[0,1.5,0],"scale":[0.3,0.3,0.3]},"firstperson_righthand":{"translation":[0,1.5,0],"scale":[0.4,0.4,0.4]},"firstperson_lefthand":{"translation":[0,1.5,0],"scale":[0.4,0.4,0.4]},"ground":{"translation":[0,1,0],"scale":[0.6,0.6,0.6]},"gui":{"scale":[0.9,0.9,0.9]},"head":{"translation":[0,-31,0],"scale":[1.5,1.5,1.5]},"fixed":{"scale":[1,1,0]}},"groups":[{"name":"group","origin":[8,8,8],"color":0,"children":[0,1]}]}