{"credit":"MadewithBlockbench","textures":{"1":"block/anvil","2":"block/clay"},"elements":[{"from":[1.7,-8,-16],"to":[3.1,-6,32],"rotation":{"angle":0,"axis":"y","origin":[9.7,-3,8]},"faces":{"north":{"uv":[0,0,15.4,2],"texture":"#2"},"east":{"uv":[0,0,16,5],"texture":"#2"},"south":{"uv":[0,0,15.4,1],"texture":"#2"},"west":{"uv":[0,0,16,5],"texture":"#2"},"up":{"uv":[0,0,15.4,4],"texture":"#2"},"down":{"uv":[0,0,1.4,16],"texture":"#2"}}},{"from":[0.7,-11,-16],"to":[2.1,-8,32],"rotation":{"angle":0,"axis":"y","origin":[8.7,-5,8]},"faces":{"north":{"uv":[0,0,15.4,2],"texture":"#2"},"east":{"uv":[0,0,16,5],"texture":"#2"},"south":{"uv":[0,0,15.4,1],"texture":"#2"},"west":{"uv":[0,0,16,5],"texture":"#2"},"up":{"uv":[0,0,15.4,4],"texture":"#2"},"down":{"uv":[0,0,1.4,16],"texture":"#2"}}},{"from":[1.7,-13,-16],"to":[3.1,-11,32],"rotation":{"angle":0,"axis":"y","origin":[9.7,-8,8]},"faces":{"north":{"uv":[0,0,15.4,2],"texture":"#2"},"east":{"uv":[0,0,16,5],"texture":"#2"},"south":{"uv":[0,0,15.4,1],"texture":"#2"},"west":{"uv":[0,0,16,5],"texture":"#2"},"up":{"uv":[0,0,15.4,4],"texture":"#2"},"down":{"uv":[0,0,1.4,16],"texture":"#2"}}},{"name":"octagon","from":[0.18934,-16,-2.55],"to":[0.81066,-9,-1.05],"rotation":{"angle":45,"axis":"y","origin":[0.5,-12,-1.8]},"faces":{"north":{"uv":[0,0,1,16],"texture":"#1"},"east":{"uv":[0,0,1,16],"texture":"#1"},"south":{"uv":[0,0,1,15],"texture":"#1"},"west":{"uv":[0,0,1,16],"texture":"#1"},"up":{"uv":[0,0,1,16],"texture":"#1"},"down":{"uv":[0,0,1,16],"texture":"#1"}}},{"name":"octagon","from":[0.18934,-16,-2.55],"to":[0.81066,-9,-1.05],"rotation":{"angle":0,"axis":"y","origin":[0.5,-12,-1.8]},"faces":{"north":{"uv":[0,0,1,16],"texture":"#1"},"east":{"uv":[0,0,1,16],"texture":"#1"},"south":{"uv":[0,0,1,15],"texture":"#1"},"west":{"uv":[0,0,1,16],"texture":"#1"},"up":{"uv":[0,0,1,16],"texture":"#1"},"down":{"uv":[0,0,1,16],"texture":"#1"}}},{"name":"octagon","from":[-0.25,-16,-2.11066],"to":[1.25,-9,-1.48934],"rotation":{"angle":45,"axis":"y","origin":[0.5,-12,-1.8]},"faces":{"north":{"uv":[0,0,1,16],"texture":"#1"},"east":{"uv":[0,0,1,16],"texture":"#1"},"south":{"uv":[0,0,1,15],"texture":"#1"},"west":{"uv":[0,0,1,16],"texture":"#1"},"up":{"uv":[0,0,1,16],"texture":"#1"},"down":{"uv":[0,0,1,16],"texture":"#1"}}},{"name":"octagon","from":[-0.25,-16,-2.11066],"to":[1.25,-9,-1.48934],"rotation":{"angle":0,"axis":"y","origin":[0.5,-12,-1.8]},"faces":{"north":{"uv":[0,0,1,16],"texture":"#1"},"east":{"uv":[0,0,1,16],"texture":"#1"},"south":{"uv":[0,0,1,15],"texture":"#1"},"west":{"uv":[0,0,1,16],"texture":"#1"},"up":{"uv":[0,0,1,16],"texture":"#1"},"down":{"uv":[0,0,1,16],"texture":"#1"}}},{"name":"octagon","from":[0.18934,-16,17.15],"to":[0.81066,-9,18.65],"rotation":{"angle":45,"axis":"y","origin":[0.5,-12,17.9]},"faces":{"north":{"uv":[0,0,1,16],"texture":"#1"},"east":{"uv":[0,0,1,16],"texture":"#1"},"south":{"uv":[0,0,1,15],"texture":"#1"},"west":{"uv":[0,0,1,16],"texture":"#1"},"up":{"uv":[0,0,1,16],"texture":"#1"},"down":{"uv":[0,0,1,16],"texture":"#1"}}},{"name":"octagon","from":[0.18934,-16,17.15],"to":[0.81066,-9,18.65],"rotation":{"angle":0,"axis":"y","origin":[0.5,-12,17.9]},"faces":{"north":{"uv":[0,0,1,16],"texture":"#1"},"east":{"uv":[0,0,1,16],"texture":"#1"},"south":{"uv":[0,0,1,15],"texture":"#1"},"west":{"uv":[0,0,1,16],"texture":"#1"},"up":{"uv":[0,0,1,16],"texture":"#1"},"down":{"uv":[0,0,1,16],"texture":"#1"}}},{"name":"octagon","from":[-0.25,-16,17.58934],"to":[1.25,-9,18.21066],"rotation":{"angle":45,"axis":"y","origin":[0.5,-12,17.9]},"faces":{"north":{"uv":[0,0,1,16],"texture":"#1"},"east":{"uv":[0,0,1,16],"texture":"#1"},"south":{"uv":[0,0,1,15],"texture":"#1"},"west":{"uv":[0,0,1,16],"texture":"#1"},"up":{"uv":[0,0,1,16],"texture":"#1"},"down":{"uv":[0,0,1,16],"texture":"#1"}}},{"name":"octagon","from":[-0.25,-16,17.58934],"to":[1.25,-9,18.21066],"rotation":{"angle":0,"axis":"y","origin":[0.5,-12,17.9]},"faces":{"north":{"uv":[0,0,1,16],"texture":"#1"},"east":{"uv":[0,0,1,16],"texture":"#1"},"south":{"uv":[0,0,1,15],"texture":"#1"},"west":{"uv":[0,0,1,16],"texture":"#1"},"up":{"uv":[0,0,1,16],"texture":"#1"},"down":{"uv":[0,0,1,16],"texture":"#1"}}},{"from":[-3.3,-7.8,-2.2],"to":[-2.4,-6.8,-1.4],"rotation":{"angle":22.5,"axis":"z","origin":[4.2,0.2,5.8]},"faces":{"north":{"uv":[0,0,0.9,1],"texture":"#1"},"east":{"uv":[0,0,0.8,1],"texture":"#1"},"south":{"uv":[0,0,0.9,1],"texture":"#1"},"west":{"uv":[0,0,0.8,1],"texture":"#1"},"up":{"uv":[0,0,0.9,0.8],"texture":"#1"},"down":{"uv":[0,0,0.9,0.8],"texture":"#1"}}},{"from":[-3.3,-7.8,17.5],"to":[-2.4,-6.8,18.3],"rotation":{"angle":22.5,"axis":"z","origin":[4.2,0.2,25.5]},"faces":{"north":{"uv":[0,0,0.9,1],"texture":"#1"},"east":{"uv":[0,0,0.8,1],"texture":"#1"},"south":{"uv":[0,0,0.9,1],"texture":"#1"},"west":{"uv":[0,0,0.8,1],"texture":"#1"},"up":{"uv":[0,0,0.9,0.8],"texture":"#1"},"down":{"uv":[0,0,0.9,0.8],"texture":"#1"}}},{"from":[2,-10.6,17.7],"to":[2.3,-10.2,18.1],"rotation":{"angle":0,"axis":"y","origin":[9.2,-2.4,25]},"faces":{"north":{"uv":[0,0,0.3,0.4],"texture":"#1"},"east":{"uv":[0,0,0.4,0.4],"texture":"#1"},"south":{"uv":[0,0,0.3,0.4],"texture":"#1"},"west":{"uv":[0,0,0.4,0.4],"texture":"#1"},"up":{"uv":[0,0,0.3,0.4],"texture":"#1"},"down":{"uv":[0,0,0.3,0.4],"texture":"#1"}}},{"from":[2,-8.8,17.7],"to":[2.3,-8.4,18.1],"rotation":{"angle":0,"axis":"y","origin":[9.2,-0.6,25]},"faces":{"north":{"uv":[0,0,0.3,0.4],"texture":"#1"},"east":{"uv":[0,0,0.4,0.4],"texture":"#1"},"south":{"uv":[0,0,0.3,0.4],"texture":"#1"},"west":{"uv":[0,0,0.4,0.4],"texture":"#1"},"up":{"uv":[0,0,0.3,0.4],"texture":"#1"},"down":{"uv":[0,0,0.3,0.4],"texture":"#1"}}},{"from":[2,-10.6,-2],"to":[2.3,-10.2,-1.6],"rotation":{"angle":0,"axis":"y","origin":[9.2,-2.4,5.3]},"faces":{"north":{"uv":[0,0,0.3,0.4],"texture":"#1"},"east":{"uv":[0,0,0.4,0.4],"texture":"#1"},"south":{"uv":[0,0,0.3,0.4],"texture":"#1"},"west":{"uv":[0,0,0.4,0.4],"texture":"#1"},"up":{"uv":[0,0,0.3,0.4],"texture":"#1"},"down":{"uv":[0,0,0.3,0.4],"texture":"#1"}}},{"from":[2,-8.8,-2],"to":[2.3,-8.4,-1.6],"rotation":{"angle":0,"axis":"y","origin":[9.2,-0.6,5.3]},"faces":{"north":{"uv":[0,0,0.3,0.4],"texture":"#1"},"east":{"uv":[0,0,0.4,0.4],"texture":"#1"},"south":{"uv":[0,0,0.3,0.4],"texture":"#1"},"west":{"uv":[0,0,0.4,0.4],"texture":"#1"},"up":{"uv":[0,0,0.3,0.4],"texture":"#1"},"down":{"uv":[0,0,0.3,0.4],"texture":"#1"}}}],"display":{"thirdperson_righthand":{"rotation":[90,0,0],"translation":[2.25,1,5],"scale":[0.3,0.3,0.3]},"thirdperson_lefthand":{"rotation":[93,0,0],"translation":[-1.5,0,5.25],"scale":[0.3,0.3,0.3]},"firstperson_righthand":{"rotation":[14,-152,8],"translation":[3.5,15.5,1.5]},"firstperson_lefthand":{"rotation":[7,24,-7],"translation":[0,14.75,3.75]},"ground":{"translation":[0,3.75,0],"scale":[0.3,0.3,0.3]},"gui":{"rotation":[0,-91,0],"translation":[0,4.75,0],"scale":[0.3,0.3,0.3]},"head":{"rotation":[0,-90,0],"translation":[0,29.5,19.75],"scale":[3,3,4]},"fixed":{"rotation":[0,91,0],"translation":[0,7.25,-3],"scale":[0.4,0.4,0.4]}},"groups":[0,1,2,{"name":"octagon","origin":[8,8,8],"children":[3,4,5,6]},{"name":"octagon","origin":[8,8,8],"children":[7,8,9,10,11,12,{"name":"group","origin":[14,-2,26],"children":[13,14,15,16]}]}]}