{"credit":"MadewithBlockbench","textures":{"0":"block/redstone_block","1":"block/emerald_block","2":"block/andesite","3":"block/anvil","4":"block/white_concrete","5":"block/red_concrete","particle":"block/redstone_block"},"elements":[{"from":[18.2,0,5.5],"to":[18.8,6.8,6],"rotation":{"angle":0,"axis":"y","origin":[26,8,13.4]},"faces":{"north":{"uv":[0,0,3.599,11.05],"texture":"#3"},"east":{"uv":[0,0,4.5,11.05],"texture":"#3"},"south":{"uv":[0,0,3.599,10.05],"texture":"#3"},"west":{"uv":[0,0,5.5,11.05],"texture":"#3"},"up":{"uv":[0,0,0.6,0.5],"texture":"#3"},"down":{"uv":[0,0,0.6,0.5],"texture":"#3"}}},{"from":[18.2,6.75,5],"to":[18.8,7.3,5.5],"rotation":{"angle":0,"axis":"y","origin":[26,14.75,12.9]},"faces":{"north":{"uv":[0,0,6.599,6.55],"texture":"#3"},"east":{"uv":[0,0,5.5,4.55],"texture":"#3"},"south":{"uv":[0,0,0.6,0.55],"texture":"#3"},"west":{"uv":[0,0,9.5,9.55],"texture":"#3"},"up":{"uv":[0,0,11,8.5],"texture":"#3"},"down":{"uv":[0,0,7.599,7.5],"texture":"#3"}}},{"from":[18.2,6.75,6],"to":[18.8,7.3,6.5],"rotation":{"angle":0,"axis":"y","origin":[26,14.75,13.9]},"faces":{"north":{"uv":[0,0,0.6,0.55],"texture":"#3"},"east":{"uv":[0,0,8.5,6.55],"texture":"#3"},"south":{"uv":[0,0,9.599,8.55],"texture":"#3"},"west":{"uv":[0,0,7.5,7.55],"texture":"#3"},"up":{"uv":[0,0,7.599,6.5],"texture":"#3"},"down":{"uv":[0,0,0.6,0.5],"texture":"#3"}}},{"from":[18.2,6.7,6],"to":[18.8,7.05,6.38],"rotation":{"angle":0,"axis":"y","origin":[26,14.5,13.9]},"faces":{"north":{"uv":[0,0,0.6,0.35],"texture":"#3"},"east":{"uv":[0,0,10.38,8.349],"texture":"#3"},"south":{"uv":[0,0,10.599,6.35],"texture":"#3"},"west":{"uv":[0,0,9.38,8.349],"texture":"#3"},"up":{"uv":[0,0,0.6,0.38],"texture":"#3"},"down":{"uv":[0,0,0.6,0.38],"texture":"#3"}}},{"from":[18.2,6.6,6],"to":[18.8,6.95,6.18],"rotation":{"angle":0,"axis":"y","origin":[26,14.4,13.9]},"faces":{"north":{"uv":[0,0,0.6,0.35],"texture":"#3"},"east":{"uv":[0,0,3.18,3.35],"texture":"#3"},"south":{"uv":[0,0,7.599,7.35],"texture":"#3"},"west":{"uv":[0,0,9.18,8.349],"texture":"#3"},"up":{"uv":[0,0,0.6,0.18],"texture":"#3"},"down":{"uv":[0,0,0.6,0.18],"texture":"#3"}}},{"from":[18.2,6.6,5.35],"to":[18.8,6.95,5.53],"rotation":{"angle":0,"axis":"y","origin":[26,14.4,13.2]},"faces":{"north":{"uv":[0,0,6.599,6.35],"texture":"#3"},"east":{"uv":[0,0,10.18,7.349],"texture":"#3"},"south":{"uv":[0,0,0.6,0.35],"texture":"#3"},"west":{"uv":[0,0,8.18,6.349],"texture":"#3"},"up":{"uv":[0,0,0.6,0.18],"texture":"#3"},"down":{"uv":[0,0,7,6.18],"texture":"#3"}}},{"from":[18.2,6.7,5.2],"to":[18.8,7.05,5.58],"rotation":{"angle":0,"axis":"y","origin":[26,14.5,13.1]},"faces":{"north":{"uv":[0,0,0.6,0.35],"texture":"#3"},"east":{"uv":[0,0,9.38,8.349],"texture":"#3"},"south":{"uv":[0,0,0.6,0.35],"texture":"#3"},"west":{"uv":[0,0,6.38,5.35],"texture":"#3"},"up":{"uv":[0,0,0.6,0.38],"texture":"#3"},"down":{"uv":[0,0,7.599,7.38],"texture":"#3"}}},{"from":[-5.25,0,6.6],"to":[-2.65,8.8,9.2],"rotation":{"angle":0,"axis":"y","origin":[2.55,8,15.4]},"faces":{"north":{"uv":[0,0,2.6,8.8],"texture":"#3"},"east":{"uv":[0,0,2.6,8.8],"texture":"#3"},"south":{"uv":[0,0,2.6,8.8],"texture":"#3"},"west":{"uv":[0,0,2.6,8.8],"texture":"#3"},"up":{"uv":[0,0,2.6,2.6],"texture":"#3"},"down":{"uv":[0,0,2.6,2.6],"texture":"#3"}}},{"name":"hexadecagon2","from":[-4.14891,6.05,6.35],"to":[-3.75109,8.05,6.6],"rotation":{"angle":-45,"axis":"z","origin":[-3.95,7.05,5.75]},"faces":{"north":{"uv":[0,0,5,6],"texture":"#3"},"east":{"uv":[0,0,12,8],"texture":"#3"},"south":{"uv":[1,0,2,4],"texture":"#3"},"west":{"uv":[0,0,4,4],"texture":"#3"},"up":{"uv":[0,0,6,8],"texture":"#3"},"down":{"uv":[0,0,14,16],"texture":"#3"}}},{"name":"hexadecagon","from":[-4.14891,6.05,6.35],"to":[-3.75109,8.05,6.6],"rotation":{"angle":-22.5,"axis":"z","origin":[-3.95,7.05,5.75]},"faces":{"north":{"uv":[0,0,5,6],"texture":"#3"},"east":{"uv":[0,0,12,8],"texture":"#3"},"south":{"uv":[1,0,2,4],"texture":"#3"},"west":{"uv":[0,0,4,4],"texture":"#3"},"up":{"uv":[0,0,6,8],"texture":"#3"},"down":{"uv":[0,0,14,16],"texture":"#3"}}},{"name":"hexadecagon6","from":[-4.14891,6.05,6.35],"to":[-3.75109,8.05,6.6],"rotation":{"angle":0,"axis":"z","origin":[-3.95,7.05,5.75]},"faces":{"north":{"uv":[0,0,5,6],"texture":"#3"},"east":{"uv":[0,0,12,8],"texture":"#3"},"south":{"uv":[1,0,2,4],"texture":"#3"},"west":{"uv":[0,0,4,4],"texture":"#3"},"up":{"uv":[0,0,6,8],"texture":"#3"},"down":{"uv":[0,0,14,16],"texture":"#3"}}},{"name":"hexadecagon3","from":[-4.14891,6.05,6.35],"to":[-3.75109,8.05,6.6],"rotation":{"angle":22.5,"axis":"z","origin":[-3.95,7.05,5.75]},"faces":{"north":{"uv":[0,0,5,6],"texture":"#3"},"east":{"uv":[0,0,12,8],"texture":"#3"},"south":{"uv":[1,0,2,4],"texture":"#3"},"west":{"uv":[0,0,4,4],"texture":"#3"},"up":{"uv":[0,0,6,8],"texture":"#3"},"down":{"uv":[0,0,14,16],"texture":"#3"}}},{"name":"hexadecagon4","from":[-4.14891,6.05,6.35],"to":[-3.75109,8.05,6.6],"rotation":{"angle":45,"axis":"z","origin":[-3.95,7.05,5.75]},"faces":{"north":{"uv":[0,0,5,6],"texture":"#3"},"east":{"uv":[0,0,12,8],"texture":"#3"},"south":{"uv":[1,0,2,4],"texture":"#3"},"west":{"uv":[0,0,4,4],"texture":"#3"},"up":{"uv":[0,0,6,8],"texture":"#3"},"down":{"uv":[0,0,14,16],"texture":"#3"}}},{"name":"hexadecagon","from":[-4.95,6.85109,6.35],"to":[-2.95,7.24891,6.6],"rotation":{"angle":-22.5,"axis":"z","origin":[-3.95,7.05,5.75]},"faces":{"north":{"uv":[0,0,5,6],"texture":"#3"},"east":{"uv":[0,0,12,8],"texture":"#3"},"south":{"uv":[1,0,2,4],"texture":"#3"},"west":{"uv":[0,0,4,4],"texture":"#3"},"up":{"uv":[0,0,6,8],"texture":"#3"},"down":{"uv":[0,0,14,16],"texture":"#3"}}},{"name":"hexadecagon","from":[-4.95,6.85109,6.35],"to":[-2.95,7.24891,6.6],"rotation":{"angle":0,"axis":"z","origin":[-3.95,7.05,5.75]},"faces":{"north":{"uv":[0,0,5,6],"texture":"#3"},"east":{"uv":[0,0,12,8],"texture":"#3"},"south":{"uv":[1,0,2,4],"texture":"#3"},"west":{"uv":[0,0,4,4],"texture":"#3"},"up":{"uv":[0,0,6,8],"texture":"#3"},"down":{"uv":[0,0,14,16],"texture":"#3"}}},{"name":"hexadecagon5","from":[-4.95,6.85109,6.35],"to":[-2.95,7.24891,6.6],"rotation":{"angle":22.5,"axis":"z","origin":[-3.95,7.05,5.75]},"faces":{"north":{"uv":[0,0,5,6],"texture":"#3"},"east":{"uv":[0,0,12,8],"texture":"#3"},"south":{"uv":[1,0,2,4],"texture":"#3"},"west":{"uv":[0,0,4,4],"texture":"#3"},"up":{"uv":[0,0,6,8],"texture":"#3"},"down":{"uv":[0,0,14,16],"texture":"#3"}}},{"name":"Schranke","from":[-4.15,6.85,5.9],"to":[-3.75,7.25,6.6],"rotation":{"angle":0,"axis":"y","origin":[3.55,14.55,13.9]},"faces":{"north":{"uv":[0,0,0.4,0.4],"texture":"#4"},"east":{"uv":[0,0,0.7,0.4],"texture":"#4"},"south":{"uv":[0,0,0.4,0.4],"texture":"#missing"},"west":{"uv":[0,0,0.7,0.4],"texture":"#4"},"up":{"uv":[0,0,0.4,0.7],"texture":"#4"},"down":{"uv":[0,0,0.4,0.7],"texture":"#4"}}},{"from":[1.5,6.8,5.5],"to":[4.5,7.3,6],"rotation":{"angle":0,"axis":"y","origin":[9.5,14.35,13.5]},"faces":{"north":{"uv":[0,0,3,0.5],"texture":"#5"},"east":{"uv":[0,0,0.5,0.5],"texture":"#4"},"south":{"uv":[0,0,3,0.5],"texture":"#5"},"west":{"uv":[0,0,0.5,0.5],"texture":"#4"},"up":{"uv":[0,0,3,0.5],"texture":"#5"},"down":{"uv":[0,0,3,0.5],"texture":"#5"}}},{"from":[-4.5,6.8,5.5],"to":[-1.5,7.3,6],"rotation":{"angle":0,"axis":"y","origin":[3.5,14.35,13.5]},"faces":{"north":{"uv":[0,0,3,0.5],"texture":"#5"},"east":{"uv":[0,0,0.5,0.5],"texture":"#4"},"south":{"uv":[0,0,3,0.5],"texture":"#5"},"west":{"uv":[0,0,0.5,0.5],"texture":"#4"},"up":{"uv":[0,0,3,0.5],"texture":"#5"},"down":{"uv":[0,0,3,0.5],"texture":"#5"}}},{"from":[7.5,6.8,5.5],"to":[10.5,7.3,6],"rotation":{"angle":0,"axis":"y","origin":[15.5,14.35,13.5]},"faces":{"north":{"uv":[0,0,3,0.5],"texture":"#5"},"east":{"uv":[0,0,0.5,0.5],"texture":"#4"},"south":{"uv":[0,0,3,0.5],"texture":"#5"},"west":{"uv":[0,0,0.5,0.5],"texture":"#4"},"up":{"uv":[0,0,3,0.5],"texture":"#5"},"down":{"uv":[0,0,3,0.5],"texture":"#5"}}},{"from":[13.5,6.8,5.5],"to":[16.5,7.3,6],"rotation":{"angle":0,"axis":"y","origin":[21.5,14.35,13.5]},"faces":{"north":{"uv":[0,0,3,0.5],"texture":"#5"},"east":{"uv":[0,0,0.5,0.5],"texture":"#4"},"south":{"uv":[0,0,3,0.5],"texture":"#5"},"west":{"uv":[0,0,0.5,0.5],"texture":"#4"},"up":{"uv":[0,0,3,0.5],"texture":"#5"},"down":{"uv":[0,0,3,0.5],"texture":"#5"}}},{"from":[-1.5,6.8,5.5],"to":[1.5,7.3,6],"rotation":{"angle":0,"axis":"y","origin":[6.5,14.35,13.5]},"faces":{"north":{"uv":[0,0,3,0.5],"texture":"#4"},"east":{"uv":[0,0,0.5,0.5],"texture":"#4"},"south":{"uv":[0,0,3,0.5],"texture":"#4"},"west":{"uv":[0,0,0.5,0.5],"texture":"#4"},"up":{"uv":[0,0,3,0.5],"texture":"#4"},"down":{"uv":[0,0,3,0.5],"texture":"#4"}}},{"from":[4.5,6.8,5.5],"to":[7.5,7.3,6],"rotation":{"angle":0,"axis":"y","origin":[12.5,14.35,13.5]},"faces":{"north":{"uv":[0,0,3,0.5],"texture":"#4"},"east":{"uv":[0,0,0.5,0.5],"texture":"#4"},"south":{"uv":[0,0,3,0.5],"texture":"#4"},"west":{"uv":[0,0,0.5,0.5],"texture":"#4"},"up":{"uv":[0,0,3,0.5],"texture":"#4"},"down":{"uv":[0,0,3,0.5],"texture":"#4"}}},{"from":[10.5,6.8,5.5],"to":[13.5,7.3,6],"rotation":{"angle":0,"axis":"y","origin":[18.5,14.35,13.5]},"faces":{"north":{"uv":[0,0,3,0.5],"texture":"#4"},"east":{"uv":[0,0,0.5,0.5],"texture":"#4"},"south":{"uv":[0,0,3,0.5],"texture":"#4"},"west":{"uv":[0,0,0.5,0.5],"texture":"#4"},"up":{"uv":[0,0,3,0.5],"texture":"#4"},"down":{"uv":[0,0,3,0.5],"texture":"#4"}}},{"from":[16.5,6.8,5.5],"to":[19.5,7.3,6],"rotation":{"angle":0,"axis":"y","origin":[24.5,14.35,13.5]},"faces":{"north":{"uv":[0,0,3,0.5],"texture":"#4"},"east":{"uv":[0,0,0.5,0.5],"texture":"#4"},"south":{"uv":[0,0,3,0.5],"texture":"#4"},"west":{"uv":[0,0,0.5,0.5],"texture":"#4"},"up":{"uv":[0,0,3,0.5],"texture":"#4"},"down":{"uv":[0,0,3,0.5],"texture":"#4"}}},{"from":[-4.6,6.25,9.2],"to":[-3.4,7.65,9.45],"rotation":{"angle":0,"axis":"y","origin":[3.3,13.65,17.2]},"faces":{"north":{"uv":[0,0,1.2,1.4],"texture":"#2"},"east":{"uv":[0,0,0.25,1.4],"texture":"#3"},"south":{"uv":[0,0,15.2,15.4],"texture":"#3"},"west":{"uv":[0,0,0.25,1.4],"texture":"#3"},"up":{"uv":[0,0,1.2,0.25],"texture":"#3"},"down":{"uv":[0,0,1.2,0.25],"texture":"#3"}}},{"from":[-4.4,6.75,9.3],"to":[-4.2,6.95,9.55],"rotation":{"angle":0,"axis":"y","origin":[3.6,14.75,17.3]},"faces":{"north":{"uv":[0,0,0.2,0.2],"texture":"#2"},"east":{"uv":[0,0,0.25,0.2],"texture":"#2"},"south":{"uv":[0,0,0.2,0.2],"texture":"#2"},"west":{"uv":[0,0,0.25,0.2],"texture":"#2"},"up":{"uv":[0,0,0.2,0.25],"texture":"#2"},"down":{"uv":[0,0,0.2,0.25],"texture":"#2"}}},{"from":[-4.5,6.35,9.3],"to":[-4.1,6.55,9.55],"rotation":{"angle":0,"axis":"y","origin":[3.5,14.35,17.3]},"faces":{"north":{"uv":[0,0,0.4,0.2],"texture":"#2"},"east":{"uv":[0,0,0.25,0.2],"texture":"#1"},"south":{"uv":[5,5,11.4,10.2],"texture":"#1"},"west":{"uv":[0,0,0.25,0.2],"texture":"#1"},"up":{"uv":[0,0,0.4,0.25],"texture":"#1"},"down":{"uv":[0,0,0.4,0.25],"texture":"#1"}}},{"from":[-3.9,6.35,9.3],"to":[-3.5,6.55,9.55],"rotation":{"angle":0,"axis":"y","origin":[4,14.35,17.3]},"faces":{"north":{"uv":[0,0,0.4,0.2],"texture":"#2"},"east":{"uv":[0,0,0.25,0.2],"texture":"#0"},"south":{"uv":[0,1,15.4,9.2],"texture":"#0"},"west":{"uv":[0,0,0.25,0.2],"texture":"#0"},"up":{"uv":[0,0,0.4,0.25],"texture":"#0"},"down":{"uv":[0,0,0.4,0.25],"texture":"#0"}}},{"from":[-4.4,7.05,9.3],"to":[-4.2,7.25,9.55],"rotation":{"angle":0,"axis":"y","origin":[3.6,15.05,17.3]},"faces":{"north":{"uv":[0,0,0.2,0.2],"texture":"#2"},"east":{"uv":[0,0,0.25,0.2],"texture":"#2"},"south":{"uv":[0,0,0.2,0.2],"texture":"#2"},"west":{"uv":[0,0,0.25,0.2],"texture":"#2"},"up":{"uv":[0,0,0.2,0.25],"texture":"#2"},"down":{"uv":[0,0,0.2,0.25],"texture":"#2"}}},{"from":[-4.4,7.35,9.3],"to":[-4.2,7.55,9.55],"rotation":{"angle":0,"axis":"y","origin":[3.6,15.35,17.3]},"faces":{"north":{"uv":[0,0,0.2,0.2],"texture":"#2"},"east":{"uv":[0,0,0.25,0.2],"texture":"#2"},"south":{"uv":[0,0,0.2,0.2],"texture":"#2"},"west":{"uv":[0,0,0.25,0.2],"texture":"#2"},"up":{"uv":[0,0,0.2,0.25],"texture":"#2"},"down":{"uv":[0,0,0.2,0.25],"texture":"#2"}}},{"from":[-4.1,7.35,9.3],"to":[-3.9,7.55,9.55],"rotation":{"angle":0,"axis":"y","origin":[3.9,15.35,17.3]},"faces":{"north":{"uv":[0,0,0.2,0.2],"texture":"#2"},"east":{"uv":[0,0,0.25,0.2],"texture":"#2"},"south":{"uv":[0,0,0.2,0.2],"texture":"#2"},"west":{"uv":[0,0,0.25,0.2],"texture":"#2"},"up":{"uv":[0,0,0.2,0.25],"texture":"#2"},"down":{"uv":[0,0,0.2,0.25],"texture":"#2"}}},{"from":[-3.8,7.35,9.3],"to":[-3.6,7.55,9.55],"rotation":{"angle":0,"axis":"y","origin":[4.2,15.35,17.3]},"faces":{"north":{"uv":[0,0,0.2,0.2],"texture":"#2"},"east":{"uv":[0,0,0.25,0.2],"texture":"#2"},"south":{"uv":[0,0,0.2,0.2],"texture":"#2"},"west":{"uv":[0,0,0.25,0.2],"texture":"#2"},"up":{"uv":[0,0,0.2,0.25],"texture":"#2"},"down":{"uv":[0,0,0.2,0.25],"texture":"#2"}}},{"from":[-3.8,7.05,9.3],"to":[-3.6,7.25,9.55],"rotation":{"angle":0,"axis":"y","origin":[4.2,15.05,17.3]},"faces":{"north":{"uv":[0,0,0.2,0.2],"texture":"#2"},"east":{"uv":[0,0,0.25,0.2],"texture":"#2"},"south":{"uv":[0,0,0.2,0.2],"texture":"#2"},"west":{"uv":[0,0,0.25,0.2],"texture":"#2"},"up":{"uv":[0,0,0.2,0.25],"texture":"#2"},"down":{"uv":[0,0,0.2,0.25],"texture":"#2"}}},{"from":[-4.1,7.05,9.3],"to":[-3.9,7.25,9.55],"rotation":{"angle":0,"axis":"y","origin":[3.9,15.05,17.3]},"faces":{"north":{"uv":[0,0,0.2,0.2],"texture":"#2"},"east":{"uv":[0,0,0.25,0.2],"texture":"#2"},"south":{"uv":[0,0,0.2,0.2],"texture":"#2"},"west":{"uv":[0,0,0.25,0.2],"texture":"#2"},"up":{"uv":[0,0,0.2,0.25],"texture":"#2"},"down":{"uv":[0,0,0.2,0.25],"texture":"#2"}}},{"from":[-4.1,6.75,9.3],"to":[-3.9,6.95,9.55],"rotation":{"angle":0,"axis":"y","origin":[3.9,14.75,17.3]},"faces":{"north":{"uv":[0,0,0.2,0.2],"texture":"#2"},"east":{"uv":[0,0,0.25,0.2],"texture":"#2"},"south":{"uv":[0,0,0.2,0.2],"texture":"#2"},"west":{"uv":[0,0,0.25,0.2],"texture":"#2"},"up":{"uv":[0,0,0.2,0.25],"texture":"#2"},"down":{"uv":[0,0,0.2,0.25],"texture":"#2"}}},{"from":[-3.8,6.75,9.3],"to":[-3.6,6.95,9.55],"rotation":{"angle":0,"axis":"y","origin":[4.15,14.75,17.3]},"faces":{"north":{"uv":[0,0,0.2,0.2],"texture":"#2"},"east":{"uv":[0,0,0.25,0.2],"texture":"#2"},"south":{"uv":[0,0,0.2,0.2],"texture":"#2"},"west":{"uv":[0,0,0.25,0.2],"texture":"#2"},"up":{"uv":[0,0,0.2,0.25],"texture":"#2"},"down":{"uv":[0,0,0.2,0.25],"texture":"#2"}}}],"display":{"thirdperson_righthand":{"rotation":[73,180,-1],"translation":[-7,2.25,3],"scale":[1,0.99023,1]},"thirdperson_lefthand":{"rotation":[53,0,0],"translation":[-3.5,-2.5,2]},"firstperson_righthand":{"rotation":[-11,0,4],"translation":[0,5.5,3.75]},"firstperson_lefthand":{"translation":[0,5.75,0]},"ground":{"translation":[0,4,0]},"gui":{"translation":[-0.25,2.5,0],"scale":[0.7,0.7,0.7]},"head":{"translation":[0,-10.75,0],"scale":[4,4,4]},"fixed":{"translation":[0,2.25,0],"scale":[0.75,0.75,0.75]}},"groups":[{"name":"group","origin":[8,8,8],"children":[{"name":"Halterung","origin":[8,8,8],"children":[0,1,2,3,4,5,6,7,{"name":"Kreis","origin":[7.8,8,15.4],"children":[{"name":"hexadecagon","origin":[8,8,8],"children":[8,9,10,11,12,13,14,15]}]},{"name":"group","origin":[8.8,11.8,17.4],"children":[16]}]}]},17,18,19,20,21,22,23,24,{"name":"group","origin":[8,8,8],"children":[25,26,27,28,29,30,31,32,33,34,35,36]}]}