{"credit":"MadewithBlockbench","textures":{"0":"block/anvil","2":"block/smooth_stone","4":"block/sea_lantern","particle":"block/anvil"},"elements":[{"name":"hexadecagon","from":[4.1519,-16,4.75],"to":[4.8481,-15,8.25],"rotation":{"angle":-45,"axis":"y","origin":[4.5,-15.5,6.5]},"faces":{"north":{"uv":[0,0,1,1],"texture":"#0"},"east":{"uv":[0,0,1,1],"texture":"#0"},"south":{"uv":[0,0,1,1],"texture":"#0"},"west":{"uv":[0,0,1,1],"texture":"#0"},"up":{"uv":[0,0,1,1],"texture":"#0"},"down":{"uv":[0,0,1,1],"texture":"#0"}}},{"name":"hexadecagon","from":[4.1519,-16,4.75],"to":[4.8481,-15,8.25],"rotation":{"angle":-22.5,"axis":"y","origin":[4.5,-15.5,6.5]},"faces":{"north":{"uv":[0,0,1,1],"texture":"#0"},"east":{"uv":[0,0,1,1],"texture":"#0"},"south":{"uv":[0,0,1,1],"texture":"#0"},"west":{"uv":[0,0,1,1],"texture":"#0"},"up":{"uv":[0,0,1,1],"texture":"#0"},"down":{"uv":[0,0,1,1],"texture":"#0"}}},{"name":"hexadecagon","from":[4.1519,-16,4.75],"to":[4.8481,-15,8.25],"rotation":{"angle":0,"axis":"y","origin":[4.5,-15.5,6.5]},"faces":{"north":{"uv":[0,0,1,1],"texture":"#0"},"east":{"uv":[0,0,1,1],"texture":"#0"},"south":{"uv":[0,0,1,1],"texture":"#0"},"west":{"uv":[0,0,1,1],"texture":"#0"},"up":{"uv":[0,0,1,1],"texture":"#0"},"down":{"uv":[0,0,1,1],"texture":"#0"}}},{"name":"hexadecagon","from":[4.1519,-16,4.75],"to":[4.8481,-15,8.25],"rotation":{"angle":22.5,"axis":"y","origin":[4.5,-15.5,6.5]},"faces":{"north":{"uv":[0,0,1,1],"texture":"#0"},"east":{"uv":[0,0,1,1],"texture":"#0"},"south":{"uv":[0,0,1,1],"texture":"#0"},"west":{"uv":[0,0,1,1],"texture":"#0"},"up":{"uv":[0,0,1,1],"texture":"#0"},"down":{"uv":[0,0,1,1],"texture":"#0"}}},{"name":"hexadecagon","from":[4.1519,-16,4.75],"to":[4.8481,-15,8.25],"rotation":{"angle":45,"axis":"y","origin":[4.5,-15.5,6.5]},"faces":{"north":{"uv":[0,0,1,1],"texture":"#0"},"east":{"uv":[0,0,1,1],"texture":"#0"},"south":{"uv":[0,0,1,1],"texture":"#0"},"west":{"uv":[0,0,1,1],"texture":"#0"},"up":{"uv":[0,0,1,1],"texture":"#0"},"down":{"uv":[0,0,1,1],"texture":"#0"}}},{"name":"hexadecagon","from":[2.75,-16,6.1519],"to":[6.25,-15,6.8481],"rotation":{"angle":-22.5,"axis":"y","origin":[4.5,-15.5,6.5]},"faces":{"north":{"uv":[0,0,1,1],"texture":"#0"},"east":{"uv":[0,0,1,1],"texture":"#0"},"south":{"uv":[0,0,1,1],"texture":"#0"},"west":{"uv":[0,0,1,1],"texture":"#0"},"up":{"uv":[0,0,1,1],"texture":"#0"},"down":{"uv":[0,0,1,1],"texture":"#0"}}},{"name":"hexadecagon","from":[2.75,-16,6.1519],"to":[6.25,-15,6.8481],"rotation":{"angle":0,"axis":"y","origin":[4.5,-15.5,6.5]},"faces":{"north":{"uv":[0,0,1,1],"texture":"#0"},"east":{"uv":[0,0,1,1],"texture":"#0"},"south":{"uv":[0,0,1,1],"texture":"#0"},"west":{"uv":[0,0,1,1],"texture":"#0"},"up":{"uv":[0,0,1,1],"texture":"#0"},"down":{"uv":[0,0,1,1],"texture":"#0"}}},{"name":"hexadecagon","from":[2.75,-16,6.1519],"to":[6.25,-15,6.8481],"rotation":{"angle":22.5,"axis":"y","origin":[4.5,-15.5,6.5]},"faces":{"north":{"uv":[0,0,1,1],"texture":"#0"},"east":{"uv":[0,0,1,1],"texture":"#0"},"south":{"uv":[0,0,1,1],"texture":"#0"},"west":{"uv":[0,0,1,1],"texture":"#0"},"up":{"uv":[0,0,1,1],"texture":"#0"},"down":{"uv":[0,0,1,1],"texture":"#0"}}},{"name":"hexadecagon","from":[4.1519,-15,4.75],"to":[4.8481,-7,8.25],"rotation":{"angle":-45,"axis":"y","origin":[4.5,-11,6.5]},"faces":{"north":{"uv":[0,0,0.696,1],"texture":"#0"},"east":{"uv":[0,0,1.5,1],"texture":"#0"},"south":{"uv":[0,0,0.696,1],"texture":"#0"},"west":{"uv":[0,0,1.5,2],"texture":"#0"},"up":{"uv":[0,0,1,1],"texture":"#0"},"down":{"uv":[0,0,1,1],"texture":"#0"}}},{"name":"hexadecagon","from":[4.1519,-15,4.75],"to":[4.8481,-7,8.25],"rotation":{"angle":-22.5,"axis":"y","origin":[4.5,-11,6.5]},"faces":{"north":{"uv":[0,0,0.696,1],"texture":"#0"},"east":{"uv":[0,0,1.5,1],"texture":"#0"},"south":{"uv":[0,0,0.696,1],"texture":"#0"},"west":{"uv":[0,0,1.5,2],"texture":"#0"},"up":{"uv":[0,0,1,1],"texture":"#0"},"down":{"uv":[0,0,1,1],"texture":"#0"}}},{"name":"hexadecagon","from":[4.1519,-15,4.75],"to":[4.8481,-7,8.25],"rotation":{"angle":0,"axis":"y","origin":[4.5,-11,6.5]},"faces":{"north":{"uv":[0,0,0.696,1],"texture":"#0"},"east":{"uv":[0,0,1.5,1],"texture":"#0"},"south":{"uv":[0,0,0.696,1],"texture":"#0"},"west":{"uv":[0,0,1.5,2],"texture":"#0"},"up":{"uv":[0,0,1,1],"texture":"#0"},"down":{"uv":[0,0,1,1],"texture":"#0"}}},{"name":"hexadecagon","from":[4.1519,-15,4.75],"to":[4.8481,-7,8.25],"rotation":{"angle":22.5,"axis":"y","origin":[4.5,-11,6.5]},"faces":{"north":{"uv":[0,0,0.696,1],"texture":"#0"},"east":{"uv":[0,0,1.5,1],"texture":"#0"},"south":{"uv":[0,0,0.696,1],"texture":"#0"},"west":{"uv":[0,0,1.5,2],"texture":"#0"},"up":{"uv":[0,0,1,1],"texture":"#0"},"down":{"uv":[0,0,1,1],"texture":"#0"}}},{"name":"hexadecagon","from":[4.1519,-15,4.75],"to":[4.8481,-7,8.25],"rotation":{"angle":45,"axis":"y","origin":[4.5,-11,6.5]},"faces":{"north":{"uv":[0,0,0.696,1],"texture":"#0"},"east":{"uv":[0,0,1.5,1],"texture":"#0"},"south":{"uv":[0,0,0.696,1],"texture":"#0"},"west":{"uv":[0,0,1.5,2],"texture":"#0"},"up":{"uv":[0,0,1,1],"texture":"#0"},"down":{"uv":[0,0,1,1],"texture":"#0"}}},{"name":"hexadecagon","from":[2.75,-15,6.1519],"to":[6.25,-7,6.8481],"rotation":{"angle":-22.5,"axis":"y","origin":[4.5,-11,6.5]},"faces":{"north":{"uv":[0,0,0.696,1],"texture":"#0"},"east":{"uv":[0,0,1.5,1],"texture":"#0"},"south":{"uv":[0,0,0.696,1],"texture":"#0"},"west":{"uv":[0,0,1.5,2],"texture":"#0"},"up":{"uv":[0,0,1,1],"texture":"#0"},"down":{"uv":[0,0,1,1],"texture":"#0"}}},{"name":"hexadecagon","from":[2.75,-15,6.1519],"to":[6.25,-7,6.8481],"rotation":{"angle":0,"axis":"y","origin":[4.5,-11,6.5]},"faces":{"north":{"uv":[0,0,0.696,1],"texture":"#0"},"east":{"uv":[0,0,1.5,1],"texture":"#0"},"south":{"uv":[0,0,0.696,1],"texture":"#0"},"west":{"uv":[0,0,1.5,2],"texture":"#0"},"up":{"uv":[0,0,1,1],"texture":"#0"},"down":{"uv":[0,0,1,1],"texture":"#0"}}},{"name":"hexadecagon","from":[2.75,-15,6.1519],"to":[6.25,-7,6.8481],"rotation":{"angle":22.5,"axis":"y","origin":[4.5,-11,6.5]},"faces":{"north":{"uv":[0,0,0.696,1],"texture":"#0"},"east":{"uv":[0,0,1.5,1],"texture":"#0"},"south":{"uv":[0,0,0.696,1],"texture":"#0"},"west":{"uv":[0,0,1.5,2],"texture":"#0"},"up":{"uv":[0,0,1,1],"texture":"#0"},"down":{"uv":[0,0,1,1],"texture":"#0"}}},{"name":"hexadecagon","from":[4.10218,-15.95,4.5],"to":[4.89782,-15.85,8.5],"rotation":{"angle":-45,"axis":"y","origin":[4.5,-15.9,6.5]},"faces":{"north":{"uv":[0,0,1,1],"texture":"#0"},"east":{"uv":[0,0,1,1],"texture":"#0"},"south":{"uv":[0,0,1,1],"texture":"#0"},"west":{"uv":[0,0,1,1],"texture":"#0"},"up":{"uv":[0,0,1,1],"texture":"#0"},"down":{"uv":[0,0,1,1],"texture":"#0"}}},{"name":"hexadecagon","from":[4.10218,-15.95,4.5],"to":[4.89782,-15.85,8.5],"rotation":{"angle":-22.5,"axis":"y","origin":[4.5,-15.9,6.5]},"faces":{"north":{"uv":[0,0,1,1],"texture":"#0"},"east":{"uv":[0,0,1,1],"texture":"#0"},"south":{"uv":[0,0,1,1],"texture":"#0"},"west":{"uv":[0,0,1,1],"texture":"#0"},"up":{"uv":[0,0,1,1],"texture":"#0"},"down":{"uv":[0,0,1,1],"texture":"#0"}}},{"name":"hexadecagon","from":[4.10218,-15.95,4.5],"to":[4.89782,-15.85,8.5],"rotation":{"angle":0,"axis":"y","origin":[4.5,-15.9,6.5]},"faces":{"north":{"uv":[0,0,1,1],"texture":"#0"},"east":{"uv":[0,0,1,1],"texture":"#0"},"south":{"uv":[0,0,1,1],"texture":"#0"},"west":{"uv":[0,0,1,1],"texture":"#0"},"up":{"uv":[0,0,1,1],"texture":"#0"},"down":{"uv":[0,0,1,1],"texture":"#0"}}},{"name":"hexadecagon","from":[4.10218,-15.95,4.5],"to":[4.89782,-15.85,8.5],"rotation":{"angle":22.5,"axis":"y","origin":[4.5,-15.9,6.5]},"faces":{"north":{"uv":[0,0,1,1],"texture":"#0"},"east":{"uv":[0,0,1,1],"texture":"#0"},"south":{"uv":[0,0,1,1],"texture":"#0"},"west":{"uv":[0,0,1,1],"texture":"#0"},"up":{"uv":[0,0,1,1],"texture":"#0"},"down":{"uv":[0,0,1,1],"texture":"#0"}}},{"name":"hexadecagon","from":[4.10218,-15.95,4.5],"to":[4.89782,-15.85,8.5],"rotation":{"angle":45,"axis":"y","origin":[4.5,-15.9,6.5]},"faces":{"north":{"uv":[0,0,1,1],"texture":"#0"},"east":{"uv":[0,0,1,1],"texture":"#0"},"south":{"uv":[0,0,1,1],"texture":"#0"},"west":{"uv":[0,0,1,1],"texture":"#0"},"up":{"uv":[0,0,1,1],"texture":"#0"},"down":{"uv":[0,0,1,1],"texture":"#0"}}},{"name":"hexadecagon","from":[2.5,-15.95,6.10218],"to":[6.5,-15.85,6.89782],"rotation":{"angle":-22.5,"axis":"y","origin":[4.5,-15.9,6.5]},"faces":{"north":{"uv":[0,0,1,1],"texture":"#0"},"east":{"uv":[0,0,1,1],"texture":"#0"},"south":{"uv":[0,0,1,1],"texture":"#0"},"west":{"uv":[0,0,1,1],"texture":"#0"},"up":{"uv":[0,0,1,1],"texture":"#0"},"down":{"uv":[0,0,1,1],"texture":"#0"}}},{"name":"hexadecagon","from":[2.5,-15.95,6.10218],"to":[6.5,-15.85,6.89782],"rotation":{"angle":0,"axis":"y","origin":[4.5,-15.9,6.5]},"faces":{"north":{"uv":[0,0,1,1],"texture":"#0"},"east":{"uv":[0,0,1,1],"texture":"#0"},"south":{"uv":[0,0,1,1],"texture":"#0"},"west":{"uv":[0,0,1,1],"texture":"#0"},"up":{"uv":[0,0,1,1],"texture":"#0"},"down":{"uv":[0,0,1,1],"texture":"#0"}}},{"name":"hexadecagon","from":[2.5,-15.95,6.10218],"to":[6.5,-15.85,6.89782],"rotation":{"angle":22.5,"axis":"y","origin":[4.5,-15.9,6.5]},"faces":{"north":{"uv":[0,0,1,1],"texture":"#0"},"east":{"uv":[0,0,1,1],"texture":"#0"},"south":{"uv":[0,0,1,1],"texture":"#0"},"west":{"uv":[0,0,1,1],"texture":"#0"},"up":{"uv":[0,0,1,1],"texture":"#0"},"down":{"uv":[0,0,1,1],"texture":"#0"}}},{"name":"hexadecagon","from":[4.20163,-12,5],"to":[4.79837,-2,8],"rotation":{"angle":-45,"axis":"y","origin":[4.5,-7,6.5]},"faces":{"north":{"uv":[0,0,1,1],"texture":"#0"},"east":{"uv":[0,0,1,1],"texture":"#0"},"south":{"uv":[0,0,1,1],"texture":"#0"},"west":{"uv":[0,0,1,1],"texture":"#0"},"up":{"uv":[0,0,1,1],"texture":"#0"},"down":{"uv":[0,0,1,1],"texture":"#0"}}},{"name":"hexadecagon","from":[4.20163,-12,5],"to":[4.79837,-2,8],"rotation":{"angle":-22.5,"axis":"y","origin":[4.5,-7,6.5]},"faces":{"north":{"uv":[0,0,1,1],"texture":"#0"},"east":{"uv":[0,0,1,1],"texture":"#0"},"south":{"uv":[0,0,1,1],"texture":"#0"},"west":{"uv":[0,0,1,1],"texture":"#0"},"up":{"uv":[0,0,1,1],"texture":"#0"},"down":{"uv":[0,0,1,1],"texture":"#0"}}},{"name":"hexadecagon","from":[4.20163,-12,5],"to":[4.79837,-2,8],"rotation":{"angle":0,"axis":"y","origin":[4.5,-7,6.5]},"faces":{"north":{"uv":[0,0,1,1],"texture":"#0"},"east":{"uv":[0,0,1,1],"texture":"#0"},"south":{"uv":[0,0,1,1],"texture":"#0"},"west":{"uv":[0,0,1,1],"texture":"#0"},"up":{"uv":[0,0,1,1],"texture":"#0"},"down":{"uv":[0,0,1,1],"texture":"#0"}}},{"name":"hexadecagon","from":[4.20163,-12,5],"to":[4.79837,-2,8],"rotation":{"angle":22.5,"axis":"y","origin":[4.5,-7,6.5]},"faces":{"north":{"uv":[0,0,1,1],"texture":"#0"},"east":{"uv":[0,0,1,1],"texture":"#0"},"south":{"uv":[0,0,1,1],"texture":"#0"},"west":{"uv":[0,0,1,1],"texture":"#0"},"up":{"uv":[0,0,1,1],"texture":"#0"},"down":{"uv":[0,0,1,1],"texture":"#0"}}},{"name":"hexadecagon","from":[4.20163,-12,5],"to":[4.79837,-2,8],"rotation":{"angle":45,"axis":"y","origin":[4.5,-7,6.5]},"faces":{"north":{"uv":[0,0,1,1],"texture":"#0"},"east":{"uv":[0,0,1,1],"texture":"#0"},"south":{"uv":[0,0,1,1],"texture":"#0"},"west":{"uv":[0,0,1,1],"texture":"#0"},"up":{"uv":[0,0,1,1],"texture":"#0"},"down":{"uv":[0,0,1,1],"texture":"#0"}}},{"name":"hexadecagon","from":[3,-12,6.20163],"to":[6,-2,6.79837],"rotation":{"angle":-22.5,"axis":"y","origin":[4.5,-7,6.5]},"faces":{"north":{"uv":[0,0,1,1],"texture":"#0"},"east":{"uv":[0,0,1,1],"texture":"#0"},"south":{"uv":[0,0,1,1],"texture":"#0"},"west":{"uv":[0,0,1,1],"texture":"#0"},"up":{"uv":[0,0,1,1],"texture":"#0"},"down":{"uv":[0,0,1,1],"texture":"#0"}}},{"name":"hexadecagon","from":[3,-12,6.20163],"to":[6,-2,6.79837],"rotation":{"angle":0,"axis":"y","origin":[4.5,-7,6.5]},"faces":{"north":{"uv":[0,0,1,1],"texture":"#0"},"east":{"uv":[0,0,1,1],"texture":"#0"},"south":{"uv":[0,0,1,1],"texture":"#0"},"west":{"uv":[0,0,1,1],"texture":"#0"},"up":{"uv":[0,0,1,1],"texture":"#0"},"down":{"uv":[0,0,1,1],"texture":"#0"}}},{"name":"hexadecagon","from":[3,-12,6.20163],"to":[6,-2,6.79837],"rotation":{"angle":22.5,"axis":"y","origin":[4.5,-7,6.5]},"faces":{"north":{"uv":[0,0,1,1],"texture":"#0"},"east":{"uv":[0,0,1,1],"texture":"#0"},"south":{"uv":[0,0,1,1],"texture":"#0"},"west":{"uv":[0,0,1,1],"texture":"#0"},"up":{"uv":[0,0,1,1],"texture":"#0"},"down":{"uv":[0,0,1,1],"texture":"#0"}}},{"name":"hexadecagon","from":[4.20163,-2.2,5],"to":[4.79837,7.8,8],"rotation":{"angle":-45,"axis":"y","origin":[4.5,2.8,6.5]},"faces":{"north":{"uv":[0,0,1,1],"texture":"#0"},"east":{"uv":[0,0,1,1],"texture":"#0"},"south":{"uv":[0,0,1,1],"texture":"#0"},"west":{"uv":[0,0,1,1],"texture":"#0"},"up":{"uv":[0,0,1,1],"texture":"#0"},"down":{"uv":[0,0,1,1],"texture":"#0"}}},{"name":"hexadecagon","from":[4.20163,-2.2,5],"to":[4.79837,7.8,8],"rotation":{"angle":-22.5,"axis":"y","origin":[4.5,2.8,6.5]},"faces":{"north":{"uv":[0,0,1,1],"texture":"#0"},"east":{"uv":[0,0,1,1],"texture":"#0"},"south":{"uv":[0,0,1,1],"texture":"#0"},"west":{"uv":[0,0,1,1],"texture":"#0"},"up":{"uv":[0,0,1,1],"texture":"#0"},"down":{"uv":[0,0,1,1],"texture":"#0"}}},{"name":"hexadecagon","from":[4.20163,-2.2,5],"to":[4.79837,7.8,8],"rotation":{"angle":0,"axis":"y","origin":[4.5,2.8,6.5]},"faces":{"north":{"uv":[0,0,1,1],"texture":"#0"},"east":{"uv":[0,0,1,1],"texture":"#0"},"south":{"uv":[0,0,1,1],"texture":"#0"},"west":{"uv":[0,0,1,1],"texture":"#0"},"up":{"uv":[0,0,1,1],"texture":"#0"},"down":{"uv":[0,0,1,1],"texture":"#0"}}},{"name":"hexadecagon","from":[4.20163,-2.2,5],"to":[4.79837,7.8,8],"rotation":{"angle":22.5,"axis":"y","origin":[4.5,2.8,6.5]},"faces":{"north":{"uv":[0,0,1,1],"texture":"#0"},"east":{"uv":[0,0,1,1],"texture":"#0"},"south":{"uv":[0,0,1,1],"texture":"#0"},"west":{"uv":[0,0,1,1],"texture":"#0"},"up":{"uv":[0,0,1,1],"texture":"#0"},"down":{"uv":[0,0,1,1],"texture":"#0"}}},{"name":"hexadecagon","from":[4.20163,-2.2,5],"to":[4.79837,7.8,8],"rotation":{"angle":45,"axis":"y","origin":[4.5,2.8,6.5]},"faces":{"north":{"uv":[0,0,1,1],"texture":"#0"},"east":{"uv":[0,0,1,1],"texture":"#0"},"south":{"uv":[0,0,1,1],"texture":"#0"},"west":{"uv":[0,0,1,1],"texture":"#0"},"up":{"uv":[0,0,1,1],"texture":"#0"},"down":{"uv":[0,0,1,1],"texture":"#0"}}},{"name":"hexadecagon","from":[3,-2.2,6.20163],"to":[6,7.8,6.79837],"rotation":{"angle":-22.5,"axis":"y","origin":[4.5,2.8,6.5]},"faces":{"north":{"uv":[0,0,1,1],"texture":"#0"},"east":{"uv":[0,0,1,1],"texture":"#0"},"south":{"uv":[0,0,1,1],"texture":"#0"},"west":{"uv":[0,0,1,1],"texture":"#0"},"up":{"uv":[0,0,1,1],"texture":"#0"},"down":{"uv":[0,0,1,1],"texture":"#0"}}},{"name":"hexadecagon","from":[3,-2.2,6.20163],"to":[6,7.8,6.79837],"rotation":{"angle":0,"axis":"y","origin":[4.5,2.8,6.5]},"faces":{"north":{"uv":[0,0,1,1],"texture":"#0"},"east":{"uv":[0,0,1,1],"texture":"#0"},"south":{"uv":[0,0,1,1],"texture":"#0"},"west":{"uv":[0,0,1,1],"texture":"#0"},"up":{"uv":[0,0,1,1],"texture":"#0"},"down":{"uv":[0,0,1,1],"texture":"#0"}}},{"name":"hexadecagon","from":[3,-2.2,6.20163],"to":[6,7.8,6.79837],"rotation":{"angle":22.5,"axis":"y","origin":[4.5,2.8,6.5]},"faces":{"north":{"uv":[0,0,1,1],"texture":"#0"},"east":{"uv":[0,0,1,1],"texture":"#0"},"south":{"uv":[0,0,1,1],"texture":"#0"},"west":{"uv":[0,0,1,1],"texture":"#0"},"up":{"uv":[0,0,1,1],"texture":"#0"},"down":{"uv":[0,0,1,1],"texture":"#0"}}},{"name":"hexadecagon","from":[4.25136,7.7,5.25],"to":[4.74864,17.7,7.75],"rotation":{"angle":-45,"axis":"y","origin":[4.5,12.7,6.5]},"faces":{"north":{"uv":[0,0,1,1],"texture":"#0"},"east":{"uv":[0,0,1,1],"texture":"#0"},"south":{"uv":[0,0,1,1],"texture":"#0"},"west":{"uv":[0,0,1,1],"texture":"#0"},"up":{"uv":[0,0,1,1],"texture":"#0"},"down":{"uv":[0,0,1,1],"texture":"#0"}}},{"name":"hexadecagon","from":[4.25136,7.7,5.25],"to":[4.74864,17.7,7.75],"rotation":{"angle":-22.5,"axis":"y","origin":[4.5,12.7,6.5]},"faces":{"north":{"uv":[0,0,1,1],"texture":"#0"},"east":{"uv":[0,0,1,1],"texture":"#0"},"south":{"uv":[0,0,1,1],"texture":"#0"},"west":{"uv":[0,0,1,1],"texture":"#0"},"up":{"uv":[0,0,1,1],"texture":"#0"},"down":{"uv":[0,0,1,1],"texture":"#0"}}},{"name":"hexadecagon","from":[4.25136,7.7,5.25],"to":[4.74864,17.7,7.75],"rotation":{"angle":0,"axis":"y","origin":[4.5,12.7,6.5]},"faces":{"north":{"uv":[0,0,1,1],"texture":"#0"},"east":{"uv":[0,0,1,1],"texture":"#0"},"south":{"uv":[0,0,1,1],"texture":"#0"},"west":{"uv":[0,0,1,1],"texture":"#0"},"up":{"uv":[0,0,1,1],"texture":"#0"},"down":{"uv":[0,0,1,1],"texture":"#0"}}},{"name":"hexadecagon","from":[4.25136,7.7,5.25],"to":[4.74864,17.7,7.75],"rotation":{"angle":22.5,"axis":"y","origin":[4.5,12.7,6.5]},"faces":{"north":{"uv":[0,0,1,1],"texture":"#0"},"east":{"uv":[0,0,1,1],"texture":"#0"},"south":{"uv":[0,0,1,1],"texture":"#0"},"west":{"uv":[0,0,1,1],"texture":"#0"},"up":{"uv":[0,0,1,1],"texture":"#0"},"down":{"uv":[0,0,1,1],"texture":"#0"}}},{"name":"hexadecagon","from":[4.25136,7.7,5.25],"to":[4.74864,17.7,7.75],"rotation":{"angle":45,"axis":"y","origin":[4.5,12.7,6.5]},"faces":{"north":{"uv":[0,0,1,1],"texture":"#0"},"east":{"uv":[0,0,1,1],"texture":"#0"},"south":{"uv":[0,0,1,1],"texture":"#0"},"west":{"uv":[0,0,1,1],"texture":"#0"},"up":{"uv":[0,0,1,1],"texture":"#0"},"down":{"uv":[0,0,1,1],"texture":"#0"}}},{"name":"hexadecagon","from":[3.25,7.7,6.25136],"to":[5.75,17.7,6.74864],"rotation":{"angle":-22.5,"axis":"y","origin":[4.5,12.7,6.5]},"faces":{"north":{"uv":[0,0,1,1],"texture":"#0"},"east":{"uv":[0,0,1,1],"texture":"#0"},"south":{"uv":[0,0,1,1],"texture":"#0"},"west":{"uv":[0,0,1,1],"texture":"#0"},"up":{"uv":[0,0,1,1],"texture":"#0"},"down":{"uv":[0,0,1,1],"texture":"#0"}}},{"name":"hexadecagon","from":[3.25,7.7,6.25136],"to":[5.75,17.7,6.74864],"rotation":{"angle":0,"axis":"y","origin":[4.5,12.7,6.5]},"faces":{"north":{"uv":[0,0,1,1],"texture":"#0"},"east":{"uv":[0,0,1,1],"texture":"#0"},"south":{"uv":[0,0,1,1],"texture":"#0"},"west":{"uv":[0,0,1,1],"texture":"#0"},"up":{"uv":[0,0,1,1],"texture":"#0"},"down":{"uv":[0,0,1,1],"texture":"#0"}}},{"name":"hexadecagon","from":[3.25,7.7,6.25136],"to":[5.75,17.7,6.74864],"rotation":{"angle":22.5,"axis":"y","origin":[4.5,12.7,6.5]},"faces":{"north":{"uv":[0,0,1,1],"texture":"#0"},"east":{"uv":[0,0,1,1],"texture":"#0"},"south":{"uv":[0,0,1,1],"texture":"#0"},"west":{"uv":[0,0,1,1],"texture":"#0"},"up":{"uv":[0,0,1,1],"texture":"#0"},"down":{"uv":[0,0,1,1],"texture":"#0"}}},{"name":"octagon","from":[3.15025,17.65,3],"to":[6.04975,17.75,10],"rotation":{"angle":45,"axis":"y","origin":[4.6,17.7,6.5]},"faces":{"north":{"uv":[0,0,1,1],"texture":"#2"},"east":{"uv":[0,0,1,1],"texture":"#2"},"south":{"uv":[0,0,1,1],"texture":"#2"},"west":{"uv":[0,0,1,1],"texture":"#2"},"up":{"uv":[0,0,16,16],"texture":"#2"},"down":{"uv":[4,2,11,10],"texture":"#2"}}},{"name":"octagon","from":[3.15025,17.65,3],"to":[6.04975,17.75,10],"rotation":{"angle":0,"axis":"y","origin":[4.6,17.7,6.5]},"faces":{"north":{"uv":[0,0,1,1],"texture":"#2"},"east":{"uv":[0,0,1,1],"texture":"#2"},"south":{"uv":[0,0,1,1],"texture":"#2"},"west":{"uv":[0,0,1,1],"texture":"#2"},"up":{"uv":[0,0,16,16],"texture":"#2"},"down":{"uv":[4,2,11,10],"texture":"#2"}}},{"name":"octagon","from":[1.1,17.65,5.05025],"to":[8.1,17.75,7.94975],"rotation":{"angle":45,"axis":"y","origin":[4.6,17.7,6.5]},"faces":{"north":{"uv":[0,0,1,1],"texture":"#2"},"east":{"uv":[0,0,1,1],"texture":"#2"},"south":{"uv":[0,0,1,1],"texture":"#2"},"west":{"uv":[0,0,1,1],"texture":"#2"},"up":{"uv":[0,0,16,16],"texture":"#2"},"down":{"uv":[4,2,11,10],"texture":"#2"}}},{"name":"octagon","from":[1.1,17.65,5.05025],"to":[8.1,17.75,7.94975],"rotation":{"angle":0,"axis":"y","origin":[4.6,17.7,6.5]},"faces":{"north":{"uv":[0,0,1,1],"texture":"#2"},"east":{"uv":[0,0,1,1],"texture":"#2"},"south":{"uv":[0,0,1,1],"texture":"#2"},"west":{"uv":[0,0,1,1],"texture":"#2"},"up":{"uv":[0,0,16,16],"texture":"#2"},"down":{"uv":[4,2,11,10],"texture":"#2"}}},{"name":"octagon","from":[3.35736,17.75,3.5],"to":[5.84264,22.55,9.5],"rotation":{"angle":45,"axis":"y","origin":[4.6,20,6.5]},"faces":{"north":{"uv":[0,0,16,16],"texture":"#4"},"east":{"uv":[0,0,16,16],"texture":"#4"},"south":{"uv":[0,0,16,16],"texture":"#4"},"west":{"uv":[0,0,16,16],"texture":"#4"},"up":{"uv":[0,0,1,1],"texture":"#4"},"down":{"uv":[0,0,16,16],"texture":"#4"}}},{"name":"octagon","from":[3.35736,17.75,3.5],"to":[5.84264,22.55,9.5],"rotation":{"angle":0,"axis":"y","origin":[4.6,20,6.5]},"faces":{"north":{"uv":[0,0,16,16],"texture":"#4"},"east":{"uv":[0,0,16,16],"texture":"#4"},"south":{"uv":[0,0,16,16],"texture":"#4"},"west":{"uv":[0,0,16,16],"texture":"#4"},"up":{"uv":[0,0,1,1],"texture":"#4"},"down":{"uv":[0,0,16,16],"texture":"#4"}}},{"name":"octagon","from":[1.6,17.75,5.25736],"to":[7.6,22.55,7.74264],"rotation":{"angle":45,"axis":"y","origin":[4.6,20,6.5]},"faces":{"north":{"uv":[0,0,16,16],"texture":"#4"},"east":{"uv":[0,0,16,16],"texture":"#4"},"south":{"uv":[0,0,16,16],"texture":"#4"},"west":{"uv":[0,0,16,16],"texture":"#4"},"up":{"uv":[0,0,1,1],"texture":"#4"},"down":{"uv":[0,0,16,16],"texture":"#4"}}},{"name":"octagon","from":[1.6,17.75,5.25736],"to":[7.6,22.45,7.74264],"rotation":{"angle":0,"axis":"y","origin":[4.6,20,6.5]},"faces":{"north":{"uv":[0,0,16,16],"texture":"#4"},"east":{"uv":[0,0,16,16],"texture":"#4"},"south":{"uv":[0,0,16,16],"texture":"#4"},"west":{"uv":[0,0,16,16],"texture":"#4"},"up":{"uv":[0,0,1,1],"texture":"#4"},"down":{"uv":[0,0,16,16],"texture":"#4"}}},{"name":"octagon","from":[3.35736,22.55,3.5],"to":[5.84264,22.65,9.5],"rotation":{"angle":45,"axis":"y","origin":[4.6,22.6,6.5]},"faces":{"north":{"uv":[0,0,1,1],"texture":"#2"},"east":{"uv":[0,0,1,1],"texture":"#2"},"south":{"uv":[0,0,1,1],"texture":"#2"},"west":{"uv":[0,0,1,1],"texture":"#2"},"up":{"uv":[5,5,14,14],"texture":"#2"},"down":{"uv":[0,0,1,1],"texture":"#2"}}},{"name":"octagon","from":[3.35736,22.55,3.5],"to":[5.84264,22.65,9.5],"rotation":{"angle":0,"axis":"y","origin":[4.6,22.6,6.5]},"faces":{"north":{"uv":[0,0,1,1],"texture":"#2"},"east":{"uv":[0,0,1,1],"texture":"#2"},"south":{"uv":[0,0,1,1],"texture":"#2"},"west":{"uv":[0,0,1,1],"texture":"#2"},"up":{"uv":[5,5,14,14],"texture":"#2"},"down":{"uv":[0,0,1,1],"texture":"#2"}}},{"name":"octagon","from":[1.6,22.55,5.25736],"to":[7.6,22.65,7.74264],"rotation":{"angle":45,"axis":"y","origin":[4.6,22.6,6.5]},"faces":{"north":{"uv":[0,0,1,1],"texture":"#2"},"east":{"uv":[0,0,1,1],"texture":"#2"},"south":{"uv":[0,0,1,1],"texture":"#2"},"west":{"uv":[0,0,1,1],"texture":"#2"},"up":{"uv":[5,5,14,14],"texture":"#2"},"down":{"uv":[0,0,1,1],"texture":"#2"}}},{"name":"octagon","from":[1.6,22.55,5.25736],"to":[7.6,22.65,7.74264],"rotation":{"angle":0,"axis":"y","origin":[4.6,22.6,6.5]},"faces":{"north":{"uv":[0,0,1,1],"texture":"#2"},"east":{"uv":[0,0,1,1],"texture":"#2"},"south":{"uv":[0,0,1,1],"texture":"#2"},"west":{"uv":[0,0,1,1],"texture":"#2"},"up":{"uv":[5,5,14,14],"texture":"#2"},"down":{"uv":[0,0,1,1],"texture":"#2"}}},{"name":"octagon","from":[3.29523,22.45,3.35],"to":[5.90477,22.55,3.6],"rotation":{"angle":45,"axis":"y","origin":[4.6,22.5,6.5]},"faces":{"north":{"uv":[0,0,1,1],"texture":"#0"},"east":{"uv":[0,0,1,1],"texture":"#0"},"south":{"uv":[0,0,1,1],"texture":"#0"},"west":{"uv":[0,0,1,1],"texture":"#0"},"up":{"uv":[0,0,16,16],"texture":"#0"},"down":{"uv":[0,0,16,16],"texture":"#0"}}},{"name":"octagon","from":[3.29523,22.45,3.35],"to":[5.90477,22.55,3.6],"rotation":{"angle":0,"axis":"y","origin":[4.6,22.5,6.5]},"faces":{"north":{"uv":[0,0,1,1],"texture":"#0"},"east":{"uv":[0,0,1,1],"texture":"#0"},"south":{"uv":[0,0,1,1],"texture":"#0"},"west":{"uv":[0,0,1,1],"texture":"#0"},"up":{"uv":[0,0,16,16],"texture":"#0"},"down":{"uv":[0,0,16,16],"texture":"#0"}}},{"name":"octagon","from":[3.29523,22.45,9.4],"to":[5.90477,22.55,9.65],"rotation":{"angle":45,"axis":"y","origin":[4.6,22.5,6.5]},"faces":{"north":{"uv":[0,0,1,1],"texture":"#0"},"east":{"uv":[0,0,1,1],"texture":"#0"},"south":{"uv":[0,0,1,1],"texture":"#0"},"west":{"uv":[0,0,1,1],"texture":"#0"},"up":{"uv":[0,0,16,16],"texture":"#0"},"down":{"uv":[0,0,16,16],"texture":"#0"}}},{"name":"octagon","from":[3.29523,22.45,9.4],"to":[5.90477,22.55,9.65],"rotation":{"angle":0,"axis":"y","origin":[4.6,22.5,6.5]},"faces":{"north":{"uv":[0,0,1,1],"texture":"#0"},"east":{"uv":[0,0,1,1],"texture":"#0"},"south":{"uv":[0,0,1,1],"texture":"#0"},"west":{"uv":[0,0,1,1],"texture":"#0"},"up":{"uv":[0,0,16,16],"texture":"#0"},"down":{"uv":[0,0,16,16],"texture":"#0"}}},{"name":"octagon","from":[1.45,22.45,5.19523],"to":[1.7,22.55,7.80477],"rotation":{"angle":45,"axis":"y","origin":[4.6,22.5,6.5]},"faces":{"north":{"uv":[0,0,1,1],"texture":"#0"},"east":{"uv":[0,0,1,1],"texture":"#0"},"south":{"uv":[0,0,1,1],"texture":"#0"},"west":{"uv":[0,0,1,1],"texture":"#0"},"up":{"uv":[0,0,16,16],"texture":"#0"},"down":{"uv":[0,0,16,16],"texture":"#0"}}},{"name":"octagon","from":[1.45,22.45,5.19523],"to":[1.7,22.55,7.80477],"rotation":{"angle":0,"axis":"y","origin":[4.6,22.5,6.5]},"faces":{"north":{"uv":[0,0,1,1],"texture":"#0"},"east":{"uv":[0,0,1,1],"texture":"#0"},"south":{"uv":[0,0,1,1],"texture":"#0"},"west":{"uv":[0,0,1,1],"texture":"#0"},"up":{"uv":[0,0,16,16],"texture":"#0"},"down":{"uv":[0,0,16,16],"texture":"#0"}}},{"name":"octagon","from":[7.5,22.45,5.19523],"to":[7.75,22.55,7.80477],"rotation":{"angle":45,"axis":"y","origin":[4.6,22.5,6.5]},"faces":{"north":{"uv":[0,0,1,1],"texture":"#0"},"east":{"uv":[0,0,1,1],"texture":"#0"},"south":{"uv":[0,0,1,1],"texture":"#0"},"west":{"uv":[0,0,1,1],"texture":"#0"},"up":{"uv":[0,0,16,16],"texture":"#0"},"down":{"uv":[0,0,16,16],"texture":"#0"}}},{"name":"octagon","from":[7.5,22.45,5.19523],"to":[7.75,22.55,7.80477],"rotation":{"angle":0,"axis":"y","origin":[4.6,22.5,6.5]},"faces":{"north":{"uv":[0,0,1,1],"texture":"#0"},"east":{"uv":[0,0,1,1],"texture":"#0"},"south":{"uv":[0,0,1,1],"texture":"#0"},"west":{"uv":[0,0,1,1],"texture":"#0"},"up":{"uv":[0,0,16,16],"texture":"#0"},"down":{"uv":[0,0,16,16],"texture":"#0"}}},{"name":"octagon","from":[3.2331,22.35,3.2],"to":[5.9669,22.45,3.45],"rotation":{"angle":45,"axis":"y","origin":[4.6,22.4,6.5]},"faces":{"north":{"uv":[0,0,1,1],"texture":"#0"},"east":{"uv":[0,0,1,1],"texture":"#0"},"south":{"uv":[0,0,1,1],"texture":"#0"},"west":{"uv":[0,0,1,1],"texture":"#0"},"up":{"uv":[0,0,16,16],"texture":"#0"},"down":{"uv":[0,0,16,16],"texture":"#0"}}},{"name":"octagon","from":[3.2331,22.35,3.2],"to":[5.9669,22.45,3.45],"rotation":{"angle":0,"axis":"y","origin":[4.6,22.4,6.5]},"faces":{"north":{"uv":[0,0,1,1],"texture":"#0"},"east":{"uv":[0,0,1,1],"texture":"#0"},"south":{"uv":[0,0,1,1],"texture":"#0"},"west":{"uv":[0,0,1,1],"texture":"#0"},"up":{"uv":[0,0,16,16],"texture":"#0"},"down":{"uv":[0,0,16,16],"texture":"#0"}}},{"name":"octagon","from":[3.2331,22.35,9.55],"to":[5.9669,22.45,9.8],"rotation":{"angle":45,"axis":"y","origin":[4.6,22.4,6.5]},"faces":{"north":{"uv":[0,0,1,1],"texture":"#0"},"east":{"uv":[0,0,1,1],"texture":"#0"},"south":{"uv":[0,0,1,1],"texture":"#0"},"west":{"uv":[0,0,1,1],"texture":"#0"},"up":{"uv":[0,0,16,16],"texture":"#0"},"down":{"uv":[0,0,16,16],"texture":"#0"}}},{"name":"octagon","from":[3.2331,22.35,9.55],"to":[5.9669,22.45,9.8],"rotation":{"angle":0,"axis":"y","origin":[4.6,22.4,6.5]},"faces":{"north":{"uv":[0,0,1,1],"texture":"#0"},"east":{"uv":[0,0,1,1],"texture":"#0"},"south":{"uv":[0,0,1,1],"texture":"#0"},"west":{"uv":[0,0,1,1],"texture":"#0"},"up":{"uv":[0,0,16,16],"texture":"#0"},"down":{"uv":[0,0,16,16],"texture":"#0"}}},{"name":"octagon","from":[1.3,22.35,5.1331],"to":[1.55,22.45,7.8669],"rotation":{"angle":45,"axis":"y","origin":[4.6,22.4,6.5]},"faces":{"north":{"uv":[0,0,1,1],"texture":"#0"},"east":{"uv":[0,0,1,1],"texture":"#0"},"south":{"uv":[0,0,1,1],"texture":"#0"},"west":{"uv":[0,0,1,1],"texture":"#0"},"up":{"uv":[0,0,16,16],"texture":"#0"},"down":{"uv":[0,0,16,16],"texture":"#0"}}},{"name":"octagon","from":[1.3,22.35,5.1331],"to":[1.55,22.45,7.8669],"rotation":{"angle":0,"axis":"y","origin":[4.6,22.4,6.5]},"faces":{"north":{"uv":[0,0,1,1],"texture":"#0"},"east":{"uv":[0,0,1,1],"texture":"#0"},"south":{"uv":[0,0,1,1],"texture":"#0"},"west":{"uv":[0,0,1,1],"texture":"#0"},"up":{"uv":[0,0,16,16],"texture":"#0"},"down":{"uv":[0,0,16,16],"texture":"#0"}}},{"name":"octagon","from":[7.65,22.35,5.1331],"to":[7.9,22.45,7.8669],"rotation":{"angle":45,"axis":"y","origin":[4.6,22.4,6.5]},"faces":{"north":{"uv":[0,0,1,1],"texture":"#0"},"east":{"uv":[0,0,1,1],"texture":"#0"},"south":{"uv":[0,0,1,1],"texture":"#0"},"west":{"uv":[0,0,1,1],"texture":"#0"},"up":{"uv":[0,0,16,16],"texture":"#0"},"down":{"uv":[0,0,16,16],"texture":"#0"}}},{"name":"octagon","from":[7.65,22.35,5.1331],"to":[7.9,22.45,7.8669],"rotation":{"angle":0,"axis":"y","origin":[4.6,22.4,6.5]},"faces":{"north":{"uv":[0,0,1,1],"texture":"#0"},"east":{"uv":[0,0,1,1],"texture":"#0"},"south":{"uv":[0,0,1,1],"texture":"#0"},"west":{"uv":[0,0,1,1],"texture":"#0"},"up":{"uv":[0,0,16,16],"texture":"#0"},"down":{"uv":[0,0,16,16],"texture":"#0"}}},{"name":"octagon","from":[3.17096,22.35,3.05],"to":[6.02904,22.45,3.3],"rotation":{"angle":45,"axis":"y","origin":[4.6,22.4,6.5]},"faces":{"north":{"uv":[0,0,1,1],"texture":"#0"},"east":{"uv":[0,0,1,1],"texture":"#0"},"south":{"uv":[0,0,1,1],"texture":"#0"},"west":{"uv":[0,0,1,1],"texture":"#0"},"up":{"uv":[0,0,16,16],"texture":"#0"},"down":{"uv":[0,0,16,16],"texture":"#0"}}},{"name":"octagon","from":[3.17096,22.35,3.05],"to":[6.02904,22.45,3.3],"rotation":{"angle":0,"axis":"y","origin":[4.6,22.4,6.5]},"faces":{"north":{"uv":[0,0,1,1],"texture":"#0"},"east":{"uv":[0,0,1,1],"texture":"#0"},"south":{"uv":[0,0,1,1],"texture":"#0"},"west":{"uv":[0,0,1,1],"texture":"#0"},"up":{"uv":[0,0,16,16],"texture":"#0"},"down":{"uv":[0,0,16,16],"texture":"#0"}}},{"name":"octagon","from":[3.17096,22.35,9.7],"to":[6.02904,22.45,9.95],"rotation":{"angle":45,"axis":"y","origin":[4.6,22.4,6.5]},"faces":{"north":{"uv":[0,0,1,1],"texture":"#0"},"east":{"uv":[0,0,1,1],"texture":"#0"},"south":{"uv":[0,0,1,1],"texture":"#0"},"west":{"uv":[0,0,1,1],"texture":"#0"},"up":{"uv":[0,0,16,16],"texture":"#0"},"down":{"uv":[0,0,16,16],"texture":"#0"}}},{"name":"octagon","from":[3.17096,22.35,9.7],"to":[6.02904,22.45,9.95],"rotation":{"angle":0,"axis":"y","origin":[4.6,22.4,6.5]},"faces":{"north":{"uv":[0,0,1,1],"texture":"#0"},"east":{"uv":[0,0,1,1],"texture":"#0"},"south":{"uv":[0,0,1,1],"texture":"#0"},"west":{"uv":[0,0,1,1],"texture":"#0"},"up":{"uv":[0,0,16,16],"texture":"#0"},"down":{"uv":[0,0,16,16],"texture":"#0"}}},{"name":"octagon","from":[1.15,22.35,5.07096],"to":[1.4,22.45,7.92904],"rotation":{"angle":45,"axis":"y","origin":[4.6,22.4,6.5]},"faces":{"north":{"uv":[0,0,1,1],"texture":"#0"},"east":{"uv":[0,0,1,1],"texture":"#0"},"south":{"uv":[0,0,1,1],"texture":"#0"},"west":{"uv":[0,0,1,1],"texture":"#0"},"up":{"uv":[0,0,16,16],"texture":"#0"},"down":{"uv":[0,0,16,16],"texture":"#0"}}},{"name":"octagon","from":[1.15,22.35,5.07096],"to":[1.4,22.45,7.92904],"rotation":{"angle":0,"axis":"y","origin":[4.6,22.4,6.5]},"faces":{"north":{"uv":[0,0,1,1],"texture":"#0"},"east":{"uv":[0,0,1,1],"texture":"#0"},"south":{"uv":[0,0,1,1],"texture":"#0"},"west":{"uv":[0,0,1,1],"texture":"#0"},"up":{"uv":[0,0,16,16],"texture":"#0"},"down":{"uv":[0,0,16,16],"texture":"#0"}}},{"name":"octagon","from":[7.8,22.35,5.07096],"to":[8.05,22.45,7.92904],"rotation":{"angle":45,"axis":"y","origin":[4.6,22.4,6.5]},"faces":{"north":{"uv":[0,0,1,1],"texture":"#0"},"east":{"uv":[0,0,1,1],"texture":"#0"},"south":{"uv":[0,0,1,1],"texture":"#0"},"west":{"uv":[0,0,1,1],"texture":"#0"},"up":{"uv":[0,0,16,16],"texture":"#0"},"down":{"uv":[0,0,16,16],"texture":"#0"}}},{"name":"octagon","from":[7.8,22.35,5.07096],"to":[8.05,22.45,7.92904],"rotation":{"angle":0,"axis":"y","origin":[4.6,22.4,6.5]},"faces":{"north":{"uv":[0,0,1,1],"texture":"#0"},"east":{"uv":[0,0,1,1],"texture":"#0"},"south":{"uv":[0,0,1,1],"texture":"#0"},"west":{"uv":[0,0,1,1],"texture":"#0"},"up":{"uv":[0,0,16,16],"texture":"#0"},"down":{"uv":[0,0,16,16],"texture":"#0"}}},{"name":"octagon","from":[3.10883,22.25,2.9],"to":[6.09117,22.35,3.15],"rotation":{"angle":45,"axis":"y","origin":[4.6,22.3,6.5]},"faces":{"north":{"uv":[0,0,1,1],"texture":"#0"},"east":{"uv":[0,0,1,1],"texture":"#0"},"south":{"uv":[0,0,1,1],"texture":"#0"},"west":{"uv":[0,0,1,1],"texture":"#0"},"up":{"uv":[0,0,16,16],"texture":"#0"},"down":{"uv":[0,0,16,16],"texture":"#0"}}},{"name":"octagon","from":[3.10883,22.25,2.9],"to":[6.09117,22.35,3.15],"rotation":{"angle":0,"axis":"y","origin":[4.6,22.3,6.5]},"faces":{"north":{"uv":[0,0,1,1],"texture":"#0"},"east":{"uv":[0,0,1,1],"texture":"#0"},"south":{"uv":[0,0,1,1],"texture":"#0"},"west":{"uv":[0,0,1,1],"texture":"#0"},"up":{"uv":[0,0,16,16],"texture":"#0"},"down":{"uv":[0,0,16,16],"texture":"#0"}}},{"name":"octagon","from":[3.10883,22.25,9.85],"to":[6.09117,22.35,10.1],"rotation":{"angle":45,"axis":"y","origin":[4.6,22.3,6.5]},"faces":{"north":{"uv":[0,0,1,1],"texture":"#0"},"east":{"uv":[0,0,1,1],"texture":"#0"},"south":{"uv":[0,0,1,1],"texture":"#0"},"west":{"uv":[0,0,1,1],"texture":"#0"},"up":{"uv":[0,0,16,16],"texture":"#0"},"down":{"uv":[0,0,16,16],"texture":"#0"}}},{"name":"octagon","from":[3.10883,22.25,9.85],"to":[6.09117,22.35,10.1],"rotation":{"angle":0,"axis":"y","origin":[4.6,22.3,6.5]},"faces":{"north":{"uv":[0,0,1,1],"texture":"#0"},"east":{"uv":[0,0,1,1],"texture":"#0"},"south":{"uv":[0,0,1,1],"texture":"#0"},"west":{"uv":[0,0,1,1],"texture":"#0"},"up":{"uv":[0,0,16,16],"texture":"#0"},"down":{"uv":[0,0,16,16],"texture":"#0"}}},{"name":"octagon","from":[1,22.25,5.00883],"to":[1.25,22.35,7.99117],"rotation":{"angle":45,"axis":"y","origin":[4.6,22.3,6.5]},"faces":{"north":{"uv":[0,0,1,1],"texture":"#0"},"east":{"uv":[0,0,1,1],"texture":"#0"},"south":{"uv":[0,0,1,1],"texture":"#0"},"west":{"uv":[0,0,1,1],"texture":"#0"},"up":{"uv":[0,0,16,16],"texture":"#0"},"down":{"uv":[0,0,16,16],"texture":"#0"}}},{"name":"octagon","from":[1,22.25,5.00883],"to":[1.25,22.35,7.99117],"rotation":{"angle":0,"axis":"y","origin":[4.6,22.3,6.5]},"faces":{"north":{"uv":[0,0,1,1],"texture":"#0"},"east":{"uv":[0,0,1,1],"texture":"#0"},"south":{"uv":[0,0,1,1],"texture":"#0"},"west":{"uv":[0,0,1,1],"texture":"#0"},"up":{"uv":[0,0,16,16],"texture":"#0"},"down":{"uv":[0,0,16,16],"texture":"#0"}}},{"name":"octagon","from":[7.95,22.25,5.00883],"to":[8.2,22.35,7.99117],"rotation":{"angle":45,"axis":"y","origin":[4.6,22.3,6.5]},"faces":{"north":{"uv":[0,0,1,1],"texture":"#0"},"east":{"uv":[0,0,1,1],"texture":"#0"},"south":{"uv":[0,0,1,1],"texture":"#0"},"west":{"uv":[0,0,1,1],"texture":"#0"},"up":{"uv":[0,0,16,16],"texture":"#0"},"down":{"uv":[0,0,16,16],"texture":"#0"}}},{"name":"octagon","from":[7.95,22.25,5.00883],"to":[8.2,22.35,7.99117],"rotation":{"angle":0,"axis":"y","origin":[4.6,22.3,6.5]},"faces":{"north":{"uv":[0,0,1,1],"texture":"#0"},"east":{"uv":[0,0,1,1],"texture":"#0"},"south":{"uv":[0,0,1,1],"texture":"#0"},"west":{"uv":[0,0,1,1],"texture":"#0"},"up":{"uv":[0,0,16,16],"texture":"#0"},"down":{"uv":[0,0,16,16],"texture":"#0"}}},{"name":"octagon","from":[3.0467,22.15,2.75],"to":[6.1533,22.25,3],"rotation":{"angle":45,"axis":"y","origin":[4.6,22.2,6.5]},"faces":{"north":{"uv":[0,0,1,1],"texture":"#0"},"east":{"uv":[0,0,1,1],"texture":"#0"},"south":{"uv":[0,0,1,1],"texture":"#0"},"west":{"uv":[0,0,1,1],"texture":"#0"},"up":{"uv":[0,0,16,16],"texture":"#0"},"down":{"uv":[0,0,16,16],"texture":"#0"}}},{"name":"octagon","from":[3.0467,22.15,2.75],"to":[6.1533,22.25,3],"rotation":{"angle":0,"axis":"y","origin":[4.6,22.2,6.5]},"faces":{"north":{"uv":[0,0,1,1],"texture":"#0"},"east":{"uv":[0,0,1,1],"texture":"#0"},"south":{"uv":[0,0,1,1],"texture":"#0"},"west":{"uv":[0,0,1,1],"texture":"#0"},"up":{"uv":[0,0,16,16],"texture":"#0"},"down":{"uv":[0,0,16,16],"texture":"#0"}}},{"name":"octagon","from":[3.0467,22.15,10],"to":[6.1533,22.25,10.25],"rotation":{"angle":45,"axis":"y","origin":[4.6,22.2,6.5]},"faces":{"north":{"uv":[0,0,1,1],"texture":"#0"},"east":{"uv":[0,0,1,1],"texture":"#0"},"south":{"uv":[0,0,1,1],"texture":"#0"},"west":{"uv":[0,0,1,1],"texture":"#0"},"up":{"uv":[0,0,16,16],"texture":"#0"},"down":{"uv":[0,0,16,16],"texture":"#0"}}},{"name":"octagon","from":[3.0467,22.15,10],"to":[6.1533,22.25,10.25],"rotation":{"angle":0,"axis":"y","origin":[4.6,22.2,6.5]},"faces":{"north":{"uv":[0,0,1,1],"texture":"#0"},"east":{"uv":[0,0,1,1],"texture":"#0"},"south":{"uv":[0,0,1,1],"texture":"#0"},"west":{"uv":[0,0,1,1],"texture":"#0"},"up":{"uv":[0,0,16,16],"texture":"#0"},"down":{"uv":[0,0,16,16],"texture":"#0"}}},{"name":"octagon","from":[0.85,22.15,4.9467],"to":[1.1,22.25,8.0533],"rotation":{"angle":45,"axis":"y","origin":[4.6,22.2,6.5]},"faces":{"north":{"uv":[0,0,1,1],"texture":"#0"},"east":{"uv":[0,0,1,1],"texture":"#0"},"south":{"uv":[0,0,1,1],"texture":"#0"},"west":{"uv":[0,0,1,1],"texture":"#0"},"up":{"uv":[0,0,16,16],"texture":"#0"},"down":{"uv":[0,0,16,16],"texture":"#0"}}},{"name":"octagon","from":[0.85,22.15,4.9467],"to":[1.1,22.25,8.0533],"rotation":{"angle":0,"axis":"y","origin":[4.6,22.2,6.5]},"faces":{"north":{"uv":[0,0,1,1],"texture":"#0"},"east":{"uv":[0,0,1,1],"texture":"#0"},"south":{"uv":[0,0,1,1],"texture":"#0"},"west":{"uv":[0,0,1,1],"texture":"#0"},"up":{"uv":[0,0,16,16],"texture":"#0"},"down":{"uv":[0,0,16,16],"texture":"#0"}}},{"name":"octagon","from":[8.1,22.15,4.9467],"to":[8.35,22.25,8.0533],"rotation":{"angle":45,"axis":"y","origin":[4.6,22.2,6.5]},"faces":{"north":{"uv":[0,0,1,1],"texture":"#0"},"east":{"uv":[0,0,1,1],"texture":"#0"},"south":{"uv":[0,0,1,1],"texture":"#0"},"west":{"uv":[0,0,1,1],"texture":"#0"},"up":{"uv":[0,0,16,16],"texture":"#0"},"down":{"uv":[0,0,16,16],"texture":"#0"}}},{"name":"octagon","from":[8.1,22.15,4.9467],"to":[8.35,22.25,8.0533],"rotation":{"angle":0,"axis":"y","origin":[4.6,22.2,6.5]},"faces":{"north":{"uv":[0,0,1,1],"texture":"#0"},"east":{"uv":[0,0,1,1],"texture":"#0"},"south":{"uv":[0,0,1,1],"texture":"#0"},"west":{"uv":[0,0,1,1],"texture":"#0"},"up":{"uv":[0,0,16,16],"texture":"#0"},"down":{"uv":[0,0,16,16],"texture":"#0"}}},{"name":"octagon","from":[2.94315,22.05,2.5],"to":[6.25685,22.15,2.9],"rotation":{"angle":45,"axis":"y","origin":[4.6,22.1,6.5]},"faces":{"north":{"uv":[0,0,1,1],"texture":"#0"},"east":{"uv":[0,0,1,1],"texture":"#0"},"south":{"uv":[0,0,1,1],"texture":"#0"},"west":{"uv":[0,0,1,1],"texture":"#0"},"up":{"uv":[0,0,16,16],"texture":"#0"},"down":{"uv":[0,0,16,16],"texture":"#0"}}},{"name":"octagon","from":[2.94315,22.05,2.5],"to":[6.25685,22.15,2.9],"rotation":{"angle":0,"axis":"y","origin":[4.6,22.1,6.5]},"faces":{"north":{"uv":[0,0,1,1],"texture":"#0"},"east":{"uv":[0,0,1,1],"texture":"#0"},"south":{"uv":[0,0,1,1],"texture":"#0"},"west":{"uv":[0,0,1,1],"texture":"#0"},"up":{"uv":[0,0,16,16],"texture":"#0"},"down":{"uv":[0,0,16,16],"texture":"#0"}}},{"name":"octagon","from":[2.94315,22.05,10.1],"to":[6.25685,22.15,10.5],"rotation":{"angle":45,"axis":"y","origin":[4.6,22.1,6.5]},"faces":{"north":{"uv":[0,0,1,1],"texture":"#0"},"east":{"uv":[0,0,1,1],"texture":"#0"},"south":{"uv":[0,0,1,1],"texture":"#0"},"west":{"uv":[0,0,1,1],"texture":"#0"},"up":{"uv":[0,0,16,16],"texture":"#0"},"down":{"uv":[0,0,16,16],"texture":"#0"}}},{"name":"octagon","from":[2.94315,22.05,10.1],"to":[6.25685,22.15,10.5],"rotation":{"angle":0,"axis":"y","origin":[4.6,22.1,6.5]},"faces":{"north":{"uv":[0,0,1,1],"texture":"#0"},"east":{"uv":[0,0,1,1],"texture":"#0"},"south":{"uv":[0,0,1,1],"texture":"#0"},"west":{"uv":[0,0,1,1],"texture":"#0"},"up":{"uv":[0,0,16,16],"texture":"#0"},"down":{"uv":[0,0,16,16],"texture":"#0"}}},{"name":"octagon","from":[0.6,22.05,4.84315],"to":[1,22.15,8.15685],"rotation":{"angle":45,"axis":"y","origin":[4.6,22.1,6.5]},"faces":{"north":{"uv":[0,0,1,1],"texture":"#0"},"east":{"uv":[0,0,1,1],"texture":"#0"},"south":{"uv":[0,0,1,1],"texture":"#0"},"west":{"uv":[0,0,1,1],"texture":"#0"},"up":{"uv":[0,0,16,16],"texture":"#0"},"down":{"uv":[0,0,16,16],"texture":"#0"}}},{"name":"octagon","from":[0.6,22.05,4.84315],"to":[1,22.15,8.15685],"rotation":{"angle":0,"axis":"y","origin":[4.6,22.1,6.5]},"faces":{"north":{"uv":[0,0,1,1],"texture":"#0"},"east":{"uv":[0,0,1,1],"texture":"#0"},"south":{"uv":[0,0,1,1],"texture":"#0"},"west":{"uv":[0,0,1,1],"texture":"#0"},"up":{"uv":[0,0,16,16],"texture":"#0"},"down":{"uv":[0,0,16,16],"texture":"#0"}}},{"name":"octagon","from":[8.2,22.05,4.84315],"to":[8.6,22.15,8.15685],"rotation":{"angle":45,"axis":"y","origin":[4.6,22.1,6.5]},"faces":{"north":{"uv":[0,0,1,1],"texture":"#0"},"east":{"uv":[0,0,1,1],"texture":"#0"},"south":{"uv":[0,0,1,1],"texture":"#0"},"west":{"uv":[0,0,1,1],"texture":"#0"},"up":{"uv":[0,0,16,16],"texture":"#0"},"down":{"uv":[0,0,16,16],"texture":"#0"}}},{"name":"octagon","from":[8.2,22.05,4.84315],"to":[8.6,22.15,8.15685],"rotation":{"angle":0,"axis":"y","origin":[4.6,22.1,6.5]},"faces":{"north":{"uv":[0,0,1,1],"texture":"#0"},"east":{"uv":[0,0,1,1],"texture":"#0"},"south":{"uv":[0,0,1,1],"texture":"#0"},"west":{"uv":[0,0,1,1],"texture":"#0"},"up":{"uv":[0,0,16,16],"texture":"#0"},"down":{"uv":[0,0,16,16],"texture":"#0"}}},{"name":"octagon","from":[2.83959,21.95,2.25],"to":[6.36041,22.05,2.65],"rotation":{"angle":45,"axis":"y","origin":[4.6,22,6.5]},"faces":{"north":{"uv":[0,0,1,1],"texture":"#0"},"east":{"uv":[0,0,1,1],"texture":"#0"},"south":{"uv":[0,0,1,1],"texture":"#0"},"west":{"uv":[0,0,1,1],"texture":"#0"},"up":{"uv":[0,0,16,16],"texture":"#0"},"down":{"uv":[0,0,16,16],"texture":"#0"}}},{"name":"octagon","from":[2.83959,21.95,2.25],"to":[6.36041,22.05,2.65],"rotation":{"angle":0,"axis":"y","origin":[4.6,22,6.5]},"faces":{"north":{"uv":[0,0,1,1],"texture":"#0"},"east":{"uv":[0,0,1,1],"texture":"#0"},"south":{"uv":[0,0,1,1],"texture":"#0"},"west":{"uv":[0,0,1,1],"texture":"#0"},"up":{"uv":[0,0,16,16],"texture":"#0"},"down":{"uv":[0,0,16,16],"texture":"#0"}}},{"name":"octagon","from":[2.83959,21.95,10.35],"to":[6.36041,22.05,10.75],"rotation":{"angle":45,"axis":"y","origin":[4.6,22,6.5]},"faces":{"north":{"uv":[0,0,1,1],"texture":"#0"},"east":{"uv":[0,0,1,1],"texture":"#0"},"south":{"uv":[0,0,1,1],"texture":"#0"},"west":{"uv":[0,0,1,1],"texture":"#0"},"up":{"uv":[0,0,16,16],"texture":"#0"},"down":{"uv":[0,0,16,16],"texture":"#0"}}},{"name":"octagon","from":[2.83959,21.95,10.35],"to":[6.36041,22.05,10.75],"rotation":{"angle":0,"axis":"y","origin":[4.6,22,6.5]},"faces":{"north":{"uv":[0,0,1,1],"texture":"#0"},"east":{"uv":[0,0,1,1],"texture":"#0"},"south":{"uv":[0,0,1,1],"texture":"#0"},"west":{"uv":[0,0,1,1],"texture":"#0"},"up":{"uv":[0,0,16,16],"texture":"#0"},"down":{"uv":[0,0,16,16],"texture":"#0"}}},{"name":"octagon","from":[0.35,21.95,4.73959],"to":[0.75,22.05,8.26041],"rotation":{"angle":45,"axis":"y","origin":[4.6,22,6.5]},"faces":{"north":{"uv":[0,0,1,1],"texture":"#0"},"east":{"uv":[0,0,1,1],"texture":"#0"},"south":{"uv":[0,0,1,1],"texture":"#0"},"west":{"uv":[0,0,1,1],"texture":"#0"},"up":{"uv":[0,0,16,16],"texture":"#0"},"down":{"uv":[0,0,16,16],"texture":"#0"}}},{"name":"octagon","from":[0.35,21.95,4.73959],"to":[0.75,22.05,8.26041],"rotation":{"angle":0,"axis":"y","origin":[4.6,22,6.5]},"faces":{"north":{"uv":[0,0,1,1],"texture":"#0"},"east":{"uv":[0,0,1,1],"texture":"#0"},"south":{"uv":[0,0,1,1],"texture":"#0"},"west":{"uv":[0,0,1,1],"texture":"#0"},"up":{"uv":[0,0,16,16],"texture":"#0"},"down":{"uv":[0,0,16,16],"texture":"#0"}}},{"name":"octagon","from":[8.45,21.95,4.73959],"to":[8.85,22.05,8.26041],"rotation":{"angle":45,"axis":"y","origin":[4.6,22,6.5]},"faces":{"north":{"uv":[0,0,1,1],"texture":"#0"},"east":{"uv":[0,0,1,1],"texture":"#0"},"south":{"uv":[0,0,1,1],"texture":"#0"},"west":{"uv":[0,0,1,1],"texture":"#0"},"up":{"uv":[0,0,16,16],"texture":"#0"},"down":{"uv":[0,0,16,16],"texture":"#0"}}},{"name":"octagon","from":[8.45,21.95,4.73959],"to":[8.85,22.05,8.26041],"rotation":{"angle":0,"axis":"y","origin":[4.6,22,6.5]},"faces":{"north":{"uv":[0,0,1,1],"texture":"#0"},"east":{"uv":[0,0,1,1],"texture":"#0"},"south":{"uv":[0,0,1,1],"texture":"#0"},"west":{"uv":[0,0,1,1],"texture":"#0"},"up":{"uv":[0,0,16,16],"texture":"#0"},"down":{"uv":[0,0,16,16],"texture":"#0"}}},{"name":"octagon","from":[2.73604,21.85,2],"to":[6.46396,21.95,2.4],"rotation":{"angle":45,"axis":"y","origin":[4.6,21.9,6.5]},"faces":{"north":{"uv":[0,0,1,1],"texture":"#0"},"east":{"uv":[0,0,1,1],"texture":"#0"},"south":{"uv":[0,0,1,1],"texture":"#0"},"west":{"uv":[0,0,1,1],"texture":"#0"},"up":{"uv":[0,0,16,16],"texture":"#0"},"down":{"uv":[0,0,16,16],"texture":"#0"}}},{"name":"octagon","from":[2.73604,21.85,2],"to":[6.46396,21.95,2.4],"rotation":{"angle":0,"axis":"y","origin":[4.6,21.9,6.5]},"faces":{"north":{"uv":[0,0,1,1],"texture":"#0"},"east":{"uv":[0,0,1,1],"texture":"#0"},"south":{"uv":[0,0,1,1],"texture":"#0"},"west":{"uv":[0,0,1,1],"texture":"#0"},"up":{"uv":[0,0,16,16],"texture":"#0"},"down":{"uv":[0,0,16,16],"texture":"#0"}}},{"name":"octagon","from":[2.73604,21.85,10.6],"to":[6.46396,21.95,11],"rotation":{"angle":45,"axis":"y","origin":[4.6,21.9,6.5]},"faces":{"north":{"uv":[0,0,1,1],"texture":"#0"},"east":{"uv":[0,0,1,1],"texture":"#0"},"south":{"uv":[0,0,1,1],"texture":"#0"},"west":{"uv":[0,0,1,1],"texture":"#0"},"up":{"uv":[0,0,16,16],"texture":"#0"},"down":{"uv":[0,0,16,16],"texture":"#0"}}},{"name":"octagon","from":[2.73604,21.85,10.6],"to":[6.46396,21.95,11],"rotation":{"angle":0,"axis":"y","origin":[4.6,21.9,6.5]},"faces":{"north":{"uv":[0,0,1,1],"texture":"#0"},"east":{"uv":[0,0,1,1],"texture":"#0"},"south":{"uv":[0,0,1,1],"texture":"#0"},"west":{"uv":[0,0,1,1],"texture":"#0"},"up":{"uv":[0,0,16,16],"texture":"#0"},"down":{"uv":[0,0,16,16],"texture":"#0"}}},{"name":"octagon","from":[0.1,21.85,4.63604],"to":[0.5,21.95,8.36396],"rotation":{"angle":45,"axis":"y","origin":[4.6,21.9,6.5]},"faces":{"north":{"uv":[0,0,1,1],"texture":"#0"},"east":{"uv":[0,0,1,1],"texture":"#0"},"south":{"uv":[0,0,1,1],"texture":"#0"},"west":{"uv":[0,0,1,1],"texture":"#0"},"up":{"uv":[0,0,16,16],"texture":"#0"},"down":{"uv":[0,0,16,16],"texture":"#0"}}},{"name":"octagon","from":[0.1,21.85,4.63604],"to":[0.5,21.95,8.36396],"rotation":{"angle":0,"axis":"y","origin":[4.6,21.9,6.5]},"faces":{"north":{"uv":[0,0,1,1],"texture":"#0"},"east":{"uv":[0,0,1,1],"texture":"#0"},"south":{"uv":[0,0,1,1],"texture":"#0"},"west":{"uv":[0,0,1,1],"texture":"#0"},"up":{"uv":[0,0,16,16],"texture":"#0"},"down":{"uv":[0,0,16,16],"texture":"#0"}}},{"name":"octagon","from":[8.7,21.85,4.63604],"to":[9.1,21.95,8.36396],"rotation":{"angle":45,"axis":"y","origin":[4.6,21.9,6.5]},"faces":{"north":{"uv":[0,0,1,1],"texture":"#0"},"east":{"uv":[0,0,1,1],"texture":"#0"},"south":{"uv":[0,0,1,1],"texture":"#0"},"west":{"uv":[0,0,1,1],"texture":"#0"},"up":{"uv":[0,0,16,16],"texture":"#0"},"down":{"uv":[0,0,16,16],"texture":"#0"}}},{"name":"octagon","from":[8.7,21.85,4.63604],"to":[9.1,21.95,8.36396],"rotation":{"angle":0,"axis":"y","origin":[4.6,21.9,6.5]},"faces":{"north":{"uv":[0,0,1,1],"texture":"#0"},"east":{"uv":[0,0,1,1],"texture":"#0"},"south":{"uv":[0,0,1,1],"texture":"#0"},"west":{"uv":[0,0,1,1],"texture":"#0"},"up":{"uv":[0,0,16,16],"texture":"#0"},"down":{"uv":[0,0,16,16],"texture":"#0"}}}],"display":{"thirdperson_righthand":{"translation":[1.5,2.5,0.5],"scale":[0.3,0.3,0.3]},"thirdperson_lefthand":{"translation":[0,0.75,0.5],"scale":[0.3,0.3,0.3]},"firstperson_righthand":{"rotation":[7,4,7],"translation":[2,1,2.25],"scale":[0.5,0.5,0.5]},"firstperson_lefthand":{"rotation":[-13,0,14],"translation":[0,0.5,1.25],"scale":[0.5,0.5,0.5]},"ground":{"translation":[0,4.75,0],"scale":[0.4,0.4,0.4]},"gui":{"translation":[1.5,1.5,0],"scale":[0.4,0.4,0.4]},"head":{"translation":[0,40.75,0],"scale":[3.5,3.5,3.5]},"fixed":{"translation":[1.5,0,0],"scale":[0.3,0.3,0.3]}},"groups":[{"name":"hexadecagon","origin":[8,8,8],"children":[0,1,2,3,4,5,6,7]},{"name":"hexadecagon","origin":[8,8,8],"children":[8,9,10,11,12,13,14,15]},{"name":"hexadecagon","origin":[8,8,8],"children":[16,17,18,19,20,21,22,23]},{"name":"hexadecagon","origin":[8,8,8],"children":[24,25,26,27,28,29,30,31]},{"name":"hexadecagon","origin":[8,8,8],"children":[32,33,34,35,36,37,38,39]},{"name":"hexadecagon","origin":[8,8,8],"children":[40,41,42,43,44,45,46,47]},{"name":"octagon","origin":[8,8,8],"children":[48,49,50,51]},{"name":"octagon","origin":[8,8,8],"children":[52,53,54,55]},{"name":"octagon","origin":[8,8,8],"children":[56,57,58,59]},{"name":"octagon","origin":[8,8,8],"children":[60,61,62,63,64,65,66,67]},{"name":"octagon","origin":[8,8,8],"children":[68,69,70,71,72,73,74,75]},{"name":"octagon","origin":[8,8,8],"children":[76,77,78,79,80,81,82,83]},{"name":"octagon","origin":[8,8,8],"children":[84,85,86,87,88,89,90,91]},{"name":"octagon","origin":[8,8,8],"children":[92,93,94,95,96,97,98,99]},{"name":"octagon","origin":[8,8,8],"children":[100,101,102,103,104,105,106,107]},{"name":"octagon","origin":[8,8,8],"children":[108,109,110,111,112,113,114,115]},{"name":"octagon","origin":[8,8,8],"children":[116,117,118,119,120,121,122,123]}]}