{"credit":"MadewithBlockbench","textures":{"0":"block/oak_log","1":"block/iron_block","2":"block/red_wool","3":"block/cyan_terracotta","particle":"block/dirt"},"elements":[{"name":"Cube","from":[7,0,7],"to":[9,14,9],"faces":{"north":{"uv":[0,0,2,14],"texture":"#0"},"east":{"uv":[0,0,2,14],"texture":"#0"},"south":{"uv":[0,0,2,14],"texture":"#0"},"west":{"uv":[0,0,2,14],"texture":"#0"},"up":{"uv":[0,0,2,2],"texture":"#0"},"down":{"uv":[0,0,2,2],"texture":"#0"}}},{"name":"Cube","from":[5,14,5],"to":[11,15,14],"faces":{"north":{"uv":[3,0,9,1],"texture":"#1"},"east":{"uv":[0,0,9,1],"texture":"#1"},"south":{"uv":[0,0,6,1],"texture":"#1"},"west":{"uv":[0,0,9,1],"texture":"#1"},"up":{"uv":[1,0,7,9],"texture":"#1"},"down":{"uv":[1,1,7,10],"texture":"#1"}}},{"name":"Cube","from":[5,15,5],"to":[6,18,14],"faces":{"north":{"uv":[0,0,1,3],"texture":"#1"},"east":{"uv":[7,0,16,3],"texture":"#1"},"south":{"uv":[4,0,5,3],"texture":"#1"},"west":{"uv":[0,0,9,3],"texture":"#1"},"up":{"uv":[0,0,1,9],"texture":"#1"},"down":{"uv":[0,0,1,9],"texture":"#1"}}},{"name":"Cube","from":[10,15,5],"to":[11,18,14],"faces":{"north":{"uv":[0,0,1,3],"texture":"#1"},"east":{"uv":[7,0,16,3],"texture":"#1"},"south":{"uv":[3,0,4,3],"texture":"#1"},"west":{"uv":[0,0,9,3],"texture":"#1"},"up":{"uv":[0,0,1,9],"texture":"#1"},"down":{"uv":[0,0,1,9],"texture":"#1"}}},{"name":"Cube","from":[6,17,5],"to":[7,19,14],"faces":{"north":{"uv":[0,0,1,2],"texture":"#1"},"east":{"uv":[0,0,9,2],"texture":"#1"},"south":{"uv":[0,0,1,2],"texture":"#1"},"west":{"uv":[0,0,9,2],"texture":"#1"},"up":{"uv":[0,0,1,9],"texture":"#1"},"down":{"uv":[3,1,4,10],"texture":"#1"}}},{"name":"Cube","from":[9,17,5],"to":[10,19,14],"faces":{"north":{"uv":[0,0,1,2],"texture":"#1"},"east":{"uv":[0,0,9,2],"texture":"#1"},"south":{"uv":[0,0,1,2],"texture":"#1"},"west":{"uv":[0,0,9,2],"texture":"#1"},"up":{"uv":[0,0,1,9],"texture":"#1"},"down":{"uv":[3,1,4,10],"texture":"#1"}}},{"name":"Cube","from":[7,18,5],"to":[9,19,14],"faces":{"north":{"uv":[0,0,2,1],"texture":"#1"},"east":{"uv":[0,0,1,7],"texture":"#1"},"south":{"uv":[0,0,2,1],"texture":"#1"},"west":{"uv":[0,0,9,1],"texture":"#1"},"up":{"uv":[0,0,1,9],"texture":"#1"},"down":{"uv":[3,1,5,10],"texture":"#1"}}},{"name":"Cube","from":[11,15.4,10],"to":[12,16.1,13],"faces":{"north":{"uv":[0,0,1,0.7],"texture":"#2"},"east":{"uv":[0,0,3,0.7],"texture":"#2"},"south":{"uv":[0,0,1,0.7],"texture":"#2"},"west":{"uv":[0,0,3,0.7],"texture":"#2"},"up":{"uv":[0,0,1,3],"texture":"#2"},"down":{"uv":[0,0,1,3],"texture":"#2"}}},{"name":"Cube","from":[11,16.1,9],"to":[12,16.8,12],"faces":{"north":{"uv":[0,0,1,0.7],"texture":"#2"},"east":{"uv":[0,0,3,0.7],"texture":"#2"},"south":{"uv":[0,0,1,0.7],"texture":"#2"},"west":{"uv":[0,0,3,0.7],"texture":"#2"},"up":{"uv":[0,0,1,3],"texture":"#2"},"down":{"uv":[0,0,1,3],"texture":"#2"}}},{"name":"Cube","from":[6,15,5],"to":[10,17,6],"faces":{"north":{"uv":[0,0,4,1],"texture":"#1"},"east":{"uv":[0,0,1,2],"texture":"#1"},"south":{"uv":[6,2,10,3],"texture":"#1"},"west":{"uv":[0,0,1,2],"texture":"#1"},"up":{"uv":[0,0,4,1],"texture":"#1"},"down":{"uv":[0,0,4,1],"texture":"#1"}}},{"name":"Cube","from":[7,17,5],"to":[9,18,6],"faces":{"north":{"uv":[4,0,6,1],"texture":"#1"},"east":{"uv":[0,0,1,1],"texture":"#1"},"south":{"uv":[6,2,10,3],"texture":"#1"},"west":{"uv":[0,0,1,1],"texture":"#1"},"up":{"uv":[0,0,2,1],"texture":"#1"},"down":{"uv":[0,0,2,1],"texture":"#1"}}},{"name":"Cube","from":[6,15,13.3],"to":[10,17,14.3],"faces":{"north":{"uv":[5,3,9,5],"texture":"#1"},"east":{"uv":[7,6,8,8],"texture":"#1"},"south":{"uv":[6,6,10,8],"texture":"#1"},"west":{"uv":[7,8,8,10],"texture":"#1"},"up":{"uv":[2,5,6,6],"texture":"#1"},"down":{"uv":[0,0,4,1],"texture":"#1"}}},{"name":"Cube","from":[7,17,13.3],"to":[9,18,14.3],"faces":{"north":{"uv":[5,3,7,4],"texture":"#1"},"east":{"uv":[7,6,8,7],"texture":"#1"},"south":{"uv":[6,6,8,7],"texture":"#1"},"west":{"uv":[7,8,8,9],"texture":"#1"},"up":{"uv":[2,5,4,6],"texture":"#1"},"down":{"uv":[0,0,2,1],"texture":"#1"}}},{"name":"Cube","from":[6.8,15.5,13.6],"to":[9.2,16.5,14.6],"faces":{"north":{"uv":[5,3,7.4,4],"texture":"#3"},"east":{"uv":[7,6,8,7],"texture":"#3"},"south":{"uv":[6,6,8.4,7],"texture":"#3"},"west":{"uv":[7,8,8,9],"texture":"#3"},"up":{"uv":[2,5,4.4,6],"texture":"#3"},"down":{"uv":[0,0,2.4,1],"texture":"#3"}}}],"display":{"gui":{"rotation":[0,-42,0],"scale":[0.7,0.7,0.7]},"head":{"translation":[0,-28,0],"scale":[1.8,1.8,1.8]}}}