{"textures":{"0":"block/spruce_planks","1":"block/black_concrete","particle":"block/spruce_planks"},"elements":[{"from":[-8,5,6],"to":[24,7,9],"faces":{"north":{"uv":[0,0,16,4],"texture":"#0"},"east":{"uv":[0,0,5,4],"texture":"#0"},"south":{"uv":[0,0,16,4],"texture":"#0"},"west":{"uv":[0,0,5,4],"texture":"#0"},"up":{"uv":[0,4,16,8],"texture":"#0"},"down":{"uv":[0,0,16,4],"texture":"#0"}}},{"from":[-8,5,10],"to":[24,7,13],"faces":{"north":{"uv":[0,0,16,4],"texture":"#0"},"east":{"uv":[0,0,5,4],"texture":"#0"},"south":{"uv":[0,0,16,3],"texture":"#0"},"west":{"uv":[0,0,5,4],"texture":"#0"},"up":{"uv":[0,0,16,4],"texture":"#0"},"down":{"uv":[0,0,16,4],"texture":"#0"}}},{"from":[-8,5,2],"to":[24,7,5],"faces":{"north":{"uv":[0,0,16,3],"texture":"#0"},"east":{"uv":[0,0,5,4],"texture":"#0"},"south":{"uv":[0,0,16,4],"texture":"#0"},"west":{"uv":[0,0,5,4],"texture":"#0"},"up":{"uv":[0,11,16,15],"texture":"#0"},"down":{"uv":[0,0,16,4],"texture":"#0"}}},{"from":[-8,11.5,13.5],"to":[24,14.5,15.5],"rotation":{"angle":0,"axis":"x","origin":[8,6,7.5]},"faces":{"north":{"uv":[0,4,16,8],"rotation":180,"texture":"#0"},"east":{"uv":[0,0,5,4],"rotation":90,"texture":"#0"},"south":{"uv":[0,8,16,12],"rotation":180,"texture":"#0"},"west":{"uv":[0,0,5,4],"rotation":270,"texture":"#0"},"up":{"uv":[0,0,16,4],"texture":"#0"},"down":{"uv":[0,0,16,4],"rotation":180,"texture":"#0"}}},{"from":[-8,15.5,13.5],"to":[24,18.5,15.5],"rotation":{"angle":0,"axis":"x","origin":[8,6,7.5]},"faces":{"north":{"uv":[0,8,16,12],"rotation":180,"texture":"#0"},"east":{"uv":[0,0,5,4],"rotation":90,"texture":"#0"},"south":{"uv":[0,4,16,8],"rotation":180,"texture":"#0"},"west":{"uv":[0,0,5,4],"rotation":270,"texture":"#0"},"up":{"uv":[0,0,16,4],"texture":"#0"},"down":{"uv":[0,0,16,4],"rotation":180,"texture":"#0"}}},{"from":[-8,7.5,13.5],"to":[24,10.5,15.5],"rotation":{"angle":0,"axis":"x","origin":[8,6,7.5]},"faces":{"north":{"uv":[0,12,16,16],"rotation":180,"texture":"#0"},"east":{"uv":[0,0,5,4],"rotation":90,"texture":"#0"},"south":{"uv":[0,12,16,16],"rotation":180,"texture":"#0"},"west":{"uv":[0,0,5,4],"rotation":270,"texture":"#0"},"up":{"uv":[0,0,16,4],"texture":"#0"},"down":{"uv":[0,0,16,4],"rotation":180,"texture":"#0"}}},{"from":[-8,3,2],"to":[24,4.5,3.5],"faces":{"north":{"uv":[0,0,5,4],"texture":"#1"},"east":{"uv":[0,0,5,4],"texture":"#1"},"south":{"uv":[0,0,5,4],"texture":"#1"},"west":{"uv":[0,0,5,4],"texture":"#1"},"up":{"uv":[0,0,5,4],"texture":"#1"},"down":{"uv":[0,0,5,4],"texture":"#1"}}},{"from":[24,-2.5,1.25],"to":[25.5,7.5,3.25],"faces":{"north":{"uv":[0,0,5,4],"texture":"#1"},"east":{"uv":[0,0,5,4],"texture":"#1"},"south":{"uv":[0,0,5,4],"texture":"#1"},"west":{"uv":[0,0,5,4],"texture":"#1"},"up":{"uv":[0,0,5,4],"texture":"#1"},"down":{"uv":[0,0,5,4],"texture":"#1"}}},{"from":[24,7.5,4.25],"to":[25.5,12,5.75],"faces":{"north":{"uv":[0,0,5,4],"texture":"#1"},"east":{"uv":[0,0,5,4],"texture":"#1"},"south":{"uv":[0,0,5,4],"texture":"#1"},"west":{"uv":[0,0,5,4],"texture":"#1"},"up":{"uv":[0,0,5,4],"texture":"#1"},"down":{"uv":[0,0,5,4],"texture":"#1"}}},{"from":[24,5.5,3.25],"to":[25.5,7.5,16],"faces":{"north":{"uv":[0,0,5,4],"texture":"#1"},"east":{"uv":[0,0,5,4],"texture":"#1"},"south":{"uv":[0,0,5,4],"texture":"#1"},"west":{"uv":[0,0,5,4],"texture":"#1"},"up":{"uv":[0,0,5,4],"texture":"#1"},"down":{"uv":[0,0,5,4],"texture":"#1"}}},{"from":[24,10.5,5.75],"to":[25.5,12,13.25],"faces":{"north":{"uv":[0,0,5,4],"texture":"#1"},"east":{"uv":[0,0,5,4],"texture":"#1"},"south":{"uv":[0,0,5,4],"texture":"#1"},"west":{"uv":[0,0,5,4],"texture":"#1"},"up":{"uv":[0,0,5,4],"texture":"#1"},"down":{"uv":[0,0,5,4],"texture":"#1"}}},{"from":[24,-2.5,14],"to":[25.5,5.5,16],"faces":{"north":{"uv":[0,0,5,4],"texture":"#1"},"east":{"uv":[0,0,5,4],"texture":"#1"},"south":{"uv":[0,0,5,4],"texture":"#1"},"west":{"uv":[0,0,5,4],"texture":"#1"},"up":{"uv":[0,0,5,4],"texture":"#1"},"down":{"uv":[0,0,5,4],"texture":"#1"}}},{"from":[24,7.5,13.25],"to":[25.5,19,16],"faces":{"north":{"uv":[0,0,5,4],"texture":"#1"},"east":{"uv":[0,0,5,4],"texture":"#1"},"south":{"uv":[0,0,5,4],"texture":"#1"},"west":{"uv":[0,0,5,4],"texture":"#1"},"up":{"uv":[0,0,5,4],"texture":"#1"},"down":{"uv":[0,0,5,4],"texture":"#1"}}},{"from":[-9.5,-2.5,1.25],"to":[-8,7.5,3.25],"faces":{"north":{"uv":[0,0,5,4],"texture":"#1"},"east":{"uv":[0,0,5,4],"texture":"#1"},"south":{"uv":[0,0,5,4],"texture":"#1"},"west":{"uv":[0,0,5,4],"texture":"#1"},"up":{"uv":[0,0,5,4],"texture":"#1"},"down":{"uv":[0,0,5,4],"texture":"#1"}}},{"from":[-9.5,5.5,3.25],"to":[-8,7.5,16],"faces":{"north":{"uv":[0,0,5,4],"texture":"#1"},"east":{"uv":[0,0,5,4],"texture":"#1"},"south":{"uv":[0,0,5,4],"texture":"#1"},"west":{"uv":[0,0,5,4],"texture":"#1"},"up":{"uv":[0,0,5,4],"texture":"#1"},"down":{"uv":[0,0,5,4],"texture":"#1"}}},{"from":[-9.5,-2.5,14],"to":[-8,5.5,16],"faces":{"north":{"uv":[0,0,5,4],"texture":"#1"},"east":{"uv":[0,0,5,4],"texture":"#1"},"south":{"uv":[0,0,5,4],"texture":"#1"},"west":{"uv":[0,0,5,4],"texture":"#1"},"up":{"uv":[0,0,5,4],"texture":"#1"},"down":{"uv":[0,0,5,4],"texture":"#1"}}},{"from":[-9.5,7.5,13.25],"to":[-8,19,16],"faces":{"north":{"uv":[0,0,5,4],"texture":"#1"},"east":{"uv":[0,0,5,4],"texture":"#1"},"south":{"uv":[0,0,5,4],"texture":"#1"},"west":{"uv":[0,0,5,4],"texture":"#1"},"up":{"uv":[0,0,5,4],"texture":"#1"},"down":{"uv":[0,0,5,4],"texture":"#1"}}},{"from":[-9.5,10.5,5.75],"to":[-8,12,13.25],"faces":{"north":{"uv":[0,0,5,4],"texture":"#1"},"east":{"uv":[0,0,5,4],"texture":"#1"},"south":{"uv":[0,0,5,4],"texture":"#1"},"west":{"uv":[0,0,5,4],"texture":"#1"},"up":{"uv":[0,0,5,4],"texture":"#1"},"down":{"uv":[0,0,5,4],"texture":"#1"}}},{"from":[-9.5,7.5,4.25],"to":[-8,12,5.75],"faces":{"north":{"uv":[0,0,5,4],"texture":"#1"},"east":{"uv":[0,0,5,4],"texture":"#1"},"south":{"uv":[0,0,5,4],"texture":"#1"},"west":{"uv":[0,0,5,4],"texture":"#1"},"up":{"uv":[0,0,5,4],"texture":"#1"},"down":{"uv":[0,0,5,4],"texture":"#1"}}}],"display":{"thirdperson_righthand":{"rotation":[70,45,0],"translation":[2,4,-1],"scale":[0.25,0.25,0.25]},"firstperson_righthand":{"rotation":[0,100,0],"translation":[1.5,0.5,0],"scale":[0.3,0.3,0.3]},"ground":{"translation":[0,3.5,0],"scale":[0.25,0.25,0.25]},"gui":{"rotation":[25,135,0],"translation":[-0.25,-0.25,0],"scale":[0.45,0.45,0.45]},"head":{"rotation":[0,-180,0],"translation":[-18.5,-15,0],"scale":[2.3,2.3,2.3]},"fixed":{"translation":[0,0,-4],"scale":[0.5,0.5,0.5]}},"groups":[{"name":"group","origin":[8,8,8],"children":[0,1,2]},{"name":"group","origin":[8,8,8],"children":[3,4,5]},6,{"name":"group","origin":[0,0,0],"children":[7,8,9,10,11,12]},{"name":"group","origin":[0,0,0],"children":[13,14,15,16,17,18]}]}