{"credit":"MadewithBlockbench","textures":{"0":"block/anvil","1":"block/light_gray_wool","3":"block/iron_block","4":"block/black_concrete_powder","5":"block/andesite","particle":"block/anvil"},"elements":[{"from":[9.25,0,2.25],"to":[9.75,0.5,2.75],"rotation":{"angle":0,"axis":"y","origin":[17,8,10]},"faces":{"north":{"uv":[0,0,0.5,0.5],"texture":"#4"},"east":{"uv":[0,0,0.5,0.5],"texture":"#4"},"south":{"uv":[0,0,0.5,0.5],"texture":"#4"},"up":{"uv":[0,0,0.5,0.5],"texture":"#4"},"down":{"uv":[0,0,0.5,0.5],"texture":"#4"}}},{"from":[11.25,0,11.25],"to":[11.75,0.5,11.75],"rotation":{"angle":0,"axis":"y","origin":[19,8,19]},"faces":{"north":{"uv":[0,0,0.5,0.5],"texture":"#4"},"east":{"uv":[0,0,0.5,0.5],"texture":"#4"},"west":{"uv":[0,0,0.5,0.5],"texture":"#4"},"up":{"uv":[0,0,0.5,0.5],"texture":"#4"},"down":{"uv":[0,0,0.5,0.5],"texture":"#4"}}},{"from":[4.25,0,11.25],"to":[4.75,0.5,11.75],"rotation":{"angle":0,"axis":"y","origin":[12,8,19]},"faces":{"north":{"uv":[0,0,0.5,0.5],"texture":"#4"},"east":{"uv":[0,0,0.5,0.5],"texture":"#4"},"west":{"uv":[0,0,0.5,0.5],"texture":"#4"},"up":{"uv":[0,0,0.5,0.5],"texture":"#4"},"down":{"uv":[0,0,0.5,0.5],"texture":"#4"}}},{"from":[4.25,0,14.25],"to":[4.75,0.5,14.75],"rotation":{"angle":0,"axis":"y","origin":[12,8,22]},"faces":{"east":{"uv":[0,0,0.5,0.5],"texture":"#4"},"south":{"uv":[0,0,0.5,0.5],"texture":"#4"},"west":{"uv":[0,0,0.5,0.5],"texture":"#4"},"up":{"uv":[0,0,0.5,0.5],"texture":"#4"},"down":{"uv":[0,0,0.5,0.5],"texture":"#4"}}},{"from":[11.25,0,14.25],"to":[11.75,0.5,14.75],"rotation":{"angle":0,"axis":"y","origin":[19,8,22]},"faces":{"east":{"uv":[0,0,0.5,0.5],"texture":"#4"},"south":{"uv":[0,0,0.5,0.5],"texture":"#4"},"west":{"uv":[0,0,0.5,0.5],"texture":"#4"},"up":{"uv":[0,0,0.5,0.5],"texture":"#4"},"down":{"uv":[0,0,0.5,0.5],"texture":"#4"}}},{"from":[6.25,0,2.25],"to":[6.75,0.5,2.75],"rotation":{"angle":0,"axis":"y","origin":[14,8,10]},"faces":{"north":{"uv":[0,0,0.5,0.5],"texture":"#4"},"south":{"uv":[0,0,0.5,0.5],"texture":"#4"},"west":{"uv":[0,0,0.5,0.5],"texture":"#4"},"up":{"uv":[0,0,0.5,0.5],"texture":"#4"},"down":{"uv":[0,0,0.5,0.5],"texture":"#4"}}},{"from":[6.75,0,2.25],"to":[9.25,0.5,2.75],"rotation":{"angle":0,"axis":"y","origin":[16,8,10]},"faces":{"north":{"uv":[0,0,2.5,0.5],"texture":"#5"},"south":{"uv":[0,0,2.5,0.5],"texture":"#5"},"up":{"uv":[0,0,2.5,0.5],"texture":"#5"},"down":{"uv":[0,0,2.5,0.5],"texture":"#5"}}},{"from":[7.8,-3.25,5.25],"to":[8.3,-0.5,5.75],"rotation":{"angle":22.5,"axis":"x","origin":[0.3,6,13]},"faces":{"north":{"uv":[0,0,2.5,0.5],"rotation":90,"texture":"#5"},"east":{"uv":[0,0,2.5,0.5],"rotation":270,"texture":"#5"},"south":{"uv":[0,0,2.5,0.5],"rotation":270,"texture":"#5"},"west":{"uv":[0,0,2.5,0],"rotation":270,"texture":"#5"},"down":{"uv":[0,0,0.5,0.5],"rotation":270,"texture":"#5"}}},{"from":[11.3,0.45,12.75],"to":[11.7,5.95,13.25],"rotation":{"angle":0,"axis":"x","origin":[3.7,9.7,20.5]},"faces":{"north":{"uv":[0,0,2.5,0.5],"rotation":90,"texture":"#5"},"east":{"uv":[0,0,2.5,0.5],"rotation":270,"texture":"#5"},"south":{"uv":[0,0,2.5,0.5],"rotation":270,"texture":"#5"},"west":{"uv":[0,0,2.5,0],"rotation":270,"texture":"#5"}}},{"from":[11.3,-0.3,16.75],"to":[11.7,0.95,17.25],"rotation":{"angle":45,"axis":"x","origin":[3.7,8.45,24.5]},"faces":{"north":{"uv":[0,0,2.5,0.5],"rotation":90,"texture":"#5"},"east":{"uv":[0,0,2.5,0.5],"rotation":270,"texture":"#5"},"south":{"uv":[0,0,2.5,0.5],"rotation":270,"texture":"#5"},"west":{"uv":[0,0,2.5,0],"rotation":270,"texture":"#5"},"up":{"uv":[0,0,0.5,0.5],"rotation":270,"texture":"#5"}}},{"from":[4.3,-0.3,16.75],"to":[4.7,0.95,17.25],"rotation":{"angle":45,"axis":"x","origin":[-3.3,8.45,24.5]},"faces":{"north":{"uv":[0,0,2.5,0.5],"rotation":90,"texture":"#5"},"east":{"uv":[0,0,2.5,0.5],"rotation":270,"texture":"#5"},"south":{"uv":[0,0,2.5,0.5],"rotation":270,"texture":"#5"},"west":{"uv":[0,0,2.5,0],"rotation":270,"texture":"#5"},"up":{"uv":[0,0,0.5,0.5],"rotation":270,"texture":"#5"}}},{"from":[4.3,3.95,4.75],"to":[4.7,4.45,5.5],"rotation":{"angle":45,"axis":"x","origin":[-3.3,-3.3,13.25]},"faces":{"north":{"uv":[0,0,0.5,0.5],"rotation":90,"texture":"#5"},"east":{"uv":[0,0,2.5,0.5],"rotation":180,"texture":"#5"},"west":{"uv":[0,0,2.5,0],"texture":"#5"},"up":{"uv":[0,0,2.5,0.5],"rotation":270,"texture":"#5"},"down":{"uv":[0,0,2.5,0.5],"rotation":270,"texture":"#5"}}},{"from":[11.3,3.95,4.75],"to":[11.7,4.45,5.5],"rotation":{"angle":45,"axis":"x","origin":[3.7,-3.3,13.25]},"faces":{"north":{"uv":[0,0,0.5,0.5],"rotation":90,"texture":"#5"},"east":{"uv":[0,0,2.5,0.5],"rotation":180,"texture":"#5"},"west":{"uv":[0,0,2.5,0],"texture":"#5"},"up":{"uv":[0,0,2.5,0.5],"rotation":270,"texture":"#5"},"down":{"uv":[0,0,2.5,0.5],"rotation":270,"texture":"#5"}}},{"from":[4.3,0.45,12.75],"to":[4.7,5.95,13.25],"rotation":{"angle":0,"axis":"x","origin":[-3.2,9.7,20.5]},"faces":{"north":{"uv":[0,0,2.5,0.5],"rotation":90,"texture":"#5"},"east":{"uv":[0,0,2.5,0.5],"rotation":270,"texture":"#5"},"south":{"uv":[0,0,2.5,0.5],"rotation":270,"texture":"#5"},"west":{"uv":[0,0,2.5,0],"rotation":270,"texture":"#5"}}},{"from":[4.3,5.95,12.75],"to":[4.7,7.95,13.25],"rotation":{"angle":0,"axis":"x","origin":[-3.2,11.7,20.5]},"faces":{"north":{"uv":[0,0,2.5,0.5],"rotation":90,"texture":"#5"},"east":{"uv":[0,0,2.5,0.5],"rotation":270,"texture":"#5"},"south":{"uv":[0,0,2.5,0.5],"rotation":270,"texture":"#5"},"west":{"uv":[0,0,2.5,0],"rotation":270,"texture":"#5"}}},{"from":[11.3,5.95,12.75],"to":[11.7,7.95,13.25],"rotation":{"angle":0,"axis":"x","origin":[3.8,11.7,20.5]},"faces":{"north":{"uv":[0,0,2.5,0.5],"rotation":90,"texture":"#5"},"east":{"uv":[0,0,2.5,0.5],"rotation":270,"texture":"#5"},"south":{"uv":[0,0,2.5,0.5],"rotation":270,"texture":"#5"},"west":{"uv":[0,0,2.5,0],"rotation":270,"texture":"#5"}}},{"from":[4.25,0,11.75],"to":[4.75,0.5,14.25],"rotation":{"angle":0,"axis":"y","origin":[12,8,5]},"faces":{"east":{"uv":[0,0,2.5,0.5],"texture":"#5"},"west":{"uv":[0,0,2.5,0.5],"texture":"#5"},"up":{"uv":[0,0,2.5,0.5],"rotation":270,"texture":"#5"},"down":{"uv":[0,0,2.5,0.5],"rotation":90,"texture":"#5"}}},{"from":[11.25,0,11.75],"to":[11.75,0.5,14.25],"rotation":{"angle":0,"axis":"y","origin":[19,8,5]},"faces":{"east":{"uv":[0,0,2.5,0.5],"texture":"#5"},"west":{"uv":[0,0,2.5,0.5],"texture":"#5"},"up":{"uv":[0,0,2.5,0.5],"rotation":270,"texture":"#5"},"down":{"uv":[0,0,2.5,0.5],"rotation":90,"texture":"#5"}}},{"from":[6.35,2.6,3.25],"to":[9.85,2.7,14.85],"rotation":{"angle":0,"axis":"y","origin":[15.6,10.2,-3.5]},"faces":{"north":{"uv":[0,0,2.5,0.1],"texture":"#5"},"east":{"uv":[0,0,11.6,0.1],"texture":"#5"},"south":{"uv":[0,0,2.5,0.1],"texture":"#5"},"west":{"uv":[0,0,11.6,0.1],"texture":"#5"},"down":{"uv":[0,0,0,0.5],"rotation":90,"texture":"#5"}}},{"from":[4.5,1.25,12.9],"to":[11.5,1.5,13.15],"rotation":{"angle":0,"axis":"y","origin":[13.25,8.65,20.4]},"faces":{"north":{"uv":[0,0,7,0.25],"texture":"#5"},"south":{"uv":[0,0,7,0.25],"texture":"#5"},"up":{"uv":[0,0,7,0.25],"texture":"#5"},"down":{"uv":[0,0,7,0.25],"texture":"#5"}}},{"from":[1.2,0.6,15.85],"to":[14.8,0.85,16.1],"rotation":{"angle":45,"axis":"x","origin":[13.35,8,23.35]},"faces":{"north":{"uv":[0,0,13.6,0.25],"texture":"#5"},"east":{"uv":[0,0,0.25,0.25],"texture":"#5"},"south":{"uv":[0,0,13.6,0.25],"texture":"#5"},"west":{"uv":[0,0,0.25,0.25],"texture":"#5"},"up":{"uv":[0,0,13.6,0.25],"texture":"#5"},"down":{"uv":[0,0,13.6,0.25],"texture":"#5"}}},{"from":[4.5,2.45,12.9],"to":[11.5,2.6,13.05],"rotation":{"angle":0,"axis":"y","origin":[13.25,9.75,20.4]},"faces":{"north":{"uv":[0,0,7,0.15],"texture":"#5"},"south":{"uv":[0,0,7,0.15],"texture":"#5"},"up":{"uv":[0,0,7,0.15],"texture":"#5"},"down":{"uv":[0,0,7,0.15],"texture":"#5"}}},{"from":[11.5,0.7,12.9],"to":[11.8,0.85,13.05],"rotation":{"angle":0,"axis":"y","origin":[19.25,8,20.4]},"faces":{"north":{"uv":[0,0,0.3,0.15],"texture":"#3"},"east":{"uv":[0,0,0.15,0.15],"texture":"#3"},"south":{"uv":[0,0,0.3,0.15],"texture":"#3"},"up":{"uv":[0,0,0.3,0.15],"texture":"#3"},"down":{"uv":[0,0,0.3,0.15],"texture":"#3"}}},{"from":[11.5,1.7,12.9],"to":[11.8,1.85,13.05],"rotation":{"angle":0,"axis":"y","origin":[19.25,9,20.4]},"faces":{"north":{"uv":[0,0,0.3,0.15],"texture":"#3"},"east":{"uv":[0,0,0.15,0.15],"texture":"#3"},"south":{"uv":[0,0,0.3,0.15],"texture":"#3"},"up":{"uv":[0,0,0.3,0.15],"texture":"#3"},"down":{"uv":[0,0,0.3,0.15],"texture":"#3"}}},{"from":[11.5,2.7,12.9],"to":[11.8,2.85,13.05],"rotation":{"angle":0,"axis":"y","origin":[19.25,10,20.4]},"faces":{"north":{"uv":[0,0,0.3,0.15],"texture":"#3"},"east":{"uv":[0,0,0.15,0.15],"texture":"#3"},"south":{"uv":[0,0,0.3,0.15],"texture":"#3"},"up":{"uv":[0,0,0.3,0.15],"texture":"#3"},"down":{"uv":[0,0,0.3,0.15],"texture":"#3"}}},{"from":[4.25,2.7,12.9],"to":[4.55,2.85,13.05],"rotation":{"angle":0,"axis":"y","origin":[12,10,20.4]},"faces":{"north":{"uv":[0,0,0.3,0.15],"texture":"#3"},"south":{"uv":[0,0,0.3,0.15],"texture":"#3"},"west":{"uv":[0,0,0.15,0.15],"texture":"#3"},"up":{"uv":[0,0,0.3,0.15],"texture":"#3"},"down":{"uv":[0,0,0.3,0.15],"texture":"#3"}}},{"from":[4.25,1.7,12.9],"to":[4.55,1.85,13.05],"rotation":{"angle":0,"axis":"y","origin":[12,9,20.4]},"faces":{"north":{"uv":[0,0,0.3,0.15],"texture":"#3"},"south":{"uv":[0,0,0.3,0.15],"texture":"#3"},"west":{"uv":[0,0,0.15,0.15],"texture":"#3"},"up":{"uv":[0,0,0.3,0.15],"texture":"#3"},"down":{"uv":[0,0,0.3,0.15],"texture":"#3"}}},{"from":[4.25,0.7,12.9],"to":[4.55,0.85,13.05],"rotation":{"angle":0,"axis":"y","origin":[12,8,20.4]},"faces":{"north":{"uv":[0,0,0.3,0.15],"texture":"#3"},"south":{"uv":[0,0,0.3,0.15],"texture":"#3"},"west":{"uv":[0,0,0.15,0.15],"texture":"#3"},"up":{"uv":[0,0,0.3,0.15],"texture":"#3"},"down":{"uv":[0,0,0.3,0.15],"texture":"#3"}}},{"from":[6.2,2.7,3.1],"to":[10,3.1,15],"rotation":{"angle":0,"axis":"y","origin":[15,10.7,13]},"faces":{"north":{"uv":[0.032,0.032,2.8,0.4],"texture":"#1"},"east":{"uv":[0.032,0.032,11.9,0.4],"texture":"#1"},"south":{"uv":[0.032,0.032,2.8,0.4],"texture":"#1"},"west":{"uv":[0.032,0.032,11.9,0.4],"texture":"#1"},"up":{"uv":[0.032,0.032,15.8,15.9],"texture":"#1"},"down":{"uv":[0.032,0.032,2.8,11.9],"texture":"#1"}}},{"name":"octagon","from":[2.25,7.68579,12],"to":[2.75,8.51421,14],"rotation":{"angle":45,"axis":"x","origin":[2.5,8.1,13]},"faces":{"north":{"uv":[0,0,1,1],"texture":"#0"},"south":{"uv":[0,0,1,1],"texture":"#0"},"west":{"uv":[0,0,1,1],"texture":"#0"}}},{"name":"octagon","from":[2.25,7.68579,12],"to":[2.75,8.51421,14],"rotation":{"angle":0,"axis":"x","origin":[2.5,8.1,13]},"faces":{"north":{"uv":[0,0,1,1],"texture":"#0"},"south":{"uv":[0,0,1,1],"texture":"#0"},"west":{"uv":[0,0,1,1],"texture":"#0"}}},{"name":"octagon","from":[2.25,7.1,12.58579],"to":[2.75,9.1,13.41421],"rotation":{"angle":45,"axis":"x","origin":[2.5,8.1,13]},"faces":{"west":{"uv":[0,0,1,1],"texture":"#0"},"up":{"uv":[0,0,1,1],"texture":"#0"},"down":{"uv":[0,0,1,1],"texture":"#0"}}},{"name":"octagon","from":[2.25,7.1,12.58579],"to":[2.75,9.1,13.41421],"rotation":{"angle":0,"axis":"x","origin":[2.5,8.1,13]},"faces":{"west":{"uv":[0,0,1,1],"texture":"#0"},"up":{"uv":[0,0,1,1],"texture":"#0"},"down":{"uv":[0,0,1,1],"texture":"#0"}}},{"name":"octagon","from":[13.25,7.68579,12],"to":[13.75,8.51421,14],"rotation":{"angle":45,"axis":"x","origin":[13.5,8.1,13]},"faces":{"north":{"uv":[0,0,1,1],"texture":"#0"},"east":{"uv":[0,0,1,1],"texture":"#0"},"south":{"uv":[0,0,1,1],"texture":"#0"},"west":{"uv":[0,0,1,1],"texture":"#0"}}},{"name":"octagon","from":[13.25,7.68579,12],"to":[13.75,8.51421,14],"rotation":{"angle":0,"axis":"x","origin":[13.5,8.1,13]},"faces":{"north":{"uv":[0,0,1,1],"texture":"#0"},"east":{"uv":[0,0,1,1],"texture":"#0"},"south":{"uv":[0,0,1,1],"texture":"#0"},"west":{"uv":[0,0,1,1],"texture":"#0"}}},{"name":"octagon","from":[13.25,7.1,12.58579],"to":[13.75,9.1,13.41421],"rotation":{"angle":45,"axis":"x","origin":[13.5,8.1,13]},"faces":{"east":{"uv":[0,0,1,1],"texture":"#0"},"west":{"uv":[0,0,1,1],"texture":"#0"},"up":{"uv":[0,0,1,1],"texture":"#0"},"down":{"uv":[0,0,1,1],"texture":"#0"}}},{"name":"octagon","from":[13.25,7.1,12.58579],"to":[13.75,9.1,13.41421],"rotation":{"angle":0,"axis":"x","origin":[13.5,8.1,13]},"faces":{"east":{"uv":[0,0,1,1],"texture":"#0"},"west":{"uv":[0,0,1,1],"texture":"#0"},"up":{"uv":[0,0,1,1],"texture":"#0"},"down":{"uv":[0,0,1,1],"texture":"#0"}}},{"name":"octagon","from":[2.7,7.56152,11.7],"to":[3.5,8.63848,14.3],"rotation":{"angle":45,"axis":"x","origin":[3.1,8.1,13]},"faces":{"north":{"uv":[0,0,1,1],"texture":"#0"},"east":{"uv":[0,0,1,1],"texture":"#0"},"south":{"uv":[0,0,1,1],"texture":"#0"},"west":{"uv":[0,0,1,1],"texture":"#0"}}},{"name":"octagon","from":[2.7,7.56152,11.7],"to":[3.5,8.63848,14.3],"rotation":{"angle":0,"axis":"x","origin":[3.1,8.1,13]},"faces":{"north":{"uv":[0,0,1,1],"texture":"#0"},"east":{"uv":[0,0,1,1],"texture":"#0"},"south":{"uv":[0,0,1,1],"texture":"#0"},"west":{"uv":[0,0,1,1],"texture":"#0"}}},{"name":"octagon","from":[2.7,6.8,12.46152],"to":[3.5,9.4,13.53848],"rotation":{"angle":45,"axis":"x","origin":[3.1,8.1,13]},"faces":{"east":{"uv":[0,0,1,1],"texture":"#0"},"west":{"uv":[0,0,1,1],"texture":"#0"},"up":{"uv":[0,0,1,1],"texture":"#0"},"down":{"uv":[0,0,1,1],"texture":"#0"}}},{"name":"octagon","from":[2.7,6.8,12.46152],"to":[3.5,9.4,13.53848],"rotation":{"angle":0,"axis":"x","origin":[3.1,8.1,13]},"faces":{"east":{"uv":[0,0,1,1],"texture":"#0"},"west":{"uv":[0,0,1,1],"texture":"#0"},"up":{"uv":[0,0,1,1],"texture":"#0"},"down":{"uv":[0,0,1,1],"texture":"#0"}}},{"name":"octagon","from":[12.4,7.56152,11.7],"to":[13.2,8.63848,14.3],"rotation":{"angle":45,"axis":"x","origin":[12.8,8.1,13]},"faces":{"north":{"uv":[0,0,1,1],"texture":"#0"},"east":{"uv":[0,0,1,1],"texture":"#0"},"south":{"uv":[0,0,1,1],"texture":"#0"},"west":{"uv":[0,0,1,1],"texture":"#0"}}},{"name":"octagon","from":[12.4,7.56152,11.7],"to":[13.2,8.63848,14.3],"rotation":{"angle":0,"axis":"x","origin":[12.8,8.1,13]},"faces":{"north":{"uv":[0,0,1,1],"texture":"#0"},"east":{"uv":[0,0,1,1],"texture":"#0"},"south":{"uv":[0,0,1,1],"texture":"#0"},"west":{"uv":[0,0,1,1],"texture":"#0"}}},{"name":"octagon","from":[12.4,6.8,12.46152],"to":[13.2,9.4,13.53848],"rotation":{"angle":45,"axis":"x","origin":[12.8,8.1,13]},"faces":{"east":{"uv":[0,0,1,1],"texture":"#0"},"west":{"uv":[0,0,1,1],"texture":"#0"},"up":{"uv":[0,0,1,1],"texture":"#0"},"down":{"uv":[0,0,1,1],"texture":"#0"}}},{"name":"octagon","from":[12.4,6.8,12.46152],"to":[13.2,9.4,13.53848],"rotation":{"angle":0,"axis":"x","origin":[12.8,8.1,13]},"faces":{"east":{"uv":[0,0,1,1],"texture":"#0"},"west":{"uv":[0,0,1,1],"texture":"#0"},"up":{"uv":[0,0,1,1],"texture":"#0"},"down":{"uv":[0,0,1,1],"texture":"#0"}}}],"display":{"thirdperson_righthand":{"rotation":[0,-115,-3],"translation":[0,2.25,0.5],"scale":[0.6,0.6,0.6]},"thirdperson_lefthand":{"rotation":[14,-126,0],"translation":[0,2.25,1.5],"scale":[0.6,0.6,0.6]},"firstperson_righthand":{"rotation":[0,125,0],"translation":[1.5,6.25,0]},"firstperson_lefthand":{"rotation":[0,123,0],"translation":[2.5,6.25,0]},"ground":{"translation":[0,5.5,0]},"gui":{"rotation":[16,152,0],"translation":[-1.25,2.25,0]},"head":{"translation":[0,-9.75,0],"scale":[4,4,4]},"fixed":{"rotation":[-90,0,0],"translation":[0,0,-8]}},"groups":[{"name":"Rollen","origin":[8,8,8],"children":[0,1,2,3,4,5]},{"name":"Gestell","origin":[8,8,8],"children":[6,7,8,9,10,11,12,13,14,15,16,17,18,19,20,21,22,23,24,25,26,27]},{"name":"Liege","origin":[8,8,8],"children":[28]},{"name":"Gewicht","origin":[8,8,8],"children":[{"name":"octagon","origin":[8,8,8],"children":[29,30,31,32]},{"name":"octagon","origin":[8,8,8],"children":[33,34,35,36]},{"name":"octagon","origin":[8,8,8],"children":[37,38,39,40]},{"name":"octagon","origin":[8,8,8],"children":[41,42,43,44]}]}]}