{"credit":"MadewithBlockbench","parent":"models/item/shield","ambientocclusion":false,"textures":{"back":"moshields:velocigamerbr/crown_buckler_shield_shape","base":"moshields:velocigamerbr/crown_shield"},"elements":[{"name":"Element","from":[1,10,7],"to":[15,12,8],"faces":{"east":{"uv":[14,4,15,6],"texture":"#back"},"west":{"uv":[1,4,2,6],"texture":"#back"},"up":{"uv":[1,4,15,5],"texture":"#back"}}},{"name":"Element","from":[2,12,7],"to":[14,13,8],"faces":{"east":{"uv":[13,3,14,4],"texture":"#back"},"west":{"uv":[2,3,3,4],"texture":"#back"},"up":{"uv":[2,3,14,4],"texture":"#back"}}},{"name":"Element","from":[4,14,7],"to":[12,15,8],"faces":{"east":{"uv":[11,1,12,2],"texture":"#back"},"west":{"uv":[4,1,5,2],"texture":"#back"},"up":{"uv":[4,1,12,2],"texture":"#back"}}},{"name":"Element","from":[6,15,7],"to":[10,16,8],"faces":{"east":{"uv":[9,0,10,1],"texture":"#back"},"west":{"uv":[6,0,7,1],"texture":"#back"},"up":{"uv":[6,0,10,1],"texture":"#back"}}},{"name":"Element","from":[0,6,7],"to":[16,10,8],"faces":{"east":{"uv":[15,6,16,10],"texture":"#back"},"west":{"uv":[0,6,1,10],"texture":"#back"},"up":{"uv":[0,6,16,7],"texture":"#back"},"down":{"uv":[0,9,16,10],"rotation":180,"texture":"#back"}}},{"name":"Element","from":[1,4,7],"to":[15,6,8],"faces":{"east":{"uv":[14,10,15,12],"texture":"#back"},"west":{"uv":[1,10,2,12],"texture":"#back"},"down":{"uv":[1,11,15,12],"rotation":180,"texture":"#back"}}},{"name":"Element","from":[3,2,7],"to":[13,3,8],"faces":{"east":{"uv":[12,13,13,14],"texture":"#back"},"west":{"uv":[3,13,4,14],"texture":"#back"},"down":{"uv":[3,13,13,14],"rotation":180,"texture":"#back"}}},{"name":"Element","from":[4,1,7],"to":[12,2,8],"faces":{"east":{"uv":[11,14,12,15],"texture":"#back"},"west":{"uv":[4,14,5,15],"texture":"#back"},"down":{"uv":[4,14,12,15],"rotation":90,"texture":"#back"}}},{"name":"Element","from":[6,0,7],"to":[10,1,8],"faces":{"east":{"uv":[9,15,10,16],"texture":"#back"},"west":{"uv":[6,15,7,16],"texture":"#back"},"down":{"uv":[6,15,10,16],"rotation":180,"texture":"#back"}}},{"name":"Element","from":[0,0,7],"to":[16,16,7],"faces":{"north":{"uv":[0,0,16,16],"texture":"#base"}}},{"name":"Element","from":[0,0,8],"to":[16,16,8],"faces":{"south":{"uv":[0,0,16,16],"texture":"#back"}}},{"name":"Element","from":[3,13,7],"to":[13,14,8],"faces":{"east":{"uv":[12,2,13,3],"texture":"#back"},"west":{"uv":[3,2,4,3],"texture":"#back"},"up":{"uv":[3,2,13,3],"texture":"#back"},"down":{"uv":[2,3,3,13],"rotation":90,"texture":"#back"}}},{"name":"Element","from":[2,3,7],"to":[14,4,8],"faces":{"east":{"uv":[13,12,14,13],"texture":"#back"},"west":{"uv":[13,12,14,13],"texture":"#back"},"up":{"uv":[2,2,3,14],"rotation":270,"texture":"#back"},"down":{"uv":[2,12,14,13],"rotation":180,"texture":"#back"}}}],"gui_light":"front","overrides":[],"display":{"thirdperson_righthand":{"rotation":[0,-90,0],"translation":[2,-2,1],"scale":[1.01,1.01,1.01]},"thirdperson_lefthand":{"rotation":[0,-90,0],"translation":[2,-2,2],"scale":[1.01,1.01,1.01]},"firstperson_righthand":{"translation":[-3,0,4],"scale":[0.78,0.78,0.78]},"ground":{"translation":[0,2,0],"scale":[0.5,0.5,0.5]},"gui":{"rotation":[0,-180,0]},"head":{"translation":[0,6,-7]}}}