{"textures":{"0":"modelengine:entity/goblin_main","1":"modelengine:entity/goblin_extra","2":"modelengine:entity/goblin_weapon"},"elements":[{"name":"cube","from":[6.2,5.6,6.8],"to":[9.8,9.8,9.2],"rotation":{"angle":0.0,"axis":"x","origin":[6.8,5.6,8.0]},"faces":{"down":{"uv":[10.0,9.5,7.0,11.5],"rotation":0,"texture":"#0","tintindex":0},"east":{"uv":[3.0,9.5,5.0,13.0],"rotation":0,"texture":"#0","tintindex":0},"north":{"uv":[7.0,6.0,10.0,9.5],"rotation":0,"texture":"#0","tintindex":0},"south":{"uv":[8.0,0.0,11.0,3.5],"rotation":0,"texture":"#0","tintindex":0},"up":{"uv":[11.0,5.5,8.0,3.5],"rotation":0,"texture":"#0","tintindex":0},"west":{"uv":[5.0,9.5,7.0,13.0],"rotation":0,"texture":"#0","tintindex":0}}},{"name":"cube","from":[6.8,6.2,6.2],"to":[9.2,8.6,6.8],"rotation":{"angle":0.0,"axis":"x","origin":[6.8,3.7999997,8.0]},"faces":{"down":{"uv":[15.0,3.0,13.0,3.5],"rotation":0,"texture":"#0","tintindex":0},"east":{"uv":[4.0,13.0,4.5,15.0],"rotation":0,"texture":"#0","tintindex":0},"north":{"uv":[11.0,0.0,13.0,2.0],"rotation":0,"texture":"#0","tintindex":0},"south":{"uv":[11.0,2.0,13.0,4.0],"rotation":0,"texture":"#0","tintindex":0},"up":{"uv":[10.0,6.0,8.0,5.5],"rotation":0,"texture":"#0","tintindex":0},"west":{"uv":[4.5,13.0,5.0,15.0],"rotation":0,"texture":"#0","tintindex":0}}},{"name":"cube","from":[6.8,4.3999996,6.8],"to":[9.2,5.6,6.8],"rotation":{"angle":0.0,"axis":"x","origin":[8.0,5.6,6.8]},"faces":{"down":{"uv":[0.0,16.0,2.0,16.0],"rotation":0,"texture":"#0","tintindex":0},"east":{"uv":[0.0,15.0,0.0,16.0],"rotation":0,"texture":"#0","tintindex":0},"north":{"uv":[5.0,14.0,7.0,15.0],"rotation":0,"texture":"#0","tintindex":0},"south":{"uv":[7.0,14.0,9.0,15.0],"rotation":0,"texture":"#0","tintindex":0},"up":{"uv":[0.0,16.0,2.0,16.0],"rotation":0,"texture":"#0","tintindex":0},"west":{"uv":[0.0,15.0,0.0,16.0],"rotation":0,"texture":"#0","tintindex":0}}},{"name":"cube","from":[6.8,4.3999996,9.2],"to":[9.2,5.6,9.2],"rotation":{"angle":0.0,"axis":"x","origin":[8.0,5.6,9.2]},"faces":{"down":{"uv":[2.0,16.0,0.0,16.0],"rotation":0,"texture":"#0","tintindex":0},"east":{"uv":[0.0,15.0,0.0,16.0],"rotation":0,"texture":"#0","tintindex":0},"north":{"uv":[7.0,14.0,5.0,15.0],"rotation":0,"texture":"#0","tintindex":0},"south":{"uv":[9.0,14.0,7.0,15.0],"rotation":0,"texture":"#0","tintindex":0},"up":{"uv":[2.0,16.0,0.0,16.0],"rotation":0,"texture":"#0","tintindex":0},"west":{"uv":[0.0,15.0,0.0,16.0],"rotation":0,"texture":"#0","tintindex":0}}},{"name":"cube","from":[9.8,5.0,7.4],"to":[10.4,6.2,8.6],"rotation":{"angle":0.0,"axis":"x","origin":[9.8,5.0,8.0]},"faces":{"down":{"uv":[14.5,11.0,15.0,12.0],"rotation":0,"texture":"#0","tintindex":0},"east":{"uv":[14.0,13.0,15.0,14.0],"rotation":0,"texture":"#0","tintindex":0},"north":{"uv":[14.0,11.0,14.5,12.0],"rotation":0,"texture":"#0","tintindex":0},"south":{"uv":[14.0,4.0,14.5,5.0],"rotation":0,"texture":"#0","tintindex":0},"up":{"uv":[14.5,4.0,15.0,5.0],"rotation":0,"texture":"#0","tintindex":0},"west":{"uv":[14.0,12.0,15.0,13.0],"rotation":0,"texture":"#0","tintindex":0}}}],"display":{"head":{"translation":[0.0,-6.4,0.0],"rotation":[0.0,0.0,0.0],"scale":[3.8095,3.8095,3.8095]}}}