{"textures":{"0":"modelengine:entity/goblin_main","1":"modelengine:entity/goblin_extra","2":"modelengine:entity/goblin_weapon"},"elements":[{"name":"cube","from":[5.5994,8.0,6.2],"to":[10.4006,11.6,9.8],"rotation":{"angle":0.0,"axis":"x","origin":[6.8,8.0,8.0]},"faces":{"down":{"uv":[8.0,3.0,4.0,6.0],"rotation":0,"texture":"#0","tintindex":0},"east":{"uv":[4.0,6.5,7.0,9.5],"rotation":0,"texture":"#0","tintindex":0},"north":{"uv":[0.0,0.5,4.0,3.5],"rotation":0,"texture":"#0","tintindex":0},"south":{"uv":[0.0,3.5,4.0,7.0],"rotation":0,"texture":"#0","tintindex":0},"up":{"uv":[8.0,3.0,4.0,0.5],"rotation":0,"texture":"#0","tintindex":0},"west":{"uv":[0.0,7.5,3.0,10.5],"rotation":0,"texture":"#0","tintindex":0}}},{"name":"cube","from":[7.4,8.6,5.0],"to":[8.6,10.4,6.2],"rotation":{"angle":0.0,"axis":"x","origin":[6.8,8.0,4.3999996]},"faces":{"down":{"uv":[4.0,13.0,3.0,14.0],"rotation":0,"texture":"#0","tintindex":0},"east":{"uv":[2.0,10.5,3.0,12.0],"rotation":0,"texture":"#0","tintindex":0},"north":{"uv":[3.0,7.0,4.0,8.5],"rotation":0,"texture":"#0","tintindex":0},"south":{"uv":[2.0,12.0,3.0,13.5],"rotation":0,"texture":"#0","tintindex":0},"up":{"uv":[4.0,9.5,3.0,8.5],"rotation":0,"texture":"#0","tintindex":0},"west":{"uv":[12.0,11.0,13.0,12.5],"rotation":0,"texture":"#0","tintindex":0}}},{"name":"cube","from":[3.1999998,8.6,7.4],"to":[5.6,11.6,7.4],"rotation":{"angle":45.0,"axis":"y","origin":[5.6,9.8,7.4]},"faces":{"down":{"uv":[2.0,0.0,0.0,0.0],"rotation":0,"texture":"#0","tintindex":0},"east":{"uv":[0.0,0.0,0.0,2.5],"rotation":0,"texture":"#0","tintindex":0},"north":{"uv":[10.0,5.5,12.0,8.0],"rotation":0,"texture":"#0","tintindex":0},"south":{"uv":[12.0,5.5,10.0,8.0],"rotation":0,"texture":"#0","tintindex":0},"up":{"uv":[2.0,0.0,0.0,0.0],"rotation":0,"texture":"#0","tintindex":0},"west":{"uv":[0.0,0.0,0.0,2.5],"rotation":0,"texture":"#0","tintindex":0}}},{"name":"cube","from":[10.4,8.6,7.4],"to":[12.8,11.6,7.4],"rotation":{"angle":-45.0,"axis":"y","origin":[10.4,9.8,7.4]},"faces":{"down":{"uv":[2.0,0.0,0.0,0.0],"rotation":0,"texture":"#0","tintindex":0},"east":{"uv":[0.0,0.0,0.0,2.5],"rotation":0,"texture":"#0","tintindex":0},"north":{"uv":[0.0,10.5,2.0,13.0],"rotation":0,"texture":"#0","tintindex":0},"south":{"uv":[2.0,10.5,0.0,13.0],"rotation":0,"texture":"#0","tintindex":0},"up":{"uv":[2.0,0.0,0.0,0.0],"rotation":0,"texture":"#0","tintindex":0},"west":{"uv":[0.0,0.0,0.0,2.5],"rotation":0,"texture":"#0","tintindex":0}}}],"display":{"head":{"translation":[0.0,-6.4,0.0],"rotation":[0.0,0.0,0.0],"scale":[3.8095,3.8095,3.8095]}}}