{"textures":{"0":"modelengine:entity/goblin_main","1":"modelengine:entity/goblin_extra","2":"modelengine:entity/goblin_weapon"},"elements":[{"name":"cube","from":[5.0,7.4,7.4],"to":[8.6,8.6,8.6],"rotation":{"angle":0.0,"axis":"x","origin":[8.6,8.0,8.0]},"faces":{"down":{"uv":[15.0,6.0,12.0,7.0],"rotation":0,"texture":"#0","tintindex":0},"east":{"uv":[5.0,13.0,6.0,14.0],"rotation":0,"texture":"#0","tintindex":0},"north":{"uv":[11.0,4.0,14.0,5.0],"rotation":0,"texture":"#0","tintindex":0},"south":{"uv":[7.0,11.5,10.0,12.5],"rotation":0,"texture":"#0","tintindex":0},"up":{"uv":[15.0,6.0,12.0,5.0],"rotation":0,"texture":"#0","tintindex":0},"west":{"uv":[6.0,13.0,7.0,14.0],"rotation":0,"texture":"#0","tintindex":0}}}],"display":{"head":{"translation":[0.0,-6.4,0.0],"rotation":[0.0,0.0,0.0],"scale":[3.8095,3.8095,3.8095]}}}