{"credit":"Madebyspike5032","parent":"./cit_item","textures":{"1":"block/quartz_block_top","2":"block/white_concrete_powder","3":"block/nether_wart_block","particle":"block/white_wool","1_1_2":"block/white_wool"},"elements":[{"name":"octagon","from":[5.81295,6.201,2.72],"to":[10.18705,11.201,13.28],"rotation":{"angle":22.5,"axis":"y","origin":[8,13.2,8]},"faces":{"north":{"uv":[1,1,15,15],"texture":"#1"},"east":{"uv":[1,1,15,15],"texture":"#1"},"south":{"uv":[1,1,15,15],"texture":"#1"},"west":{"uv":[1,1,15,15],"texture":"#1"},"up":{"uv":[1,1,15,15],"texture":"#1"},"down":{"uv":[1,1,15,15],"texture":"#1"}}},{"name":"octagon","from":[5.81295,6.2015,2.72],"to":[10.18705,11.2015,13.28],"rotation":{"angle":-22.5,"axis":"y","origin":[8,13.2,8]},"faces":{"north":{"uv":[1,1,15,15],"texture":"#1"},"east":{"uv":[1,1,15,15],"texture":"#1"},"south":{"uv":[1,1,15,15],"texture":"#1"},"west":{"uv":[1,1,15,15],"texture":"#1"},"up":{"uv":[1,1,15,15],"texture":"#1"},"down":{"uv":[1,1,15,15],"texture":"#1"}}},{"name":"octagon","from":[2.72,6.2,5.81295],"to":[13.28,11.2,10.18705],"rotation":{"angle":22.5,"axis":"y","origin":[8,13.2,8]},"faces":{"north":{"uv":[1,1,15,15],"texture":"#1"},"east":{"uv":[1,1,15,15],"texture":"#1"},"south":{"uv":[1,1,15,15],"texture":"#1"},"west":{"uv":[1,1,15,15],"texture":"#1"},"up":{"uv":[1,1,15,15],"texture":"#1"},"down":{"uv":[1,1,15,15],"texture":"#1"}}},{"name":"octagon","from":[2.72,6.2005,5.81295],"to":[13.28,11.2005,10.18705],"rotation":{"angle":-22.5,"axis":"y","origin":[8,13.2,8]},"faces":{"north":{"uv":[1,1,15,15],"texture":"#1"},"east":{"uv":[1,1,15,15],"texture":"#1"},"south":{"uv":[1,1,15,15],"texture":"#1"},"west":{"uv":[1,1,15,15],"texture":"#1"},"up":{"uv":[1,1,15,15],"texture":"#1"},"down":{"uv":[1,1,15,15],"texture":"#1"}}},{"name":"octagon","from":[5.12534,5.5,1.05997],"to":[10.87466,6.25,14.94003],"rotation":{"angle":22.5,"axis":"y","origin":[8,7.5,8]},"faces":{"north":{"uv":[7,0,8,1],"texture":"#2"},"east":{"uv":[7,0,8,1],"texture":"#2"},"south":{"uv":[7,0,8,1],"texture":"#2"},"west":{"uv":[7,0,8,1],"texture":"#2"},"up":{"uv":[0,0,1,1],"texture":"#2"},"down":{"uv":[0,0,1,1],"texture":"#2"}}},{"name":"octagon","from":[5.12534,5.5,1.05997],"to":[10.87466,6.25,14.94003],"rotation":{"angle":-22.5,"axis":"y","origin":[8,7.5,8]},"faces":{"north":{"uv":[7,0,8,1],"texture":"#2"},"east":{"uv":[7,0,8,1],"texture":"#2"},"south":{"uv":[7,0,8,1],"texture":"#2"},"west":{"uv":[7,0,8,1],"texture":"#2"},"up":{"uv":[0,0,1,1],"texture":"#2"},"down":{"uv":[0,0,1,1],"texture":"#2"}}},{"name":"octagon","from":[1.05997,5.5,5.12534],"to":[14.94003,6.25,10.87466],"rotation":{"angle":22.5,"axis":"y","origin":[8,7.5,8]},"faces":{"north":{"uv":[7,0,8,1],"texture":"#2"},"east":{"uv":[7,0,8,1],"texture":"#2"},"south":{"uv":[7,0,8,1],"texture":"#2"},"west":{"uv":[7,0,8,1],"texture":"#2"},"up":{"uv":[0,0,1,1],"texture":"#2"},"down":{"uv":[0,0,1,1],"texture":"#2"}}},{"name":"octagon","from":[1.05997,5.5,5.12534],"to":[14.94003,6.25,10.87466],"rotation":{"angle":-22.5,"axis":"y","origin":[8,7.5,8]},"faces":{"north":{"uv":[7,0,8,1],"texture":"#2"},"east":{"uv":[7,0,8,1],"texture":"#2"},"south":{"uv":[7,0,8,1],"texture":"#2"},"west":{"uv":[7,0,8,1],"texture":"#2"},"up":{"uv":[0,0,1,1],"texture":"#2"},"down":{"uv":[0,0,1,1],"texture":"#2"}}},{"name":"octagon","from":[6.27521,0,3.83598],"to":[9.72479,0.75,12.16402],"rotation":{"angle":22.5,"axis":"y","origin":[8,2,8]},"faces":{"north":{"uv":[7,0,8,1],"texture":"#2"},"east":{"uv":[7,0,8,1],"texture":"#2"},"south":{"uv":[7,0,8,1],"texture":"#2"},"west":{"uv":[7,0,8,1],"texture":"#2"},"up":{"uv":[0,0,1,1],"texture":"#2"},"down":{"uv":[0,0,1,1],"texture":"#2"}}},{"name":"octagon","from":[6.27521,0,3.83598],"to":[9.72479,0.75,12.16402],"rotation":{"angle":-22.5,"axis":"y","origin":[8,2,8]},"faces":{"north":{"uv":[7,0,8,1],"texture":"#2"},"east":{"uv":[7,0,8,1],"texture":"#2"},"south":{"uv":[7,0,8,1],"texture":"#2"},"west":{"uv":[7,0,8,1],"texture":"#2"},"up":{"uv":[0,0,1,1],"texture":"#2"},"down":{"uv":[0,0,1,1],"texture":"#2"}}},{"name":"octagon","from":[3.83598,0,6.27521],"to":[12.16402,0.75,9.72479],"rotation":{"angle":22.5,"axis":"y","origin":[8,2,8]},"faces":{"north":{"uv":[7,0,8,1],"texture":"#2"},"east":{"uv":[7,0,8,1],"texture":"#2"},"south":{"uv":[7,0,8,1],"texture":"#2"},"west":{"uv":[7,0,8,1],"texture":"#2"},"up":{"uv":[0,0,1,1],"texture":"#2"},"down":{"uv":[0,0,1,1],"texture":"#2"}}},{"name":"octagon","from":[3.83598,0,6.27521],"to":[12.16402,0.75,9.72479],"rotation":{"angle":-22.5,"axis":"y","origin":[8,2,8]},"faces":{"north":{"uv":[7,0,8,1],"texture":"#2"},"east":{"uv":[7,0,8,1],"texture":"#2"},"south":{"uv":[7,0,8,1],"texture":"#2"},"west":{"uv":[7,0,8,1],"texture":"#2"},"up":{"uv":[0,0,1,1],"texture":"#2"},"down":{"uv":[0,0,1,1],"texture":"#2"}}},{"name":"octagon","from":[7.32388,1.525,6.3677],"to":[8.67612,2.275,9.6323],"rotation":{"angle":22.5,"axis":"y","origin":[8,3.525,8]},"faces":{"north":{"uv":[7,0,8,1],"texture":"#2"},"east":{"uv":[7,0,8,1],"texture":"#2"},"south":{"uv":[7,0,8,1],"texture":"#2"},"west":{"uv":[7,0,8,1],"texture":"#2"},"up":{"uv":[0,0,1,1],"texture":"#2"},"down":{"uv":[0,0,1,1],"texture":"#2"}}},{"name":"octagon","from":[7.32388,1.525,6.3677],"to":[8.67612,2.275,9.6323],"rotation":{"angle":-22.5,"axis":"y","origin":[8,3.525,8]},"faces":{"north":{"uv":[7,0,8,1],"texture":"#2"},"east":{"uv":[7,0,8,1],"texture":"#2"},"south":{"uv":[7,0,8,1],"texture":"#2"},"west":{"uv":[7,0,8,1],"texture":"#2"},"up":{"uv":[0,0,1,1],"texture":"#2"},"down":{"uv":[0,0,1,1],"texture":"#2"}}},{"name":"octagon","from":[6.3677,1.525,7.32388],"to":[9.6323,2.275,8.67612],"rotation":{"angle":22.5,"axis":"y","origin":[8,3.525,8]},"faces":{"north":{"uv":[7,0,8,1],"texture":"#2"},"east":{"uv":[7,0,8,1],"texture":"#2"},"south":{"uv":[7,0,8,1],"texture":"#2"},"west":{"uv":[7,0,8,1],"texture":"#2"},"up":{"uv":[0,0,1,1],"texture":"#2"},"down":{"uv":[0,0,1,1],"texture":"#2"}}},{"name":"octagon","from":[6.3677,1.525,7.32388],"to":[9.6323,2.275,8.67612],"rotation":{"angle":-22.5,"axis":"y","origin":[8,3.525,8]},"faces":{"north":{"uv":[7,0,8,1],"texture":"#2"},"east":{"uv":[7,0,8,1],"texture":"#2"},"south":{"uv":[7,0,8,1],"texture":"#2"},"west":{"uv":[7,0,8,1],"texture":"#2"},"up":{"uv":[0,0,1,1],"texture":"#2"},"down":{"uv":[0,0,1,1],"texture":"#2"}}},{"name":"octagon","from":[7.03412,0.775,5.66815],"to":[8.96588,1.525,10.33185],"rotation":{"angle":22.5,"axis":"y","origin":[8,2.775,8]},"faces":{"north":{"uv":[7,0,8,1],"texture":"#2"},"east":{"uv":[7,0,8,1],"texture":"#2"},"south":{"uv":[7,0,8,1],"texture":"#2"},"west":{"uv":[7,0,8,1],"texture":"#2"},"up":{"uv":[0,0,1,1],"texture":"#2"},"down":{"uv":[0,0,1,1],"texture":"#2"}}},{"name":"octagon","from":[7.03412,0.775,5.66815],"to":[8.96588,1.525,10.33185],"rotation":{"angle":-22.5,"axis":"y","origin":[8,2.775,8]},"faces":{"north":{"uv":[7,0,8,1],"texture":"#2"},"east":{"uv":[7,0,8,1],"texture":"#2"},"south":{"uv":[7,0,8,1],"texture":"#2"},"west":{"uv":[7,0,8,1],"texture":"#2"},"up":{"uv":[0,0,1,1],"texture":"#2"},"down":{"uv":[0,0,1,1],"texture":"#2"}}},{"name":"octagon","from":[5.66815,0.775,7.03412],"to":[10.33185,1.525,8.96588],"rotation":{"angle":22.5,"axis":"y","origin":[8,2.775,8]},"faces":{"north":{"uv":[7,0,8,1],"texture":"#2"},"east":{"uv":[7,0,8,1],"texture":"#2"},"south":{"uv":[7,0,8,1],"texture":"#2"},"west":{"uv":[7,0,8,1],"texture":"#2"},"up":{"uv":[0,0,1,1],"texture":"#2"},"down":{"uv":[0,0,1,1],"texture":"#2"}}},{"name":"octagon","from":[5.66815,0.775,7.03412],"to":[10.33185,1.525,8.96588],"rotation":{"angle":-22.5,"axis":"y","origin":[8,2.775,8]},"faces":{"north":{"uv":[7,0,8,1],"texture":"#2"},"east":{"uv":[7,0,8,1],"texture":"#2"},"south":{"uv":[7,0,8,1],"texture":"#2"},"west":{"uv":[7,0,8,1],"texture":"#2"},"up":{"uv":[0,0,1,1],"texture":"#2"},"down":{"uv":[0,0,1,1],"texture":"#2"}}},{"name":"octagon","from":[7.32388,4,6.3677],"to":[8.67612,4.75,9.6323],"rotation":{"angle":22.5,"axis":"y","origin":[8,2.75,8]},"faces":{"north":{"uv":[7,0,8,1],"texture":"#2"},"east":{"uv":[7,0,8,1],"texture":"#2"},"south":{"uv":[7,0,8,1],"texture":"#2"},"west":{"uv":[7,0,8,1],"texture":"#2"},"up":{"uv":[0,1,1,0],"texture":"#2"},"down":{"uv":[0,1,1,0],"texture":"#2"}}},{"name":"octagon","from":[7.32388,4,6.3677],"to":[8.67612,4.75,9.6323],"rotation":{"angle":-22.5,"axis":"y","origin":[8,2.75,8]},"faces":{"north":{"uv":[7,0,8,1],"texture":"#2"},"east":{"uv":[7,0,8,1],"texture":"#2"},"south":{"uv":[7,0,8,1],"texture":"#2"},"west":{"uv":[7,0,8,1],"texture":"#2"},"up":{"uv":[0,1,1,0],"texture":"#2"},"down":{"uv":[0,1,1,0],"texture":"#2"}}},{"name":"octagon","from":[6.3677,4,7.32388],"to":[9.6323,4.75,8.67612],"rotation":{"angle":22.5,"axis":"y","origin":[8,2.75,8]},"faces":{"north":{"uv":[7,0,8,1],"texture":"#2"},"east":{"uv":[7,0,8,1],"texture":"#2"},"south":{"uv":[7,0,8,1],"texture":"#2"},"west":{"uv":[7,0,8,1],"texture":"#2"},"up":{"uv":[0,1,1,0],"texture":"#2"},"down":{"uv":[0,1,1,0],"texture":"#2"}}},{"name":"octagon","from":[6.3677,4,7.32388],"to":[9.6323,4.75,8.67612],"rotation":{"angle":-22.5,"axis":"y","origin":[8,2.75,8]},"faces":{"north":{"uv":[7,0,8,1],"texture":"#2"},"east":{"uv":[7,0,8,1],"texture":"#2"},"south":{"uv":[7,0,8,1],"texture":"#2"},"west":{"uv":[7,0,8,1],"texture":"#2"},"up":{"uv":[0,1,1,0],"texture":"#2"},"down":{"uv":[0,1,1,0],"texture":"#2"}}},{"name":"octagon","from":[7.03412,4.75,5.66815],"to":[8.96588,5.5,10.33185],"rotation":{"angle":22.5,"axis":"y","origin":[8,3.5,8]},"faces":{"north":{"uv":[7,0,8,1],"texture":"#2"},"east":{"uv":[7,0,8,1],"texture":"#2"},"south":{"uv":[7,0,8,1],"texture":"#2"},"west":{"uv":[7,0,8,1],"texture":"#2"},"up":{"uv":[0,1,1,0],"texture":"#2"},"down":{"uv":[0,1,1,0],"texture":"#2"}}},{"name":"octagon","from":[7.03412,4.75,5.66815],"to":[8.96588,5.5,10.33185],"rotation":{"angle":-22.5,"axis":"y","origin":[8,3.5,8]},"faces":{"north":{"uv":[7,0,8,1],"texture":"#2"},"east":{"uv":[7,0,8,1],"texture":"#2"},"south":{"uv":[7,0,8,1],"texture":"#2"},"west":{"uv":[7,0,8,1],"texture":"#2"},"up":{"uv":[0,1,1,0],"texture":"#2"},"down":{"uv":[0,1,1,0],"texture":"#2"}}},{"name":"octagon","from":[5.66815,4.75,7.03412],"to":[10.33185,5.5,8.96588],"rotation":{"angle":22.5,"axis":"y","origin":[8,3.5,8]},"faces":{"north":{"uv":[7,0,8,1],"texture":"#2"},"east":{"uv":[7,0,8,1],"texture":"#2"},"south":{"uv":[7,0,8,1],"texture":"#2"},"west":{"uv":[7,0,8,1],"texture":"#2"},"up":{"uv":[0,1,1,0],"texture":"#2"},"down":{"uv":[0,1,1,0],"texture":"#2"}}},{"name":"octagon","from":[5.66815,4.75,7.03412],"to":[10.33185,5.5,8.96588],"rotation":{"angle":-22.5,"axis":"y","origin":[8,3.5,8]},"faces":{"north":{"uv":[7,0,8,1],"texture":"#2"},"east":{"uv":[7,0,8,1],"texture":"#2"},"south":{"uv":[7,0,8,1],"texture":"#2"},"west":{"uv":[7,0,8,1],"texture":"#2"},"up":{"uv":[0,1,1,0],"texture":"#2"},"down":{"uv":[0,1,1,0],"texture":"#2"}}},{"from":[7.3,2.25,7.3],"to":[8.7,4,8.7],"rotation":{"angle":0,"axis":"y","origin":[18.5,8,18.5]},"faces":{"north":{"uv":[0,0,1,1.75],"texture":"#2"},"east":{"uv":[0,0,1,1.75],"texture":"#2"},"south":{"uv":[0,0,1,1.75],"texture":"#2"},"west":{"uv":[0,0,1,1.75],"texture":"#2"},"up":{"uv":[0,0,1,1],"texture":"#2"},"down":{"uv":[0,0,1,1],"texture":"#2"}}},{"from":[4.86409,12.9219,6.91969],"to":[5.18089,13.2387,7.23649],"rotation":{"angle":-22.5,"axis":"y","origin":[6.74129,12.4225,4.25689]},"faces":{"north":{"uv":[0,8.5,0.5,9],"texture":"#1_1_2"},"east":{"uv":[1.5,8.5,2,9],"texture":"#1_1_2"},"south":{"uv":[1,8.5,1.5,9],"texture":"#1_1_2"},"west":{"uv":[0.5,8.5,1,9],"texture":"#1_1_2"},"up":{"uv":[1,8.5,0.5,8],"rotation":270,"texture":"#1_1_2"},"down":{"uv":[1.5,8,1,8.5],"rotation":90,"texture":"#1_1_2"}}},{"from":[4.54729,11.9715,6.60289],"to":[5.81449,12.6051,7.87009],"rotation":{"angle":-22.5,"axis":"y","origin":[6.74129,12.4225,4.25689]},"faces":{"north":{"uv":[0,7,2,8],"texture":"#1_1_2"},"east":{"uv":[6,7,8,8],"texture":"#1_1_2"},"south":{"uv":[4,7,6,8],"texture":"#1_1_2"},"west":{"uv":[2,7,4,8],"texture":"#1_1_2"},"up":{"uv":[4,7,2,5],"rotation":270,"texture":"#1_1_2"},"down":{"uv":[6,5,4,7],"rotation":90,"texture":"#1_1_2"}}},{"from":[4.86409,12.6051,6.91969],"to":[5.49769,12.9219,7.55329],"rotation":{"angle":-22.5,"axis":"y","origin":[6.74129,12.4225,4.25689]},"faces":{"north":{"uv":[8,6,9,6.5],"texture":"#1_1_2"},"east":{"uv":[11,6,12,6.5],"texture":"#1_1_2"},"south":{"uv":[10,6,11,6.5],"texture":"#1_1_2"},"west":{"uv":[9,6,10,6.5],"texture":"#1_1_2"},"up":{"uv":[10,6,9,5],"rotation":270,"texture":"#1_1_2"},"down":{"uv":[11,5,10,6],"rotation":90,"texture":"#1_1_2"}}},{"from":[4.23049,10.9243,6.28609],"to":[6.13129,12.1915,8.18689],"rotation":{"angle":-22.5,"axis":"y","origin":[6.74129,12.4225,4.25689]},"faces":{"north":{"uv":[0,3,3,5],"texture":"#1_1_2"},"east":{"uv":[9,3,12,5],"texture":"#1_1_2"},"south":{"uv":[6,3,9,5],"texture":"#1_1_2"},"west":{"uv":[3,3,6,5],"texture":"#1_1_2"},"up":{"uv":[6,3,3,0],"rotation":270,"texture":"#1_1_2"},"down":{"uv":[9,0,6,3],"rotation":90,"texture":"#1_1_2"}}},{"from":[6.5854,12.9219,3.2078],"to":[6.9022,13.2387,3.5246],"rotation":{"angle":22.5,"axis":"y","origin":[8.045,12.4225,3.955]},"faces":{"north":{"uv":[0.5,8.5,1,9],"texture":"#1_1_2"},"east":{"uv":[0,8.5,0.5,9],"texture":"#1_1_2"},"south":{"uv":[1.5,8.5,2,9],"texture":"#1_1_2"},"west":{"uv":[1,8.5,1.5,9],"texture":"#1_1_2"},"up":{"uv":[1,8.5,0.5,8],"texture":"#1_1_2"},"down":{"uv":[1.5,8,1,8.5],"texture":"#1_1_2"}}},{"from":[5.9518,11.9715,2.891],"to":[7.219,12.6051,4.1582],"rotation":{"angle":22.5,"axis":"y","origin":[8.045,12.4225,3.955]},"faces":{"north":{"uv":[2,7,4,8],"texture":"#1_1_2"},"east":{"uv":[0,7,2,8],"texture":"#1_1_2"},"south":{"uv":[6,7,8,8],"texture":"#1_1_2"},"west":{"uv":[4,7,6,8],"texture":"#1_1_2"},"up":{"uv":[4,7,2,5],"texture":"#1_1_2"},"down":{"uv":[6,5,4,7],"texture":"#1_1_2"}}},{"from":[6.2686,12.6051,3.2078],"to":[6.9022,12.9219,3.8414],"rotation":{"angle":22.5,"axis":"y","origin":[8.045,12.4225,3.955]},"faces":{"north":{"uv":[9,6,10,6.5],"texture":"#1_1_2"},"east":{"uv":[8,6,9,6.5],"texture":"#1_1_2"},"south":{"uv":[11,6,12,6.5],"texture":"#1_1_2"},"west":{"uv":[10,6,11,6.5],"texture":"#1_1_2"},"up":{"uv":[10,6,9,5],"texture":"#1_1_2"},"down":{"uv":[11,5,10,6],"texture":"#1_1_2"}}},{"from":[5.635,10.9243,2.5742],"to":[7.5358,12.1915,4.475],"rotation":{"angle":22.5,"axis":"y","origin":[8.045,12.4225,3.955]},"faces":{"north":{"uv":[3,3,6,5],"texture":"#1_1_2"},"east":{"uv":[0,3,3,5],"texture":"#1_1_2"},"south":{"uv":[9,3,12,5],"texture":"#1_1_2"},"west":{"uv":[6,3,9,5],"texture":"#1_1_2"},"up":{"uv":[6,3,3,0],"texture":"#1_1_2"},"down":{"uv":[9,0,6,3],"texture":"#1_1_2"}}},{"from":[6.49144,12.9219,11.29915],"to":[6.80824,13.2387,11.61595],"rotation":{"angle":-22.5,"axis":"y","origin":[5.24561,12.4225,10.66249]},"faces":{"north":{"uv":[1.5,8.5,2,9],"texture":"#1_1_2"},"east":{"uv":[1,8.5,1.5,9],"texture":"#1_1_2"},"south":{"uv":[0.5,8.5,1,9],"texture":"#1_1_2"},"west":{"uv":[0,8.5,0.5,9],"texture":"#1_1_2"},"up":{"uv":[1,8.5,0.5,8],"rotation":180,"texture":"#1_1_2"},"down":{"uv":[1.5,8,1,8.5],"rotation":180,"texture":"#1_1_2"}}},{"from":[6.17464,11.9715,10.66555],"to":[7.44184,12.6051,11.93275],"rotation":{"angle":-22.5,"axis":"y","origin":[5.24561,12.4225,10.66249]},"faces":{"north":{"uv":[6,7,8,8],"texture":"#1_1_2"},"east":{"uv":[4,7,6,8],"texture":"#1_1_2"},"south":{"uv":[2,7,4,8],"texture":"#1_1_2"},"west":{"uv":[0,7,2,8],"texture":"#1_1_2"},"up":{"uv":[4,7,2,5],"rotation":180,"texture":"#1_1_2"},"down":{"uv":[6,5,4,7],"rotation":180,"texture":"#1_1_2"}}},{"from":[6.49144,12.6051,10.98235],"to":[7.12504,12.9219,11.61595],"rotation":{"angle":-22.5,"axis":"y","origin":[5.24561,12.4225,10.66249]},"faces":{"north":{"uv":[11,6,12,6.5],"texture":"#1_1_2"},"east":{"uv":[10,6,11,6.5],"texture":"#1_1_2"},"south":{"uv":[9,6,10,6.5],"texture":"#1_1_2"},"west":{"uv":[8,6,9,6.5],"texture":"#1_1_2"},"up":{"uv":[10,6,9,5],"rotation":180,"texture":"#1_1_2"},"down":{"uv":[11,5,10,6],"rotation":180,"texture":"#1_1_2"}}},{"from":[5.85784,10.9243,10.34875],"to":[7.75864,12.1915,12.24955],"rotation":{"angle":-22.5,"axis":"y","origin":[5.24561,12.4225,10.66249]},"faces":{"north":{"uv":[9,3,12,5],"texture":"#1_1_2"},"east":{"uv":[6,3,9,5],"texture":"#1_1_2"},"south":{"uv":[3,3,6,5],"texture":"#1_1_2"},"west":{"uv":[0,3,3,5],"texture":"#1_1_2"},"up":{"uv":[6,3,3,0],"rotation":180,"texture":"#1_1_2"},"down":{"uv":[9,0,6,3],"rotation":180,"texture":"#1_1_2"}}},{"from":[4.36965,12.9219,8.83016],"to":[4.68645,13.2387,9.14696],"rotation":{"angle":22.5,"axis":"y","origin":[5.24561,12.4225,10.66249]},"faces":{"north":{"uv":[0,8.5,0.5,9],"texture":"#1_1_2"},"east":{"uv":[1.5,8.5,2,9],"texture":"#1_1_2"},"south":{"uv":[1,8.5,1.5,9],"texture":"#1_1_2"},"west":{"uv":[0.5,8.5,1,9],"texture":"#1_1_2"},"up":{"uv":[1,8.5,0.5,8],"rotation":270,"texture":"#1_1_2"},"down":{"uv":[1.5,8,1,8.5],"rotation":90,"texture":"#1_1_2"}}},{"from":[4.05285,11.9715,8.51336],"to":[5.32005,12.6051,9.78056],"rotation":{"angle":22.5,"axis":"y","origin":[5.24561,12.4225,10.66249]},"faces":{"north":{"uv":[0,7,2,8],"texture":"#1_1_2"},"east":{"uv":[6,7,8,8],"texture":"#1_1_2"},"south":{"uv":[4,7,6,8],"texture":"#1_1_2"},"west":{"uv":[2,7,4,8],"texture":"#1_1_2"},"up":{"uv":[4,7,2,5],"rotation":270,"texture":"#1_1_2"},"down":{"uv":[6,5,4,7],"rotation":90,"texture":"#1_1_2"}}},{"from":[4.36965,12.6051,8.83016],"to":[5.00325,12.9219,9.46376],"rotation":{"angle":22.5,"axis":"y","origin":[5.24561,12.4225,10.66249]},"faces":{"north":{"uv":[8,6,9,6.5],"texture":"#1_1_2"},"east":{"uv":[11,6,12,6.5],"texture":"#1_1_2"},"south":{"uv":[10,6,11,6.5],"texture":"#1_1_2"},"west":{"uv":[9,6,10,6.5],"texture":"#1_1_2"},"up":{"uv":[10,6,9,5],"rotation":270,"texture":"#1_1_2"},"down":{"uv":[11,5,10,6],"rotation":90,"texture":"#1_1_2"}}},{"from":[3.73605,10.9243,8.19656],"to":[5.63685,12.1915,10.09736],"rotation":{"angle":22.5,"axis":"y","origin":[5.24561,12.4225,10.66249]},"faces":{"north":{"uv":[0,3,3,5],"texture":"#1_1_2"},"east":{"uv":[9,3,12,5],"texture":"#1_1_2"},"south":{"uv":[6,3,9,5],"texture":"#1_1_2"},"west":{"uv":[3,3,6,5],"texture":"#1_1_2"},"up":{"uv":[6,3,3,0],"rotation":270,"texture":"#1_1_2"},"down":{"uv":[9,0,6,3],"rotation":90,"texture":"#1_1_2"}}},{"from":[10.81911,12.9219,6.91969],"to":[11.13591,13.2387,7.23649],"rotation":{"angle":22.5,"axis":"y","origin":[9.25871,12.4225,4.25689]},"faces":{"north":{"uv":[0.5,8.5,0,9],"texture":"#1_1_2"},"east":{"uv":[1,8.5,0.5,9],"texture":"#1_1_2"},"south":{"uv":[1.5,8.5,1,9],"texture":"#1_1_2"},"west":{"uv":[2,8.5,1.5,9],"texture":"#1_1_2"},"up":{"uv":[1,8,0.5,8.5],"rotation":270,"texture":"#1_1_2"},"down":{"uv":[1.5,8.5,1,8],"rotation":90,"texture":"#1_1_2"}}},{"from":[10.18551,11.9715,6.60289],"to":[11.45271,12.6051,7.87009],"rotation":{"angle":22.5,"axis":"y","origin":[9.25871,12.4225,4.25689]},"faces":{"north":{"uv":[2,7,0,8],"texture":"#1_1_2"},"east":{"uv":[4,7,2,8],"texture":"#1_1_2"},"south":{"uv":[6,7,4,8],"texture":"#1_1_2"},"west":{"uv":[8,7,6,8],"texture":"#1_1_2"},"up":{"uv":[4,5,2,7],"rotation":270,"texture":"#1_1_2"},"down":{"uv":[6,7,4,5],"rotation":90,"texture":"#1_1_2"}}},{"from":[10.50231,12.6051,6.91969],"to":[11.13591,12.9219,7.55329],"rotation":{"angle":22.5,"axis":"y","origin":[9.25871,12.4225,4.25689]},"faces":{"north":{"uv":[9,6,8,6.5],"texture":"#1_1_2"},"east":{"uv":[10,6,9,6.5],"texture":"#1_1_2"},"south":{"uv":[11,6,10,6.5],"texture":"#1_1_2"},"west":{"uv":[12,6,11,6.5],"texture":"#1_1_2"},"up":{"uv":[10,5,9,6],"rotation":270,"texture":"#1_1_2"},"down":{"uv":[11,6,10,5],"rotation":90,"texture":"#1_1_2"}}},{"from":[9.86871,10.9243,6.28609],"to":[11.76951,12.1915,8.18689],"rotation":{"angle":22.5,"axis":"y","origin":[9.25871,12.4225,4.25689]},"faces":{"north":{"uv":[3,3,0,5],"texture":"#1_1_2"},"east":{"uv":[6,3,3,5],"texture":"#1_1_2"},"south":{"uv":[9,3,6,5],"texture":"#1_1_2"},"west":{"uv":[12,3,9,5],"texture":"#1_1_2"},"up":{"uv":[6,0,3,3],"rotation":270,"texture":"#1_1_2"},"down":{"uv":[9,3,6,0],"rotation":90,"texture":"#1_1_2"}}},{"from":[9.0978,12.9219,3.2078],"to":[9.4146,13.2387,3.5246],"rotation":{"angle":-22.5,"axis":"y","origin":[7.955,12.4225,3.955]},"faces":{"north":{"uv":[1,8.5,0.5,9],"texture":"#1_1_2"},"east":{"uv":[1.5,8.5,1,9],"texture":"#1_1_2"},"south":{"uv":[2,8.5,1.5,9],"texture":"#1_1_2"},"west":{"uv":[0.5,8.5,0,9],"texture":"#1_1_2"},"up":{"uv":[0.5,8.5,1,8],"texture":"#1_1_2"},"down":{"uv":[1,8,1.5,8.5],"texture":"#1_1_2"}}},{"from":[8.781,11.9715,2.891],"to":[10.0482,12.6051,4.1582],"rotation":{"angle":-22.5,"axis":"y","origin":[7.955,12.4225,3.955]},"faces":{"north":{"uv":[4,7,2,8],"texture":"#1_1_2"},"east":{"uv":[6,7,4,8],"texture":"#1_1_2"},"south":{"uv":[8,7,6,8],"texture":"#1_1_2"},"west":{"uv":[2,7,0,8],"texture":"#1_1_2"},"up":{"uv":[2,7,4,5],"texture":"#1_1_2"},"down":{"uv":[4,5,6,7],"texture":"#1_1_2"}}},{"from":[9.0978,12.6051,3.2078],"to":[9.7314,12.9219,3.8414],"rotation":{"angle":-22.5,"axis":"y","origin":[7.955,12.4225,3.955]},"faces":{"north":{"uv":[10,6,9,6.5],"texture":"#1_1_2"},"east":{"uv":[11,6,10,6.5],"texture":"#1_1_2"},"south":{"uv":[12,6,11,6.5],"texture":"#1_1_2"},"west":{"uv":[9,6,8,6.5],"texture":"#1_1_2"},"up":{"uv":[9,6,10,5],"texture":"#1_1_2"},"down":{"uv":[10,5,11,6],"texture":"#1_1_2"}}},{"from":[8.4642,10.9243,2.5742],"to":[10.365,12.1915,4.475],"rotation":{"angle":-22.5,"axis":"y","origin":[7.955,12.4225,3.955]},"faces":{"north":{"uv":[6,3,3,5],"texture":"#1_1_2"},"east":{"uv":[9,3,6,5],"texture":"#1_1_2"},"south":{"uv":[12,3,9,5],"texture":"#1_1_2"},"west":{"uv":[3,3,0,5],"texture":"#1_1_2"},"up":{"uv":[3,3,6,0],"texture":"#1_1_2"},"down":{"uv":[6,0,9,3],"texture":"#1_1_2"}}},{"from":[9.19176,12.9219,11.29915],"to":[9.50856,13.2387,11.61595],"rotation":{"angle":22.5,"axis":"y","origin":[10.75439,12.4225,10.66249]},"faces":{"north":{"uv":[2,8.5,1.5,9],"texture":"#1_1_2"},"east":{"uv":[0.5,8.5,0,9],"texture":"#1_1_2"},"south":{"uv":[1,8.5,0.5,9],"texture":"#1_1_2"},"west":{"uv":[1.5,8.5,1,9],"texture":"#1_1_2"},"up":{"uv":[0.5,8.5,1,8],"rotation":180,"texture":"#1_1_2"},"down":{"uv":[1,8,1.5,8.5],"rotation":180,"texture":"#1_1_2"}}},{"from":[8.55816,11.9715,10.66555],"to":[9.82536,12.6051,11.93275],"rotation":{"angle":22.5,"axis":"y","origin":[10.75439,12.4225,10.66249]},"faces":{"north":{"uv":[8,7,6,8],"texture":"#1_1_2"},"east":{"uv":[2,7,0,8],"texture":"#1_1_2"},"south":{"uv":[4,7,2,8],"texture":"#1_1_2"},"west":{"uv":[6,7,4,8],"texture":"#1_1_2"},"up":{"uv":[2,7,4,5],"rotation":180,"texture":"#1_1_2"},"down":{"uv":[4,5,6,7],"rotation":180,"texture":"#1_1_2"}}},{"from":[8.87496,12.6051,10.98235],"to":[9.50856,12.9219,11.61595],"rotation":{"angle":22.5,"axis":"y","origin":[10.75439,12.4225,10.66249]},"faces":{"north":{"uv":[12,6,11,6.5],"texture":"#1_1_2"},"east":{"uv":[9,6,8,6.5],"texture":"#1_1_2"},"south":{"uv":[10,6,9,6.5],"texture":"#1_1_2"},"west":{"uv":[11,6,10,6.5],"texture":"#1_1_2"},"up":{"uv":[9,6,10,5],"rotation":180,"texture":"#1_1_2"},"down":{"uv":[10,5,11,6],"rotation":180,"texture":"#1_1_2"}}},{"from":[8.24136,10.9243,10.34875],"to":[10.14216,12.1915,12.24955],"rotation":{"angle":22.5,"axis":"y","origin":[10.75439,12.4225,10.66249]},"faces":{"north":{"uv":[12,3,9,5],"texture":"#1_1_2"},"east":{"uv":[3,3,0,5],"texture":"#1_1_2"},"south":{"uv":[6,3,3,5],"texture":"#1_1_2"},"west":{"uv":[9,3,6,5],"texture":"#1_1_2"},"up":{"uv":[3,3,6,0],"rotation":180,"texture":"#1_1_2"},"down":{"uv":[6,0,9,3],"rotation":180,"texture":"#1_1_2"}}},{"from":[11.31355,12.9219,8.83016],"to":[11.63035,13.2387,9.14696],"rotation":{"angle":-22.5,"axis":"y","origin":[10.75439,12.4225,10.66249]},"faces":{"north":{"uv":[0.5,8.5,0,9],"texture":"#1_1_2"},"east":{"uv":[1,8.5,0.5,9],"texture":"#1_1_2"},"south":{"uv":[1.5,8.5,1,9],"texture":"#1_1_2"},"west":{"uv":[2,8.5,1.5,9],"texture":"#1_1_2"},"up":{"uv":[1,8,0.5,8.5],"rotation":270,"texture":"#1_1_2"},"down":{"uv":[1.5,8.5,1,8],"rotation":90,"texture":"#1_1_2"}}},{"from":[10.67995,11.9715,8.51336],"to":[11.94715,12.6051,9.78056],"rotation":{"angle":-22.5,"axis":"y","origin":[10.75439,12.4225,10.66249]},"faces":{"north":{"uv":[2,7,0,8],"texture":"#1_1_2"},"east":{"uv":[4,7,2,8],"texture":"#1_1_2"},"south":{"uv":[6,7,4,8],"texture":"#1_1_2"},"west":{"uv":[8,7,6,8],"texture":"#1_1_2"},"up":{"uv":[4,5,2,7],"rotation":270,"texture":"#1_1_2"},"down":{"uv":[6,7,4,5],"rotation":90,"texture":"#1_1_2"}}},{"from":[10.99675,12.6051,8.83016],"to":[11.63035,12.9219,9.46376],"rotation":{"angle":-22.5,"axis":"y","origin":[10.75439,12.4225,10.66249]},"faces":{"north":{"uv":[9,6,8,6.5],"texture":"#1_1_2"},"east":{"uv":[10,6,9,6.5],"texture":"#1_1_2"},"south":{"uv":[11,6,10,6.5],"texture":"#1_1_2"},"west":{"uv":[12,6,11,6.5],"texture":"#1_1_2"},"up":{"uv":[10,5,9,6],"rotation":270,"texture":"#1_1_2"},"down":{"uv":[11,6,10,5],"rotation":90,"texture":"#1_1_2"}}},{"from":[10.36315,10.9243,8.19656],"to":[12.26395,12.1915,10.09736],"rotation":{"angle":-22.5,"axis":"y","origin":[10.75439,12.4225,10.66249]},"faces":{"north":{"uv":[3,3,0,5],"texture":"#1_1_2"},"east":{"uv":[6,3,3,5],"texture":"#1_1_2"},"south":{"uv":[9,3,6,5],"texture":"#1_1_2"},"west":{"uv":[12,3,9,5],"texture":"#1_1_2"},"up":{"uv":[6,0,3,3],"rotation":270,"texture":"#1_1_2"},"down":{"uv":[9,3,6,0],"rotation":90,"texture":"#1_1_2"}}},{"from":[3.45383,12.50815,7.65468],"to":[3.74529,12.7996,7.94614],"rotation":{"angle":0,"axis":"y","origin":[7.5424,12.04879,7.90001]},"faces":{"north":{"uv":[0,8.5,0.5,9],"texture":"#1_1_2"},"east":{"uv":[1.5,8.5,2,9],"texture":"#1_1_2"},"south":{"uv":[1,8.5,1.5,9],"texture":"#1_1_2"},"west":{"uv":[0.5,8.5,1,9],"texture":"#1_1_2"},"up":{"uv":[1,8.5,0.5,8],"rotation":270,"texture":"#1_1_2"},"down":{"uv":[1.5,8,1,8.5],"rotation":90,"texture":"#1_1_2"}}},{"from":[3.16237,11.63378,7.36323],"to":[4.3282,12.21669,8.52905],"rotation":{"angle":0,"axis":"y","origin":[7.5424,12.04879,7.90001]},"faces":{"north":{"uv":[0,7,2,8],"texture":"#1_1_2"},"east":{"uv":[6,7,8,8],"texture":"#1_1_2"},"south":{"uv":[4,7,6,8],"texture":"#1_1_2"},"west":{"uv":[2,7,4,8],"texture":"#1_1_2"},"up":{"uv":[4,7,2,5],"rotation":270,"texture":"#1_1_2"},"down":{"uv":[6,5,4,7],"rotation":90,"texture":"#1_1_2"}}},{"from":[3.45383,12.21669,7.65468],"to":[4.03674,12.50815,8.2376],"rotation":{"angle":0,"axis":"y","origin":[7.5424,12.04879,7.90001]},"faces":{"north":{"uv":[8,6,9,6.5],"texture":"#1_1_2"},"east":{"uv":[11,6,12,6.5],"texture":"#1_1_2"},"south":{"uv":[10,6,11,6.5],"texture":"#1_1_2"},"west":{"uv":[9,6,10,6.5],"texture":"#1_1_2"},"up":{"uv":[10,6,9,5],"rotation":270,"texture":"#1_1_2"},"down":{"uv":[11,5,10,6],"rotation":90,"texture":"#1_1_2"}}},{"from":[2.87092,10.67036,7.07177],"to":[4.61965,11.83618,8.82051],"rotation":{"angle":0,"axis":"y","origin":[7.5424,12.04879,7.90001]},"faces":{"north":{"uv":[0,3,3,5],"texture":"#1_1_2"},"east":{"uv":[9,3,12,5],"texture":"#1_1_2"},"south":{"uv":[6,3,9,5],"texture":"#1_1_2"},"west":{"uv":[3,3,6,5],"texture":"#1_1_2"},"up":{"uv":[6,3,3,0],"rotation":270,"texture":"#1_1_2"},"down":{"uv":[9,0,6,3],"rotation":90,"texture":"#1_1_2"}}},{"from":[8.02483,12.50815,3.4394],"to":[8.31628,12.7996,3.73085],"rotation":{"angle":45,"axis":"y","origin":[7.9924,12.04879,7.95001]},"faces":{"north":{"uv":[0.5,8.5,1,9],"texture":"#1_1_2"},"east":{"uv":[0,8.5,0.5,9],"texture":"#1_1_2"},"south":{"uv":[1.5,8.5,2,9],"texture":"#1_1_2"},"west":{"uv":[1,8.5,1.5,9],"texture":"#1_1_2"},"up":{"uv":[1,8.5,0.5,8],"texture":"#1_1_2"},"down":{"uv":[1.5,8,1,8.5],"texture":"#1_1_2"}}},{"from":[7.44191,11.63378,3.14794],"to":[8.60774,12.21669,4.31377],"rotation":{"angle":45,"axis":"y","origin":[7.9924,12.04879,7.95001]},"faces":{"north":{"uv":[2,7,4,8],"texture":"#1_1_2"},"east":{"uv":[0,7,2,8],"texture":"#1_1_2"},"south":{"uv":[6,7,8,8],"texture":"#1_1_2"},"west":{"uv":[4,7,6,8],"texture":"#1_1_2"},"up":{"uv":[4,7,2,5],"texture":"#1_1_2"},"down":{"uv":[6,5,4,7],"texture":"#1_1_2"}}},{"from":[7.73337,12.21669,3.4394],"to":[8.31628,12.50815,4.02231],"rotation":{"angle":45,"axis":"y","origin":[7.9924,12.04879,7.95001]},"faces":{"north":{"uv":[9,6,10,6.5],"texture":"#1_1_2"},"east":{"uv":[8,6,9,6.5],"texture":"#1_1_2"},"south":{"uv":[11,6,12,6.5],"texture":"#1_1_2"},"west":{"uv":[10,6,11,6.5],"texture":"#1_1_2"},"up":{"uv":[10,6,9,5],"texture":"#1_1_2"},"down":{"uv":[11,5,10,6],"texture":"#1_1_2"}}},{"from":[7.15046,10.67036,2.85649],"to":[8.89919,11.83618,4.60522],"rotation":{"angle":45,"axis":"y","origin":[7.9924,12.04879,7.95001]},"faces":{"north":{"uv":[3,3,6,5],"texture":"#1_1_2"},"east":{"uv":[0,3,3,5],"texture":"#1_1_2"},"south":{"uv":[9,3,12,5],"texture":"#1_1_2"},"west":{"uv":[6,3,9,5],"texture":"#1_1_2"},"up":{"uv":[6,3,3,0],"texture":"#1_1_2"},"down":{"uv":[9,0,6,3],"texture":"#1_1_2"}}},{"from":[7.71095,12.50815,12.23678],"to":[8.00241,12.7996,12.52824],"rotation":{"angle":0,"axis":"y","origin":[7.9424,12.04879,8.37501]},"faces":{"north":{"uv":[1.5,8.5,2,9],"texture":"#1_1_2"},"east":{"uv":[1,8.5,1.5,9],"texture":"#1_1_2"},"south":{"uv":[0.5,8.5,1,9],"texture":"#1_1_2"},"west":{"uv":[0,8.5,0.5,9],"texture":"#1_1_2"},"up":{"uv":[1,8.5,0.5,8],"rotation":180,"texture":"#1_1_2"},"down":{"uv":[1.5,8,1,8.5],"rotation":180,"texture":"#1_1_2"}}},{"from":[7.4195,11.63378,11.65387],"to":[8.58532,12.21669,12.81969],"rotation":{"angle":0,"axis":"y","origin":[7.9424,12.04879,8.37501]},"faces":{"north":{"uv":[6,7,8,8],"texture":"#1_1_2"},"east":{"uv":[4,7,6,8],"texture":"#1_1_2"},"south":{"uv":[2,7,4,8],"texture":"#1_1_2"},"west":{"uv":[0,7,2,8],"texture":"#1_1_2"},"up":{"uv":[4,7,2,5],"rotation":180,"texture":"#1_1_2"},"down":{"uv":[6,5,4,7],"rotation":180,"texture":"#1_1_2"}}},{"from":[7.71095,12.21669,11.94533],"to":[8.29387,12.50815,12.52824],"rotation":{"angle":0,"axis":"y","origin":[7.9424,12.04879,8.37501]},"faces":{"north":{"uv":[11,6,12,6.5],"texture":"#1_1_2"},"east":{"uv":[10,6,11,6.5],"texture":"#1_1_2"},"south":{"uv":[9,6,10,6.5],"texture":"#1_1_2"},"west":{"uv":[8,6,9,6.5],"texture":"#1_1_2"},"up":{"uv":[10,6,9,5],"rotation":180,"texture":"#1_1_2"},"down":{"uv":[11,5,10,6],"rotation":180,"texture":"#1_1_2"}}},{"from":[7.12804,10.67036,11.36241],"to":[8.87678,11.83618,13.11115],"rotation":{"angle":0,"axis":"y","origin":[7.9424,12.04879,8.37501]},"faces":{"north":{"uv":[9,3,12,5],"texture":"#1_1_2"},"east":{"uv":[6,3,9,5],"texture":"#1_1_2"},"south":{"uv":[3,3,6,5],"texture":"#1_1_2"},"west":{"uv":[0,3,3,5],"texture":"#1_1_2"},"up":{"uv":[6,3,3,0],"rotation":180,"texture":"#1_1_2"},"down":{"uv":[9,0,6,3],"rotation":180,"texture":"#1_1_2"}}},{"from":[3.44588,12.50815,7.68166],"to":[3.73734,12.7996,7.97312],"rotation":{"angle":45,"axis":"y","origin":[7.9924,12.04879,7.95001]},"faces":{"north":{"uv":[0,8.5,0.5,9],"texture":"#1_1_2"},"east":{"uv":[1.5,8.5,2,9],"texture":"#1_1_2"},"south":{"uv":[1,8.5,1.5,9],"texture":"#1_1_2"},"west":{"uv":[0.5,8.5,1,9],"texture":"#1_1_2"},"up":{"uv":[1,8.5,0.5,8],"rotation":270,"texture":"#1_1_2"},"down":{"uv":[1.5,8,1,8.5],"rotation":90,"texture":"#1_1_2"}}},{"from":[3.15442,11.63378,7.39021],"to":[4.32025,12.21669,8.55603],"rotation":{"angle":45,"axis":"y","origin":[7.9924,12.04879,7.95001]},"faces":{"north":{"uv":[0,7,2,8],"texture":"#1_1_2"},"east":{"uv":[6,7,8,8],"texture":"#1_1_2"},"south":{"uv":[4,7,6,8],"texture":"#1_1_2"},"west":{"uv":[2,7,4,8],"texture":"#1_1_2"},"up":{"uv":[4,7,2,5],"rotation":270,"texture":"#1_1_2"},"down":{"uv":[6,5,4,7],"rotation":90,"texture":"#1_1_2"}}},{"from":[3.44588,12.21669,7.68166],"to":[4.02879,12.50815,8.26457],"rotation":{"angle":45,"axis":"y","origin":[7.9924,12.04879,7.95001]},"faces":{"north":{"uv":[8,6,9,6.5],"texture":"#1_1_2"},"east":{"uv":[11,6,12,6.5],"texture":"#1_1_2"},"south":{"uv":[10,6,11,6.5],"texture":"#1_1_2"},"west":{"uv":[9,6,10,6.5],"texture":"#1_1_2"},"up":{"uv":[10,6,9,5],"rotation":270,"texture":"#1_1_2"},"down":{"uv":[11,5,10,6],"rotation":90,"texture":"#1_1_2"}}},{"from":[2.86297,10.67036,7.09875],"to":[4.6117,11.83618,8.84749],"rotation":{"angle":45,"axis":"y","origin":[7.9924,12.04879,7.95001]},"faces":{"north":{"uv":[0,3,3,5],"texture":"#1_1_2"},"east":{"uv":[9,3,12,5],"texture":"#1_1_2"},"south":{"uv":[6,3,9,5],"texture":"#1_1_2"},"west":{"uv":[3,3,6,5],"texture":"#1_1_2"},"up":{"uv":[6,3,3,0],"rotation":270,"texture":"#1_1_2"},"down":{"uv":[9,0,6,3],"rotation":90,"texture":"#1_1_2"}}},{"from":[12.20356,12.50815,7.6105],"to":[12.49501,12.7996,7.90196],"rotation":{"angle":45,"axis":"y","origin":[7.9924,12.04879,7.95001]},"faces":{"north":{"uv":[0.5,8.5,0,9],"texture":"#1_1_2"},"east":{"uv":[1,8.5,0.5,9],"texture":"#1_1_2"},"south":{"uv":[1.5,8.5,1,9],"texture":"#1_1_2"},"west":{"uv":[2,8.5,1.5,9],"texture":"#1_1_2"},"up":{"uv":[1,8,0.5,8.5],"rotation":270,"texture":"#1_1_2"},"down":{"uv":[1.5,8.5,1,8],"rotation":90,"texture":"#1_1_2"}}},{"from":[11.62065,11.63378,7.31905],"to":[12.78647,12.21669,8.48487],"rotation":{"angle":45,"axis":"y","origin":[7.9924,12.04879,7.95001]},"faces":{"north":{"uv":[2,7,0,8],"texture":"#1_1_2"},"east":{"uv":[4,7,2,8],"texture":"#1_1_2"},"south":{"uv":[6,7,4,8],"texture":"#1_1_2"},"west":{"uv":[8,7,6,8],"texture":"#1_1_2"},"up":{"uv":[4,5,2,7],"rotation":270,"texture":"#1_1_2"},"down":{"uv":[6,7,4,5],"rotation":90,"texture":"#1_1_2"}}},{"from":[11.9121,12.21669,7.6105],"to":[12.49501,12.50815,8.19342],"rotation":{"angle":45,"axis":"y","origin":[7.9924,12.04879,7.95001]},"faces":{"north":{"uv":[9,6,8,6.5],"texture":"#1_1_2"},"east":{"uv":[10,6,9,6.5],"texture":"#1_1_2"},"south":{"uv":[11,6,10,6.5],"texture":"#1_1_2"},"west":{"uv":[12,6,11,6.5],"texture":"#1_1_2"},"up":{"uv":[10,5,9,6],"rotation":270,"texture":"#1_1_2"},"down":{"uv":[11,6,10,5],"rotation":90,"texture":"#1_1_2"}}},{"from":[11.32919,10.67036,7.02759],"to":[13.07793,11.83618,8.77633],"rotation":{"angle":45,"axis":"y","origin":[7.9924,12.04879,7.95001]},"faces":{"north":{"uv":[3,3,0,5],"texture":"#1_1_2"},"east":{"uv":[6,3,3,5],"texture":"#1_1_2"},"south":{"uv":[9,3,6,5],"texture":"#1_1_2"},"west":{"uv":[12,3,9,5],"texture":"#1_1_2"},"up":{"uv":[6,0,3,3],"rotation":270,"texture":"#1_1_2"},"down":{"uv":[9,3,6,0],"rotation":90,"texture":"#1_1_2"}}},{"from":[7.70756,12.50815,3.45858],"to":[7.99902,12.7996,3.75004],"rotation":{"angle":0,"axis":"y","origin":[8.0924,12.04879,7.52501]},"faces":{"north":{"uv":[1,8.5,0.5,9],"texture":"#1_1_2"},"east":{"uv":[1.5,8.5,1,9],"texture":"#1_1_2"},"south":{"uv":[2,8.5,1.5,9],"texture":"#1_1_2"},"west":{"uv":[0.5,8.5,0,9],"texture":"#1_1_2"},"up":{"uv":[0.5,8.5,1,8],"texture":"#1_1_2"},"down":{"uv":[1,8,1.5,8.5],"texture":"#1_1_2"}}},{"from":[7.4161,11.63378,3.16712],"to":[8.58193,12.21669,4.33295],"rotation":{"angle":0,"axis":"y","origin":[8.0924,12.04879,7.52501]},"faces":{"north":{"uv":[4,7,2,8],"texture":"#1_1_2"},"east":{"uv":[6,7,4,8],"texture":"#1_1_2"},"south":{"uv":[8,7,6,8],"texture":"#1_1_2"},"west":{"uv":[2,7,0,8],"texture":"#1_1_2"},"up":{"uv":[2,7,4,5],"texture":"#1_1_2"},"down":{"uv":[4,5,6,7],"texture":"#1_1_2"}}},{"from":[7.70756,12.21669,3.45858],"to":[8.29047,12.50815,4.04149],"rotation":{"angle":0,"axis":"y","origin":[8.0924,12.04879,7.52501]},"faces":{"north":{"uv":[10,6,9,6.5],"texture":"#1_1_2"},"east":{"uv":[11,6,10,6.5],"texture":"#1_1_2"},"south":{"uv":[12,6,11,6.5],"texture":"#1_1_2"},"west":{"uv":[9,6,8,6.5],"texture":"#1_1_2"},"up":{"uv":[9,6,10,5],"texture":"#1_1_2"},"down":{"uv":[10,5,11,6],"texture":"#1_1_2"}}},{"from":[7.12465,10.67036,2.87567],"to":[8.87338,11.83618,4.6244],"rotation":{"angle":0,"axis":"y","origin":[8.0924,12.04879,7.52501]},"faces":{"north":{"uv":[6,3,3,5],"texture":"#1_1_2"},"east":{"uv":[9,3,6,5],"texture":"#1_1_2"},"south":{"uv":[12,3,9,5],"texture":"#1_1_2"},"west":{"uv":[3,3,0,5],"texture":"#1_1_2"},"up":{"uv":[3,3,6,0],"texture":"#1_1_2"},"down":{"uv":[6,0,9,3],"texture":"#1_1_2"}}},{"from":[7.99643,12.50815,12.2176],"to":[8.28789,12.7996,12.50906],"rotation":{"angle":45,"axis":"y","origin":[7.9924,12.04879,7.95001]},"faces":{"north":{"uv":[2,8.5,1.5,9],"texture":"#1_1_2"},"east":{"uv":[0.5,8.5,0,9],"texture":"#1_1_2"},"south":{"uv":[1,8.5,0.5,9],"texture":"#1_1_2"},"west":{"uv":[1.5,8.5,1,9],"texture":"#1_1_2"},"up":{"uv":[0.5,8.5,1,8],"rotation":180,"texture":"#1_1_2"},"down":{"uv":[1,8,1.5,8.5],"rotation":180,"texture":"#1_1_2"}}},{"from":[7.41352,11.63378,11.63469],"to":[8.57935,12.21669,12.80051],"rotation":{"angle":45,"axis":"y","origin":[7.9924,12.04879,7.95001]},"faces":{"north":{"uv":[8,7,6,8],"texture":"#1_1_2"},"east":{"uv":[2,7,0,8],"texture":"#1_1_2"},"south":{"uv":[4,7,2,8],"texture":"#1_1_2"},"west":{"uv":[6,7,4,8],"texture":"#1_1_2"},"up":{"uv":[2,7,4,5],"rotation":180,"texture":"#1_1_2"},"down":{"uv":[4,5,6,7],"rotation":180,"texture":"#1_1_2"}}},{"from":[7.70498,12.21669,11.92614],"to":[8.28789,12.50815,12.50906],"rotation":{"angle":45,"axis":"y","origin":[7.9924,12.04879,7.95001]},"faces":{"north":{"uv":[12,6,11,6.5],"texture":"#1_1_2"},"east":{"uv":[9,6,8,6.5],"texture":"#1_1_2"},"south":{"uv":[10,6,9,6.5],"texture":"#1_1_2"},"west":{"uv":[11,6,10,6.5],"texture":"#1_1_2"},"up":{"uv":[9,6,10,5],"rotation":180,"texture":"#1_1_2"},"down":{"uv":[10,5,11,6],"rotation":180,"texture":"#1_1_2"}}},{"from":[7.12207,10.67036,11.34323],"to":[8.8708,11.83618,13.09197],"rotation":{"angle":45,"axis":"y","origin":[7.9924,12.04879,7.95001]},"faces":{"north":{"uv":[12,3,9,5],"texture":"#1_1_2"},"east":{"uv":[3,3,0,5],"texture":"#1_1_2"},"south":{"uv":[6,3,3,5],"texture":"#1_1_2"},"west":{"uv":[9,3,6,5],"texture":"#1_1_2"},"up":{"uv":[3,3,6,0],"rotation":180,"texture":"#1_1_2"},"down":{"uv":[6,0,9,3],"rotation":180,"texture":"#1_1_2"}}},{"from":[12.21151,12.50815,7.62584],"to":[12.50296,12.7996,7.9173],"rotation":{"angle":0,"axis":"y","origin":[8.3924,12.04879,7.97501]},"faces":{"north":{"uv":[0.5,8.5,0,9],"texture":"#1_1_2"},"east":{"uv":[1,8.5,0.5,9],"texture":"#1_1_2"},"south":{"uv":[1.5,8.5,1,9],"texture":"#1_1_2"},"west":{"uv":[2,8.5,1.5,9],"texture":"#1_1_2"},"up":{"uv":[1,8,0.5,8.5],"rotation":270,"texture":"#1_1_2"},"down":{"uv":[1.5,8.5,1,8],"rotation":90,"texture":"#1_1_2"}}},{"from":[11.62859,11.63378,7.33439],"to":[12.79442,12.21669,8.50021],"rotation":{"angle":0,"axis":"y","origin":[8.3924,12.04879,7.97501]},"faces":{"north":{"uv":[2,7,0,8],"texture":"#1_1_2"},"east":{"uv":[4,7,2,8],"texture":"#1_1_2"},"south":{"uv":[6,7,4,8],"texture":"#1_1_2"},"west":{"uv":[8,7,6,8],"texture":"#1_1_2"},"up":{"uv":[4,5,2,7],"rotation":270,"texture":"#1_1_2"},"down":{"uv":[6,7,4,5],"rotation":90,"texture":"#1_1_2"}}},{"from":[11.92005,12.21669,7.62584],"to":[12.50296,12.50815,8.20875],"rotation":{"angle":0,"axis":"y","origin":[8.3924,12.04879,7.97501]},"faces":{"north":{"uv":[9,6,8,6.5],"texture":"#1_1_2"},"east":{"uv":[10,6,9,6.5],"texture":"#1_1_2"},"south":{"uv":[11,6,10,6.5],"texture":"#1_1_2"},"west":{"uv":[12,6,11,6.5],"texture":"#1_1_2"},"up":{"uv":[10,5,9,6],"rotation":270,"texture":"#1_1_2"},"down":{"uv":[11,6,10,5],"rotation":90,"texture":"#1_1_2"}}},{"from":[11.33714,10.67036,7.04293],"to":[13.08587,11.83618,8.79167],"rotation":{"angle":0,"axis":"y","origin":[8.3924,12.04879,7.97501]},"faces":{"north":{"uv":[3,3,0,5],"texture":"#1_1_2"},"east":{"uv":[6,3,3,5],"texture":"#1_1_2"},"south":{"uv":[9,3,6,5],"texture":"#1_1_2"},"west":{"uv":[12,3,9,5],"texture":"#1_1_2"},"up":{"uv":[6,0,3,3],"rotation":270,"texture":"#1_1_2"},"down":{"uv":[9,3,6,0],"rotation":90,"texture":"#1_1_2"}}},{"name":"octagon","from":[6.55655,11.201,4.5152],"to":[9.44345,11.701,11.4848],"rotation":{"angle":22.5,"axis":"y","origin":[8,13.7,8]},"faces":{"north":{"uv":[0,0,5,5],"texture":"#3"},"east":{"uv":[0,0,5,5],"texture":"#3"},"south":{"uv":[0,0,5,5],"texture":"#3"},"west":{"uv":[0,0,5,5],"texture":"#3"},"up":{"uv":[0,5,5,16],"texture":"#3"},"down":{"uv":[0,0,1,1],"texture":"#3"}}},{"name":"octagon","from":[6.55655,11.2015,4.5152],"to":[9.44345,11.7015,11.4848],"rotation":{"angle":-22.5,"axis":"y","origin":[8,13.7,8]},"faces":{"north":{"uv":[0,0,5,5],"texture":"#3"},"east":{"uv":[0,0,5,5],"texture":"#3"},"south":{"uv":[0,0,5,5],"texture":"#3"},"west":{"uv":[0,0,5,5],"texture":"#3"},"up":{"uv":[0,5,5,16],"texture":"#3"},"down":{"uv":[0,0,1,1],"texture":"#3"}}},{"name":"octagon","from":[4.5152,11.2,6.55655],"to":[11.4848,11.7,9.44345],"rotation":{"angle":22.5,"axis":"y","origin":[8,13.7,8]},"faces":{"north":{"uv":[0,0,1,1],"texture":"#3"},"east":{"uv":[0,0,5,5],"texture":"#3"},"south":{"uv":[0,0,5,5],"texture":"#3"},"west":{"uv":[0,0,5,5],"texture":"#3"},"up":{"uv":[0,5,5,16],"rotation":90,"texture":"#3"},"down":{"uv":[0,0,1,1],"texture":"#3"}}},{"name":"octagon","from":[4.5152,11.2005,6.55655],"to":[11.4848,11.7005,9.44345],"rotation":{"angle":-22.5,"axis":"y","origin":[8,13.7,8]},"faces":{"north":{"uv":[0,0,1,1],"texture":"#3"},"east":{"uv":[0,0,5,5],"texture":"#3"},"south":{"uv":[0,0,5,5],"texture":"#3"},"west":{"uv":[0,0,5,5],"texture":"#3"},"up":{"uv":[0,5,5,16],"rotation":90,"texture":"#3"},"down":{"uv":[0,0,1,1],"texture":"#3"}}},{"name":"octagon","from":[5.72547,6.201,2.5088],"to":[10.27453,7.201,13.4912],"rotation":{"angle":22.5,"axis":"y","origin":[8,13.2,8]},"faces":{"north":{"uv":[0,0,4.549,1],"texture":"#3"},"east":{"uv":[0,0,4.549,1],"texture":"#3"},"south":{"uv":[0,0,4.549,1],"texture":"#3"},"west":{"uv":[0,0,4.549,1],"texture":"#3"},"up":{"uv":[0,0,4.549,1],"texture":"#3"},"down":{"uv":[0,0,4.549,1],"texture":"#3"}}},{"name":"octagon","from":[5.72547,6.2015,2.5088],"to":[10.27453,7.2015,13.4912],"rotation":{"angle":-22.5,"axis":"y","origin":[8,13.2,8]},"faces":{"north":{"uv":[0,0,4.549,1],"texture":"#3"},"east":{"uv":[0,0,4.549,1],"texture":"#3"},"south":{"uv":[0,0,4.549,1],"texture":"#3"},"west":{"uv":[0,0,4.549,1],"texture":"#3"},"up":{"uv":[0,0,4.549,1],"texture":"#3"},"down":{"uv":[0,0,4.549,1],"texture":"#3"}}},{"name":"octagon","from":[2.5088,6.2,5.72547],"to":[13.4912,7.2,10.27453],"rotation":{"angle":22.5,"axis":"y","origin":[8,13.2,8]},"faces":{"north":{"uv":[0,0,4.549,1],"texture":"#3"},"east":{"uv":[0,0,4.549,1],"texture":"#3"},"south":{"uv":[0,0,4.549,1],"texture":"#3"},"west":{"uv":[0,0,4.549,1],"texture":"#3"},"up":{"uv":[0,0,4.549,1],"texture":"#3"},"down":{"uv":[0,0,4.549,1],"texture":"#3"}}},{"name":"octagon","from":[2.5088,6.2005,5.72547],"to":[13.4912,7.2005,10.27453],"rotation":{"angle":-22.5,"axis":"y","origin":[8,13.2,8]},"faces":{"north":{"uv":[0,0,4.549,1],"texture":"#3"},"east":{"uv":[0,0,4.549,1],"texture":"#3"},"south":{"uv":[0,0,4.549,1],"texture":"#3"},"west":{"uv":[0,0,4.549,1],"texture":"#3"},"up":{"uv":[0,0,4.549,1],"texture":"#3"},"down":{"uv":[0,0,4.549,1],"texture":"#3"}}}],"display":{"thirdperson_righthand":{"rotation":[75,45,0],"translation":[-2.25,3.25,3.5],"scale":[0.65234,0.65234,0.65234]},"thirdperson_lefthand":{"rotation":[75,45,0],"translation":[-2.25,3.25,3.5],"scale":[0.65234,0.65234,0.65234]},"firstperson_righthand":{"rotation":[-6.5,45,8.75],"translation":[0.25,4.5,0],"scale":[0.44492,0.44492,0.44492]},"firstperson_lefthand":{"rotation":[-6.5,45,8.75],"translation":[0.25,4.5,0],"scale":[0.44492,0.44492,0.44492]},"ground":{"translation":[0,3.75,0],"scale":[0.95703,0.95703,0.95703]},"gui":{"rotation":[30,225,0],"translation":[0,0.25,0],"scale":[0.75,0.75,0.75]},"head":{"translation":[0,-33,0],"scale":[1.25,1.25,1.25]},"fixed":{"rotation":[-90,0,0],"translation":[0,0,-15],"scale":[2,2,2]}},"groups":[{"name":"Cake","origin":[8,8,8],"children":[0,1,2,3]},{"name":"CakeDisplay","origin":[8,8,8],"children":[{"name":"octagon","origin":[8,8,8],"children":[4,5,6,7]},{"name":"octagon","origin":[8,8,8],"children":[8,9,10,11]},{"name":"group","origin":[8,8,8],"children":[{"name":"octagon","origin":[8,8,8],"children":[12,13,14,15]},{"name":"octagon","origin":[8,8,8],"children":[16,17,18,19]}]},{"name":"group","origin":[8,8,8],"children":[{"name":"octagon","origin":[8,8,8],"children":[20,21,22,23]},{"name":"octagon","origin":[8,8,8],"children":[24,25,26,27]}]},28]},{"name":"icecream","origin":[8,8,8],"children":[{"name":"group","origin":[8,8,8],"children":[{"name":"group","origin":[8.045,12.8725,3.955],"children":[29,30,31,32]},{"name":"group","origin":[8.045,12.8725,3.955],"children":[33,34,35,36]}]},{"name":"group","origin":[8,8,8],"children":[{"name":"group","origin":[8.045,12.8725,3.955],"children":[37,38,39,40]},{"name":"group","origin":[8.045,12.8725,3.955],"children":[41,42,43,44]}]},{"name":"group","origin":[8,8,8],"children":[{"name":"group","origin":[8.045,12.8725,3.955],"children":[45,46,47,48]},{"name":"group","origin":[8.045,12.8725,3.955],"children":[49,50,51,52]}]},{"name":"group","origin":[8,8,8],"children":[{"name":"group","origin":[8.045,12.8725,3.955],"children":[53,54,55,56]},{"name":"group","origin":[8.045,12.8725,3.955],"children":[57,58,59,60]}]}]},{"name":"icecream","origin":[8,8,8],"children":[{"name":"group","origin":[8,8,8],"children":[{"name":"group","origin":[8.045,12.8725,3.955],"children":[61,62,63,64]},{"name":"group","origin":[8.045,12.8725,3.955],"children":[65,66,67,68]}]},{"name":"group","origin":[8,8,8],"children":[{"name":"group","origin":[8.045,12.8725,3.955],"children":[69,70,71,72]},{"name":"group","origin":[8.045,12.8725,3.955],"children":[73,74,75,76]}]},{"name":"group","origin":[8,8,8],"children":[{"name":"group","origin":[8.045,12.8725,3.955],"children":[77,78,79,80]},{"name":"group","origin":[8.045,12.8725,3.955],"children":[81,82,83,84]}]},{"name":"group","origin":[8,8,8],"children":[{"name":"group","origin":[8.045,12.8725,3.955],"children":[85,86,87,88]},{"name":"group","origin":[8.045,12.8725,3.955],"children":[89,90,91,92]}]}]},{"name":"Cake","origin":[8,8,8],"children":[93,94,95,96]},{"name":"Cake","origin":[8,8,8],"children":[97,98,99,100]}]}