{"credit":"Madebyspike5032","textures":{"0":"block/bone_block_side","1":"item/cookie","2":"block/glass","particle":"block/bone_block_side"},"elements":[{"name":"octagon","from":[7.23607,0.5,1.0344],"to":[11.76393,1,2.4676],"rotation":{"angle":45,"axis":"y","origin":[9.5,8.5,6.5]},"faces":{"north":{"uv":[0,0,1,1],"texture":"#0"},"south":{"uv":[0,0,1,1],"texture":"#0"},"up":{"uv":[0,0,1,1],"texture":"#0"},"down":{"uv":[0,0,1,1],"texture":"#0"}}},{"name":"octagon","from":[7.23607,0.5,1.0344],"to":[11.76393,1,2.4676],"rotation":{"angle":0,"axis":"y","origin":[9.5,8.5,6.5]},"faces":{"north":{"uv":[0,0,1,1],"texture":"#0"},"south":{"uv":[0,0,1,1],"texture":"#0"},"up":{"uv":[0,0,1,1],"texture":"#0"},"down":{"uv":[0,0,1,1],"texture":"#0"}}},{"name":"octagon","from":[7.23607,0.5,10.5324],"to":[11.76393,1,11.9656],"rotation":{"angle":45,"axis":"y","origin":[9.5,8.5,6.5]},"faces":{"north":{"uv":[0,0,1,1],"texture":"#0"},"south":{"uv":[0,0,1,1],"texture":"#0"},"up":{"uv":[0,0,1,1],"texture":"#0"},"down":{"uv":[0,0,1,1],"texture":"#0"}}},{"name":"octagon","from":[7.23607,0.5,10.5324],"to":[11.76393,1,11.9656],"rotation":{"angle":0,"axis":"y","origin":[9.5,8.5,6.5]},"faces":{"north":{"uv":[0,0,1,1],"texture":"#0"},"south":{"uv":[0,0,1,1],"texture":"#0"},"up":{"uv":[0,0,1,1],"texture":"#0"},"down":{"uv":[0,0,1,1],"texture":"#0"}}},{"name":"octagon","from":[4.0344,0.5,4.23607],"to":[5.4676,1,8.76393],"rotation":{"angle":45,"axis":"y","origin":[9.5,8.5,6.5]},"faces":{"east":{"uv":[0,0,1,1],"texture":"#0"},"west":{"uv":[0,0,1,1],"texture":"#0"},"up":{"uv":[0,0,1,1],"texture":"#0"},"down":{"uv":[0,0,1,1],"texture":"#0"}}},{"name":"octagon","from":[4.0344,0.5,4.23607],"to":[5.4676,1,8.76393],"rotation":{"angle":0,"axis":"y","origin":[9.5,8.5,6.5]},"faces":{"east":{"uv":[0,0,1,1],"texture":"#0"},"west":{"uv":[0,0,1,1],"texture":"#0"},"up":{"uv":[0,0,1,1],"texture":"#0"},"down":{"uv":[0,0,1,1],"texture":"#0"}}},{"name":"octagon","from":[13.5324,0.5,4.23607],"to":[14.9656,1,8.76393],"rotation":{"angle":45,"axis":"y","origin":[9.5,8.5,6.5]},"faces":{"east":{"uv":[0,0,1,1],"texture":"#0"},"west":{"uv":[0,0,1,1],"texture":"#0"},"up":{"uv":[0,0,1,1],"texture":"#0"},"down":{"uv":[0,0,1,1],"texture":"#0"}}},{"name":"octagon","from":[13.5324,0.5,4.23607],"to":[14.9656,1,8.76393],"rotation":{"angle":0,"axis":"y","origin":[9.5,8.5,6.5]},"faces":{"east":{"uv":[0,0,1,1],"texture":"#0"},"west":{"uv":[0,0,1,1],"texture":"#0"},"up":{"uv":[0,0,1,1],"texture":"#0"},"down":{"uv":[0,0,1,1],"texture":"#0"}}},{"name":"octagon","from":[7.77687,0,2.34],"to":[11.22313,0.5,10.66],"rotation":{"angle":45,"axis":"y","origin":[9.5,8,6.5]},"faces":{"north":{"uv":[0,0,1,1],"texture":"#0"},"south":{"uv":[0,0,1,1],"texture":"#0"},"up":{"uv":[0,0,1,1],"texture":"#0"},"down":{"uv":[0,0,1,1],"texture":"#0"}}},{"name":"octagon","from":[7.77687,0,2.34],"to":[11.22313,0.5,10.66],"rotation":{"angle":0,"axis":"y","origin":[9.5,8,6.5]},"faces":{"north":{"uv":[0,0,1,1],"texture":"#0"},"south":{"uv":[0,0,1,1],"texture":"#0"},"up":{"uv":[0,0,1,1],"texture":"#0"},"down":{"uv":[0,0,1,1],"texture":"#0"}}},{"name":"octagon","from":[5.34,0,4.77687],"to":[13.66,0.5,8.22313],"rotation":{"angle":45,"axis":"y","origin":[9.5,8,6.5]},"faces":{"east":{"uv":[0,0,1,1],"texture":"#0"},"west":{"uv":[0,0,1,1],"texture":"#0"},"up":{"uv":[0,0,1,1],"texture":"#0"},"down":{"uv":[0,0,1,1],"texture":"#0"}}},{"name":"octagon","from":[5.34,0,4.77687],"to":[13.66,0.5,8.22313],"rotation":{"angle":0,"axis":"y","origin":[9.5,8,6.5]},"faces":{"east":{"uv":[0,0,1,1],"texture":"#0"},"west":{"uv":[0,0,1,1],"texture":"#0"},"up":{"uv":[0,0,1,1],"texture":"#0"},"down":{"uv":[0,0,1,1],"texture":"#0"}}},{"from":[7.625,1,7.1875],"to":[10.125,1.5,9.6875],"rotation":{"angle":45,"axis":"y","origin":[8.63198,1.25657,8.67396]},"faces":{"north":{"uv":[10,8,11,9],"texture":"#1"},"east":{"uv":[10,8,11,9],"texture":"#1"},"south":{"uv":[10,8,11,9],"texture":"#1"},"west":{"uv":[10,8,11,9],"texture":"#1"},"up":{"uv":[4,4,12,11],"texture":"#1"},"down":{"uv":[10,8,11,9],"texture":"#1"}}},{"from":[9.03487,0.5,7.11663],"to":[11.53487,1,9.61663],"rotation":{"angle":-22.5,"axis":"y","origin":[10.27853,0.74953,8.35045]},"faces":{"north":{"uv":[10,8,11,9],"rotation":270,"texture":"#1"},"east":{"uv":[10,8,11,9],"rotation":270,"texture":"#1"},"south":{"uv":[10,8,11,9],"rotation":270,"texture":"#1"},"west":{"uv":[10,8,11,9],"rotation":270,"texture":"#1"},"up":{"uv":[4,4,12,11],"rotation":270,"texture":"#1"},"down":{"uv":[10,8,11,9],"rotation":270,"texture":"#1"}}},{"from":[6.125,0.5,6.4375],"to":[8.625,1,8.9375],"rotation":{"angle":22.5,"axis":"y","origin":[7.13198,0.75657,7.92396]},"faces":{"north":{"uv":[10,8,11,9],"texture":"#1"},"east":{"uv":[10,8,11,9],"texture":"#1"},"south":{"uv":[10,8,11,9],"texture":"#1"},"west":{"uv":[10,8,11,9],"texture":"#1"},"up":{"uv":[4,4,12,11],"texture":"#1"},"down":{"uv":[10,8,11,9],"texture":"#1"}}},{"from":[7.875,0.5,3.1875],"to":[10.375,1,5.6875],"rotation":{"angle":0,"axis":"y","origin":[8.375,8,7.4375]},"faces":{"north":{"uv":[10,8,11,9],"texture":"#1"},"east":{"uv":[10,8,11,9],"texture":"#1"},"south":{"uv":[10,8,11,9],"texture":"#1"},"west":{"uv":[10,8,11,9],"texture":"#1"},"up":{"uv":[4,4,12,11],"texture":"#1"},"down":{"uv":[10,8,11,9],"texture":"#1"}}},{"from":[12.5625,0.5,3.9375],"to":[15.0625,1,6.4375],"rotation":{"angle":-22.5,"axis":"z","origin":[13.0625,8,8.1875]},"faces":{"north":{"uv":[10,8,11,9],"texture":"#1"},"east":{"uv":[10,8,11,9],"texture":"#1"},"south":{"uv":[10,8,11,9],"texture":"#1"},"west":{"uv":[10,8,11,9],"texture":"#1"},"up":{"uv":[4,4,12,11],"texture":"#1"},"down":{"uv":[10,8,11,9],"texture":"#1"}}},{"name":"Milk","from":[3.00087,0.29913,12],"to":[5.00087,5.99913,14],"rotation":{"angle":0,"axis":"y","origin":[3.48734,3.98519,13.74962]},"faces":{"north":{"uv":[0,0,1,9],"texture":"#0"},"east":{"uv":[0,0,1,9],"texture":"#0"},"south":{"uv":[0,0,1,9],"texture":"#0"},"west":{"uv":[0,0,1,9],"texture":"#0"},"up":{"uv":[0,0,1,9],"rotation":270,"texture":"#0"}}},{"from":[2.7,0,11.7],"to":[5.3,5.9983,14.29741],"rotation":{"angle":0,"axis":"y","origin":[10.5,7.25,19.5]},"faces":{"north":{"uv":[0,0,16,16],"texture":"#2"},"east":{"uv":[0,0,16,16],"texture":"#2"},"south":{"uv":[0,0,16,16],"texture":"#2"},"west":{"uv":[0,0,16,16],"texture":"#2"},"up":{"uv":[0,0,16,16],"texture":"#2"},"down":{"uv":[0,0,16,16],"texture":"#2"}}}],"display":{"thirdperson_righthand":{"rotation":[75,-39,0],"translation":[-5.25,2.25,4.75],"scale":[0.64453,0.64453,0.64453]},"thirdperson_lefthand":{"rotation":[75,400.25,0],"translation":[-5.25,2.25,4.75],"scale":[0.64453,0.64453,0.64453]},"firstperson_righthand":{"rotation":[0,-71.25,0],"translation":[1,3.25,0],"scale":[0.4,0.4,0.4]},"firstperson_lefthand":{"rotation":[0,53.75,0],"translation":[1,3.25,0],"scale":[0.4,0.4,0.4]},"ground":{"translation":[0,2.75,0],"scale":[0.7793,0.7793,0.7793]},"gui":{"rotation":[30,158,0],"translation":[0,3.5,0],"scale":[0.91094,0.91094,0.91094]},"head":{"translation":[0,-33,0],"scale":[1.25,1.25,1.25]},"fixed":{"rotation":[-90,0,0],"translation":[0,0,-15],"scale":[2,2,2]}},"groups":[{"name":"Plate","origin":[8,8,8],"children":[{"name":"octagon","origin":[8,8,8],"children":[0,1,2,3,4,5,6,7]},{"name":"octagon","origin":[8,8,8],"children":[8,9,10,11]}]},{"name":"Cookies","origin":[13.1875,8,8.25],"children":[12,13,14,15,16]},17,{"name":"Glass","origin":[3.48734,3.98519,13.74962],"children":[18]}]}