{"credit":"Madebyspike5032","textures":{"0":"block/ice","particle":"block/ice"},"elements":[{"from":[1,0,1],"to":[10,1,10],"rotation":{"angle":0,"axis":"y","origin":[9,8,9]},"faces":{"north":{"uv":[0,0,9,1],"texture":"#0"},"east":{"uv":[0,0,9,1],"texture":"#0"},"south":{"uv":[0,0,9,1],"texture":"#0"},"west":{"uv":[0,0,9,1],"texture":"#0"},"up":{"uv":[0,0,9,9],"texture":"#0"},"down":{"uv":[0,0,9,9],"texture":"#0"}}},{"from":[1,1,1],"to":[8,4,8],"rotation":{"angle":0,"axis":"y","origin":[9,9,9]},"faces":{"north":{"uv":[0,0,7,3],"texture":"#0"},"east":{"uv":[0,0,7,3],"texture":"#0"},"south":{"uv":[0,0,7,3],"texture":"#0"},"west":{"uv":[0,0,7,3],"texture":"#0"},"up":{"uv":[0,0,7,7],"texture":"#0"},"down":{"uv":[0,0,7,7],"texture":"#0"}}},{"from":[3,1,3],"to":[10,5,10],"rotation":{"angle":0,"axis":"y","origin":[11,9,11]},"faces":{"north":{"uv":[0,0,7,4],"texture":"#0"},"east":{"uv":[0,0,7,4],"texture":"#0"},"south":{"uv":[0,0,7,4],"texture":"#0"},"west":{"uv":[0,0,7,4],"texture":"#0"},"up":{"uv":[0,0,7,7],"texture":"#0"},"down":{"uv":[0,0,7,7],"texture":"#0"}}},{"from":[2,1,2],"to":[9,9,9],"rotation":{"angle":0,"axis":"y","origin":[9,9,9]},"faces":{"north":{"uv":[0,0,7,8],"texture":"#0"},"east":{"uv":[0,0,7,8],"texture":"#0"},"south":{"uv":[0,0,7,8],"texture":"#0"},"west":{"uv":[0,0,7,8],"texture":"#0"},"up":{"uv":[0,0,7,7],"texture":"#0"},"down":{"uv":[0,0,7,7],"texture":"#0"}}},{"from":[5,9,2],"to":[9,12,6],"rotation":{"angle":0,"axis":"y","origin":[9,12,9]},"faces":{"north":{"uv":[0,0,4,3],"texture":"#0"},"east":{"uv":[0,0,4,3],"texture":"#0"},"south":{"uv":[0,0,4,3],"texture":"#0"},"west":{"uv":[0,0,4,3],"texture":"#0"},"up":{"uv":[0,0,4,4],"texture":"#0"},"down":{"uv":[0,0,4,4],"texture":"#0"}}},{"from":[4,9,8],"to":[8,12,9],"rotation":{"angle":0,"axis":"y","origin":[8,12,12]},"faces":{"north":{"uv":[0,0,4,3],"texture":"#0"},"east":{"uv":[0,0,1,3],"texture":"#0"},"south":{"uv":[0,0,4,3],"texture":"#0"},"west":{"uv":[0,0,1,3],"texture":"#0"},"up":{"uv":[0,0,4,1],"texture":"#0"},"down":{"uv":[0,0,4,1],"texture":"#0"}}},{"from":[3,9,3],"to":[8,17,8],"rotation":{"angle":0,"axis":"y","origin":[9,17,9]},"faces":{"north":{"uv":[0,0,5,8],"texture":"#0"},"east":{"uv":[0,0,5,8],"texture":"#0"},"south":{"uv":[0,0,5,8],"texture":"#0"},"west":{"uv":[0,0,5,8],"texture":"#0"},"up":{"uv":[0,0,5,5],"texture":"#0"},"down":{"uv":[0,0,5,5],"texture":"#0"}}},{"from":[2,9,3],"to":[3,14,7],"rotation":{"angle":0,"axis":"y","origin":[8,17,9]},"faces":{"north":{"uv":[0,0,1,5],"texture":"#0"},"east":{"uv":[0,0,4,5],"texture":"#0"},"south":{"uv":[0,0,1,5],"texture":"#0"},"west":{"uv":[0,0,4,5],"texture":"#0"},"up":{"uv":[0,0,1,4],"texture":"#0"},"down":{"uv":[0,0,1,4],"texture":"#0"}}},{"from":[5,24,5],"to":[6,27,6],"rotation":{"angle":0,"axis":"y","origin":[9,30,9]},"faces":{"north":{"uv":[0,0,1,3],"texture":"#0"},"east":{"uv":[0,0,1,3],"texture":"#0"},"south":{"uv":[0,0,1,3],"texture":"#0"},"west":{"uv":[0,0,1,3],"texture":"#0"},"up":{"uv":[0,0,1,1],"texture":"#0"},"down":{"uv":[0,0,1,1],"texture":"#0"}}},{"from":[5,22,5],"to":[6.5,24,6.5],"rotation":{"angle":0,"axis":"y","origin":[9,30,9]},"faces":{"north":{"uv":[0,0,1.5,2],"texture":"#0"},"east":{"uv":[0,0,1.5,2],"texture":"#0"},"south":{"uv":[0,0,1.5,2],"texture":"#0"},"west":{"uv":[0,0,1.5,2],"texture":"#0"},"up":{"uv":[0,0,1.5,1.5],"texture":"#0"},"down":{"uv":[0,0,1.5,1.5],"texture":"#0"}}},{"from":[4.5,22,4.5],"to":[6,24,6],"rotation":{"angle":0,"axis":"y","origin":[8.5,30,8.5]},"faces":{"north":{"uv":[0,0,1.5,2],"texture":"#0"},"east":{"uv":[0,0,1.5,2],"texture":"#0"},"south":{"uv":[0,0,1.5,2],"texture":"#0"},"west":{"uv":[0,0,1.5,2],"texture":"#0"},"up":{"uv":[0,0,1.5,1.5],"texture":"#0"},"down":{"uv":[0,0,1.5,1.5],"texture":"#0"}}},{"from":[4,17,4],"to":[7,22,7],"rotation":{"angle":0,"axis":"y","origin":[9,25,9]},"faces":{"north":{"uv":[0,0,3,5],"texture":"#0"},"east":{"uv":[0,0,3,5],"texture":"#0"},"south":{"uv":[0,0,3,5],"texture":"#0"},"west":{"uv":[0,0,3,5],"texture":"#0"},"up":{"uv":[0,0,3,3],"texture":"#0"},"down":{"uv":[0,0,3,3],"texture":"#0"}}},{"from":[3.5,17,4.5],"to":[6.5,20,7.5],"rotation":{"angle":0,"axis":"y","origin":[8.5,25,9.5]},"faces":{"north":{"uv":[0,0,3,3],"texture":"#0"},"east":{"uv":[0,0,3,3],"texture":"#0"},"south":{"uv":[0,0,3,3],"texture":"#0"},"west":{"uv":[0,0,3,3],"texture":"#0"},"up":{"uv":[0,0,3,3],"texture":"#0"},"down":{"uv":[0,0,3,3],"texture":"#0"}}},{"from":[8.73,0,8.95],"to":[14.67,0.66,14.89],"rotation":{"angle":0,"axis":"y","origin":[9.39,5.28,14.23]},"faces":{"north":{"uv":[0,0,9,1],"texture":"#0"},"east":{"uv":[0,0,9,1],"texture":"#0"},"south":{"uv":[0,0,9,1],"texture":"#0"},"west":{"uv":[0,0,9,1],"texture":"#0"},"up":{"uv":[0,0,9,9],"rotation":90,"texture":"#0"},"down":{"uv":[0,0,9,9],"rotation":270,"texture":"#0"}}},{"from":[10.05,0.66,8.95],"to":[14.67,2.64,13.57],"rotation":{"angle":0,"axis":"y","origin":[9.39,5.94,14.23]},"faces":{"north":{"uv":[0,0,7,3],"texture":"#0"},"east":{"uv":[0,0,7,3],"texture":"#0"},"south":{"uv":[0,0,7,3],"texture":"#0"},"west":{"uv":[0,0,7,3],"texture":"#0"},"up":{"uv":[0,0,7,7],"rotation":90,"texture":"#0"},"down":{"uv":[0,0,7,7],"rotation":270,"texture":"#0"}}},{"from":[8.73,0.66,10.27],"to":[13.35,3.3,14.89],"rotation":{"angle":0,"axis":"y","origin":[8.07,5.94,15.55]},"faces":{"north":{"uv":[0,0,7,4],"texture":"#0"},"east":{"uv":[0,0,7,4],"texture":"#0"},"south":{"uv":[0,0,7,4],"texture":"#0"},"west":{"uv":[0,0,7,4],"texture":"#0"},"up":{"uv":[0,0,7,7],"rotation":90,"texture":"#0"},"down":{"uv":[0,0,7,7],"rotation":270,"texture":"#0"}}},{"from":[9.39,0.66,9.61],"to":[14.01,5.94,14.23],"rotation":{"angle":0,"axis":"y","origin":[9.39,5.94,14.23]},"faces":{"north":{"uv":[0,0,7,8],"texture":"#0"},"east":{"uv":[0,0,7,8],"texture":"#0"},"south":{"uv":[0,0,7,8],"texture":"#0"},"west":{"uv":[0,0,7,8],"texture":"#0"},"up":{"uv":[0,0,7,7],"rotation":90,"texture":"#0"},"down":{"uv":[0,0,7,7],"rotation":270,"texture":"#0"}}},{"from":[11.37,5.94,11.59],"to":[14.01,7.92,14.23],"rotation":{"angle":0,"axis":"y","origin":[9.39,7.92,14.23]},"faces":{"north":{"uv":[0,0,4,3],"texture":"#0"},"east":{"uv":[0,0,4,3],"texture":"#0"},"south":{"uv":[0,0,4,3],"texture":"#0"},"west":{"uv":[0,0,4,3],"texture":"#0"},"up":{"uv":[0,0,4,4],"rotation":90,"texture":"#0"},"down":{"uv":[0,0,4,4],"rotation":270,"texture":"#0"}}},{"from":[9.39,5.94,10.93],"to":[10.05,7.92,13.57],"rotation":{"angle":0,"axis":"y","origin":[7.41,7.92,13.57]},"faces":{"north":{"uv":[0,0,1,3],"texture":"#0"},"east":{"uv":[0,0,4,3],"texture":"#0"},"south":{"uv":[0,0,1,3],"texture":"#0"},"west":{"uv":[0,0,4,3],"texture":"#0"},"up":{"uv":[0,0,4,1],"rotation":90,"texture":"#0"},"down":{"uv":[0,0,4,1],"rotation":270,"texture":"#0"}}},{"from":[10.05,5.94,10.27],"to":[13.35,11.22,13.57],"rotation":{"angle":0,"axis":"y","origin":[9.39,11.22,14.23]},"faces":{"north":{"uv":[0,0,5,8],"texture":"#0"},"east":{"uv":[0,0,5,8],"texture":"#0"},"south":{"uv":[0,0,5,8],"texture":"#0"},"west":{"uv":[0,0,5,8],"texture":"#0"},"up":{"uv":[0,0,5,5],"rotation":90,"texture":"#0"},"down":{"uv":[0,0,5,5],"rotation":270,"texture":"#0"}}},{"from":[10.71,5.94,9.61],"to":[13.35,9.24,10.27],"rotation":{"angle":0,"axis":"y","origin":[9.39,11.22,13.57]},"faces":{"north":{"uv":[0,0,4,5],"texture":"#0"},"east":{"uv":[0,0,1,5],"texture":"#0"},"south":{"uv":[0,0,4,5],"texture":"#0"},"west":{"uv":[0,0,1,5],"texture":"#0"},"up":{"uv":[0,0,1,4],"rotation":90,"texture":"#0"},"down":{"uv":[0,0,1,4],"rotation":270,"texture":"#0"}}},{"from":[11.37,15.84,11.59],"to":[12.03,17.82,12.25],"rotation":{"angle":0,"axis":"y","origin":[9.39,19.8,14.23]},"faces":{"north":{"uv":[0,0,1,3],"texture":"#0"},"east":{"uv":[0,0,1,3],"texture":"#0"},"south":{"uv":[0,0,1,3],"texture":"#0"},"west":{"uv":[0,0,1,3],"texture":"#0"},"up":{"uv":[0,0,1,1],"rotation":90,"texture":"#0"},"down":{"uv":[0,0,1,1],"rotation":270,"texture":"#0"}}},{"from":[11.04,14.52,11.59],"to":[12.03,15.84,12.58],"rotation":{"angle":0,"axis":"y","origin":[9.39,19.8,14.23]},"faces":{"north":{"uv":[0,0,1.5,2],"texture":"#0"},"east":{"uv":[0,0,1.5,2],"texture":"#0"},"south":{"uv":[0,0,1.5,2],"texture":"#0"},"west":{"uv":[0,0,1.5,2],"texture":"#0"},"up":{"uv":[0,0,1.5,1.5],"rotation":90,"texture":"#0"},"down":{"uv":[0,0,1.5,1.5],"rotation":270,"texture":"#0"}}},{"from":[11.37,14.52,11.26],"to":[12.36,15.84,12.25],"rotation":{"angle":0,"axis":"y","origin":[9.72,19.8,13.9]},"faces":{"north":{"uv":[0,0,1.5,2],"texture":"#0"},"east":{"uv":[0,0,1.5,2],"texture":"#0"},"south":{"uv":[0,0,1.5,2],"texture":"#0"},"west":{"uv":[0,0,1.5,2],"texture":"#0"},"up":{"uv":[0,0,1.5,1.5],"rotation":90,"texture":"#0"},"down":{"uv":[0,0,1.5,1.5],"rotation":270,"texture":"#0"}}},{"from":[10.71,11.22,10.93],"to":[12.69,14.52,12.91],"rotation":{"angle":0,"axis":"y","origin":[9.39,16.5,14.23]},"faces":{"north":{"uv":[0,0,3,5],"texture":"#0"},"east":{"uv":[0,0,3,5],"texture":"#0"},"south":{"uv":[0,0,3,5],"texture":"#0"},"west":{"uv":[0,0,3,5],"texture":"#0"},"up":{"uv":[0,0,3,3],"rotation":90,"texture":"#0"},"down":{"uv":[0,0,3,3],"rotation":270,"texture":"#0"}}},{"from":[10.38,11.22,10.6],"to":[12.36,13.2,12.58],"rotation":{"angle":0,"axis":"y","origin":[9.06,16.5,13.9]},"faces":{"north":{"uv":[0,0,3,3],"texture":"#0"},"east":{"uv":[0,0,3,3],"texture":"#0"},"south":{"uv":[0,0,3,3],"texture":"#0"},"west":{"uv":[0,0,3,3],"texture":"#0"},"up":{"uv":[0,0,3,3],"rotation":90,"texture":"#0"},"down":{"uv":[0,0,3,3],"rotation":270,"texture":"#0"}}}],"display":{"thirdperson_righthand":{"rotation":[75,45,-175.5],"translation":[0,2.5,0],"scale":[0.4,0.4,0.4]},"thirdperson_lefthand":{"rotation":[75,45,-175.5],"translation":[0,2.5,0],"scale":[0.4,0.4,0.4]},"firstperson_righthand":{"rotation":[13.25,45,163],"translation":[1.5,3,0],"scale":[0.4,0.4,0.4]},"firstperson_lefthand":{"rotation":[13.25,45,163],"translation":[1.5,3,0],"scale":[0.4,0.4,0.4]},"ground":{"rotation":[0,0,-180],"translation":[0,3.75,0],"scale":[0.4,0.4,0.4]},"gui":{"rotation":[30,131,-179.25],"translation":[0,2,0],"scale":[0.5,0.5,0.5]},"head":{"translation":[0,-33,0],"scale":[1.25,1.25,1.25]},"fixed":{"rotation":[-90,0,0],"translation":[0,0,-14],"scale":[2,2,2]}},"groups":[{"name":"Icicle","origin":[11,25,12],"children":[0,1,2,3,4,5,6,7,8,9,10,11,12]},{"name":"Icicle","origin":[11,25,12],"children":[13,14,15,16,17,18,19,20,21,22,23,24,25]}]}