{"credit":"Madebyspike5032","parent":"./cit_item","textures":{"0":"block/anvil","1":"block/oak_log_top","2":"block/stripped_dark_oak_log","particle":"block/white_wool","1_2":"block/white_wool"},"elements":[{"name":"octagon","from":[5.61413,2.5,2.24],"to":[10.38587,3,2.96],"rotation":{"angle":22.5,"axis":"y","origin":[8,8.5,8]},"faces":{"north":{"uv":[6,14,12,15],"texture":"#1"},"east":{"uv":[6,14,12,15],"texture":"#1"},"south":{"uv":[6,14,12,15],"texture":"#1"},"west":{"uv":[6,14,12,15],"texture":"#1"},"up":{"uv":[6,14,12,15],"texture":"#1"},"down":{"uv":[6,14,12,15],"texture":"#1"}}},{"name":"octagon","from":[5.61413,2.5,2.24],"to":[10.38587,3,2.96],"rotation":{"angle":-22.5,"axis":"y","origin":[8,8.5,8]},"faces":{"north":{"uv":[6,14,12,15],"texture":"#1"},"east":{"uv":[6,14,12,15],"texture":"#1"},"south":{"uv":[6,14,12,15],"texture":"#1"},"west":{"uv":[6,14,12,15],"texture":"#1"},"up":{"uv":[6,14,12,15],"texture":"#1"},"down":{"uv":[6,14,12,15],"texture":"#1"}}},{"name":"octagon","from":[5.61413,2.5,13.04],"to":[10.38587,3,13.76],"rotation":{"angle":22.5,"axis":"y","origin":[8,8.5,8]},"faces":{"north":{"uv":[6,14,12,15],"texture":"#1"},"east":{"uv":[6,14,12,15],"texture":"#1"},"south":{"uv":[6,14,12,15],"texture":"#1"},"west":{"uv":[6,14,12,15],"texture":"#1"},"up":{"uv":[6,14,12,15],"texture":"#1"},"down":{"uv":[6,14,12,15],"texture":"#1"}}},{"name":"octagon","from":[5.61413,2.5,13.04],"to":[10.38587,3,13.76],"rotation":{"angle":-22.5,"axis":"y","origin":[8,8.5,8]},"faces":{"north":{"uv":[6,14,12,15],"texture":"#1"},"east":{"uv":[6,14,12,15],"texture":"#1"},"south":{"uv":[6,14,12,15],"texture":"#1"},"west":{"uv":[6,14,12,15],"texture":"#1"},"up":{"uv":[6,14,12,15],"texture":"#1"},"down":{"uv":[6,14,12,15],"texture":"#1"}}},{"name":"octagon","from":[2.24,2.5,5.61413],"to":[2.96,3,10.38587],"rotation":{"angle":22.5,"axis":"y","origin":[8,8.5,8]},"faces":{"north":{"uv":[6,14,12,15],"texture":"#1"},"east":{"uv":[6,14,12,15],"texture":"#1"},"south":{"uv":[6,14,12,15],"texture":"#1"},"west":{"uv":[6,14,12,15],"texture":"#1"},"up":{"uv":[6,14,12,15],"rotation":90,"texture":"#1"},"down":{"uv":[6,14,12,15],"rotation":90,"texture":"#1"}}},{"name":"octagon","from":[2.24,2.5,5.61413],"to":[2.96,3,10.38587],"rotation":{"angle":-22.5,"axis":"y","origin":[8,8.5,8]},"faces":{"north":{"uv":[6,14,12,15],"texture":"#1"},"east":{"uv":[6,14,12,15],"texture":"#1"},"south":{"uv":[6,14,12,15],"texture":"#1"},"west":{"uv":[6,14,12,15],"texture":"#1"},"up":{"uv":[6,14,12,15],"rotation":90,"texture":"#1"},"down":{"uv":[6,14,12,15],"rotation":90,"texture":"#1"}}},{"name":"octagon","from":[13.04,2.5,5.61413],"to":[13.76,3,10.38587],"rotation":{"angle":22.5,"axis":"y","origin":[8,8.5,8]},"faces":{"north":{"uv":[6,14,12,15],"texture":"#1"},"east":{"uv":[6,14,12,15],"texture":"#1"},"south":{"uv":[6,14,12,15],"texture":"#1"},"west":{"uv":[6,14,12,15],"texture":"#1"},"up":{"uv":[6,14,12,15],"rotation":90,"texture":"#1"},"down":{"uv":[6,14,12,15],"rotation":90,"texture":"#1"}}},{"name":"octagon","from":[13.04,2.5,5.61413],"to":[13.76,3,10.38587],"rotation":{"angle":-22.5,"axis":"y","origin":[8,8.5,8]},"faces":{"north":{"uv":[6,14,12,15],"texture":"#1"},"east":{"uv":[6,14,12,15],"texture":"#1"},"south":{"uv":[6,14,12,15],"texture":"#1"},"west":{"uv":[6,14,12,15],"texture":"#1"},"up":{"uv":[6,14,12,15],"rotation":90,"texture":"#1"},"down":{"uv":[6,14,12,15],"rotation":90,"texture":"#1"}}},{"name":"octagon","from":[5.72547,1.51,2.5088],"to":[10.27453,2.51,13.4912],"rotation":{"angle":22.5,"axis":"y","origin":[8,9.5,8]},"faces":{"north":{"uv":[5,1,7,5],"rotation":90,"texture":"#0"},"east":{"uv":[1,1,5.549,11.983],"rotation":90,"texture":"#2"},"south":{"uv":[5,1,7,5],"rotation":90,"texture":"#0"},"west":{"uv":[1,1,5.549,11.983],"rotation":90,"texture":"#2"},"up":{"uv":[1,1,5.549,11.983],"texture":"#2"},"down":{"uv":[3,1,7,5],"rotation":90,"texture":"#0"}}},{"name":"octagon","from":[5.72547,1.5,2.5088],"to":[10.27453,2.5,13.4912],"rotation":{"angle":-22.5,"axis":"y","origin":[8,9.5,8]},"faces":{"north":{"uv":[5,1,7,5],"rotation":90,"texture":"#0"},"east":{"uv":[1,1,5.549,11.983],"rotation":90,"texture":"#2"},"south":{"uv":[5,1,7,5],"rotation":90,"texture":"#0"},"west":{"uv":[1,1,5.549,11.983],"rotation":90,"texture":"#2"},"up":{"uv":[1,1,5.549,11.983],"texture":"#2"},"down":{"uv":[3,1,7,5],"rotation":90,"texture":"#0"}}},{"name":"octagon","from":[2.5088,1.515,5.72547],"to":[13.4912,2.515,10.27453],"rotation":{"angle":22.5,"axis":"y","origin":[8,9.5,8]},"faces":{"north":{"uv":[1,1,5.549,11.983],"rotation":90,"texture":"#2"},"east":{"uv":[5,1,7,5],"rotation":90,"texture":"#0"},"south":{"uv":[1,1,5.549,11.983],"rotation":90,"texture":"#2"},"west":{"uv":[5,1,7,5],"rotation":90,"texture":"#0"},"up":{"uv":[1,1,5.549,11.983],"rotation":90,"texture":"#2"},"down":{"uv":[3,1,7,5],"rotation":90,"texture":"#0"}}},{"name":"octagon","from":[2.5088,1.52,5.72547],"to":[13.4912,2.52,10.27453],"rotation":{"angle":-22.5,"axis":"y","origin":[8,9.5,8]},"faces":{"north":{"uv":[1,1,5.549,11.983],"rotation":90,"texture":"#2"},"east":{"uv":[5,1,7,5],"rotation":90,"texture":"#0"},"south":{"uv":[1,1,5.549,11.983],"rotation":90,"texture":"#2"},"west":{"uv":[5,1,7,5],"rotation":90,"texture":"#0"},"up":{"uv":[1,1,5.549,11.983],"rotation":90,"texture":"#2"},"down":{"uv":[3,1,7,5],"rotation":90,"texture":"#0"}}},{"name":"octagon","from":[5.90043,0.5,2.9312],"to":[10.09957,1.5,13.0688],"rotation":{"angle":22.5,"axis":"y","origin":[8,8.5,8]},"faces":{"north":{"uv":[7,1,9,5],"rotation":90,"texture":"#0"},"east":{"uv":[6,1,9,5],"rotation":90,"texture":"#0"},"south":{"uv":[7,1,9,5],"rotation":90,"texture":"#0"},"west":{"uv":[6,1,9,5],"rotation":90,"texture":"#0"},"up":{"uv":[6,1,9,5],"rotation":90,"texture":"#0"},"down":{"uv":[6,1,9,5],"rotation":90,"texture":"#0"}}},{"name":"octagon","from":[5.90043,0.5,2.9312],"to":[10.09957,1.5,13.0688],"rotation":{"angle":-22.5,"axis":"y","origin":[8,8.5,8]},"faces":{"north":{"uv":[7,1,9,5],"rotation":90,"texture":"#0"},"east":{"uv":[6,1,9,5],"rotation":90,"texture":"#0"},"south":{"uv":[7,1,9,5],"rotation":90,"texture":"#0"},"west":{"uv":[6,1,9,5],"rotation":90,"texture":"#0"},"up":{"uv":[6,1,9,5],"rotation":90,"texture":"#0"},"down":{"uv":[6,1,9,5],"rotation":90,"texture":"#0"}}},{"name":"octagon","from":[2.9312,0.5,5.90043],"to":[13.0688,1.5,10.09957],"rotation":{"angle":22.5,"axis":"y","origin":[8,8.5,8]},"faces":{"north":{"uv":[6,1,9,5],"rotation":90,"texture":"#0"},"east":{"uv":[7,1,9,5],"rotation":90,"texture":"#0"},"south":{"uv":[6,1,9,5],"rotation":90,"texture":"#0"},"west":{"uv":[7,1,9,5],"rotation":90,"texture":"#0"},"up":{"uv":[6,1,9,5],"rotation":90,"texture":"#0"},"down":{"uv":[6,1,9,5],"rotation":90,"texture":"#0"}}},{"name":"octagon","from":[2.9312,0.5,5.90043],"to":[13.0688,1.5,10.09957],"rotation":{"angle":-22.5,"axis":"y","origin":[8,8.5,8]},"faces":{"north":{"uv":[6,1,9,5],"rotation":90,"texture":"#0"},"east":{"uv":[7,1,9,5],"rotation":90,"texture":"#0"},"south":{"uv":[6,1,9,5],"rotation":90,"texture":"#0"},"west":{"uv":[7,1,9,5],"rotation":90,"texture":"#0"},"up":{"uv":[6,1,9,5],"rotation":90,"texture":"#0"},"down":{"uv":[6,1,9,5],"rotation":90,"texture":"#0"}}},{"name":"octagon","from":[6.11039,0,3.43808],"to":[9.88961,0.5,12.56192],"rotation":{"angle":22.5,"axis":"y","origin":[8,7.5,8]},"faces":{"north":{"uv":[8,1,10,5],"rotation":90,"texture":"#0"},"east":{"uv":[8,1,10,5],"rotation":90,"texture":"#0"},"south":{"uv":[8,1,10,5],"rotation":90,"texture":"#0"},"west":{"uv":[8,1,10,5],"rotation":90,"texture":"#0"},"up":{"uv":[8,1,10,5],"rotation":90,"texture":"#0"},"down":{"uv":[8,1,10,5],"rotation":90,"texture":"#0"}}},{"name":"octagon","from":[6.11039,0,3.43808],"to":[9.88961,0.5,12.56192],"rotation":{"angle":-22.5,"axis":"y","origin":[8,7.5,8]},"faces":{"north":{"uv":[8,1,10,5],"rotation":90,"texture":"#0"},"east":{"uv":[8,1,10,5],"rotation":90,"texture":"#0"},"south":{"uv":[8,1,10,5],"rotation":90,"texture":"#0"},"west":{"uv":[8,1,10,5],"rotation":90,"texture":"#0"},"up":{"uv":[8,1,10,5],"rotation":90,"texture":"#0"},"down":{"uv":[8,1,10,5],"rotation":90,"texture":"#0"}}},{"name":"octagon","from":[3.43808,0,6.11039],"to":[12.56192,0.5,9.88961],"rotation":{"angle":22.5,"axis":"y","origin":[8,7.5,8]},"faces":{"north":{"uv":[8,1,10,5],"rotation":90,"texture":"#0"},"east":{"uv":[8,1,10,5],"rotation":90,"texture":"#0"},"south":{"uv":[8,1,10,5],"rotation":90,"texture":"#0"},"west":{"uv":[8,1,10,5],"rotation":90,"texture":"#0"},"up":{"uv":[8,1,10,5],"rotation":90,"texture":"#0"},"down":{"uv":[8,1,10,5],"rotation":90,"texture":"#0"}}},{"name":"octagon","from":[3.43808,0,6.11039],"to":[12.56192,0.5,9.88961],"rotation":{"angle":-22.5,"axis":"y","origin":[8,7.5,8]},"faces":{"north":{"uv":[8,1,10,5],"rotation":90,"texture":"#0"},"east":{"uv":[8,1,10,5],"rotation":90,"texture":"#0"},"south":{"uv":[8,1,10,5],"rotation":90,"texture":"#0"},"west":{"uv":[8,1,10,5],"rotation":90,"texture":"#0"},"up":{"uv":[8,1,10,5],"rotation":90,"texture":"#0"},"down":{"uv":[8,1,10,5],"rotation":90,"texture":"#0"}}},{"from":[8,3.94,7.64],"to":[8.36,4.3,8],"rotation":{"angle":0,"axis":"y","origin":[8,2.14,8]},"faces":{"north":{"uv":[0.5,8.5,1,9],"texture":"#1_2"},"east":{"uv":[0,8.5,0.5,9],"texture":"#1_2"},"south":{"uv":[1.5,8.5,2,9],"texture":"#1_2"},"west":{"uv":[1,8.5,1.5,9],"texture":"#1_2"},"up":{"uv":[1,8.5,0.5,8],"texture":"#1_2"},"down":{"uv":[1.5,8,1,8.5],"texture":"#1_2"}}},{"from":[7.28,2.86,7.28],"to":[8.72,3.58,8.72],"rotation":{"angle":0,"axis":"y","origin":[8,2.64,8]},"faces":{"north":{"uv":[2,7,4,8],"texture":"#1_2"},"east":{"uv":[0,7,2,8],"texture":"#1_2"},"south":{"uv":[6,7,8,8],"texture":"#1_2"},"west":{"uv":[4,7,6,8],"texture":"#1_2"},"up":{"uv":[4,7,2,5],"texture":"#1_2"},"down":{"uv":[6,5,4,7],"texture":"#1_2"}}},{"from":[7.64,3.58,7.64],"to":[8.36,3.94,8.36],"rotation":{"angle":0,"axis":"y","origin":[8,2.14,8]},"faces":{"north":{"uv":[9,6,10,6.5],"texture":"#1_2"},"east":{"uv":[8,6,9,6.5],"texture":"#1_2"},"south":{"uv":[11,6,12,6.5],"texture":"#1_2"},"west":{"uv":[10,6,11,6.5],"texture":"#1_2"},"up":{"uv":[10,6,9,5],"texture":"#1_2"},"down":{"uv":[11,5,10,6],"texture":"#1_2"}}},{"from":[6.92,1.67,6.92],"to":[9.08,3.11,9.08],"rotation":{"angle":0,"axis":"y","origin":[8,2.64,8]},"faces":{"north":{"uv":[3,3,6,5],"texture":"#1_2"},"east":{"uv":[0,3,3,5],"texture":"#1_2"},"south":{"uv":[9,3,12,5],"texture":"#1_2"},"west":{"uv":[6,3,9,5],"texture":"#1_2"},"up":{"uv":[6,3,3,0],"texture":"#1_2"},"down":{"uv":[9,0,6,3],"texture":"#1_2"}}}],"display":{"thirdperson_righthand":{"rotation":[75,45,0],"translation":[-2.25,3.25,3.5],"scale":[0.65234,0.65234,0.65234]},"thirdperson_lefthand":{"rotation":[75,45,0],"translation":[-2.25,3.25,3.5],"scale":[0.65234,0.65234,0.65234]},"firstperson_righthand":{"rotation":[-6.5,45,8.75],"translation":[0.25,4.5,0],"scale":[0.44492,0.44492,0.44492]},"firstperson_lefthand":{"rotation":[-6.5,45,8.75],"translation":[0.25,4.5,0],"scale":[0.44492,0.44492,0.44492]},"ground":{"translation":[0,3.75,0],"scale":[0.95703,0.95703,0.95703]},"gui":{"rotation":[30,225,0],"translation":[0,4.25,0],"scale":[1.11328,1.11328,1.11328]},"head":{"translation":[0,-33,0],"scale":[1.25,1.25,1.25]},"fixed":{"rotation":[-90,0,0],"translation":[0,0,-15],"scale":[2,2,2]}},"groups":[{"name":"Crust","origin":[8,8,8],"children":[0,1,2,3,4,5,6,7]},{"name":"group","origin":[8,8,8],"children":[{"name":"octagon","origin":[8,8,8],"children":[8,9,10,11]},{"name":"octagon","origin":[8,8,8],"children":[12,13,14,15]},{"name":"octagon","origin":[8,8,8],"children":[16,17,18,19]}]},{"name":"icecream","origin":[8,8,8],"children":[20,21,22,23]}]}