{"credit":"Madebyspike5032","textures":{"1":"block/red_wool","2":"block/white_wool"},"elements":[{"from":[0.37856,2.51248,7.0104],"to":[1.87856,3.76248,9.0104],"rotation":{"angle":0,"axis":"z","origin":[1.13425,6.00282,8.01992]},"faces":{"north":{"uv":[0,0,1.25,1.5],"rotation":90,"texture":"#2"},"east":{"uv":[0,0,1.25,2],"rotation":270,"texture":"#2"},"south":{"uv":[0,0,1.25,1.5],"rotation":270,"texture":"#2"},"west":{"uv":[0,0,1.25,2],"rotation":270,"texture":"#2"},"up":{"uv":[0,0,2,1.5],"rotation":270,"texture":"#2"},"down":{"uv":[0,0,2,1.5],"rotation":270,"texture":"#2"}}},{"from":[0.3849,2.26248,7.27193],"to":[1.8849,4.01248,8.77193],"rotation":{"angle":0,"axis":"y","origin":[1.13749,3.12592,8.013]},"faces":{"north":{"uv":[0,0,1.75,1.5],"rotation":270,"texture":"#2"},"east":{"uv":[0,0,1.75,1.5],"rotation":270,"texture":"#2"},"south":{"uv":[0,0,1.75,1.5],"rotation":270,"texture":"#2"},"west":{"uv":[0,0,1.75,1.5],"rotation":90,"texture":"#2"},"up":{"uv":[0,0,1.5,1.5],"rotation":180,"texture":"#2"},"down":{"uv":[0,0,1.5,1.5],"texture":"#2"}}},{"from":[0.1349,2.51248,7.27193],"to":[2.1349,3.76248,8.77193],"rotation":{"angle":0,"axis":"y","origin":[1.13749,3.12592,8.013]},"faces":{"north":{"uv":[0,0,1.25,2],"rotation":270,"texture":"#2"},"east":{"uv":[0,0,1.25,1.5],"rotation":270,"texture":"#2"},"south":{"uv":[0,0,1.25,2],"rotation":270,"texture":"#2"},"west":{"uv":[0,0,1.25,1.5],"rotation":90,"texture":"#2"},"up":{"uv":[0,0,2,1.5],"rotation":180,"texture":"#2"},"down":{"uv":[0,0,2,1.5],"texture":"#2"}}},{"from":[2.24827,6.00175,3.01351],"to":[3.25,8.00216,12.74826],"rotation":{"angle":0,"axis":"y","origin":[10.24827,14.00216,11.51351]},"faces":{"north":{"uv":[0,0,1.00173,2.00041],"texture":"#2"},"east":{"uv":[0,0,9.73474,2.00041],"texture":"#2"},"south":{"uv":[0,0,1.00173,2.00041],"texture":"#2"},"west":{"uv":[0,0,9.73474,2.00041],"texture":"#2"},"up":{"uv":[0,0,1.00173,9.73474],"texture":"#2"},"down":{"uv":[0,0,1.00173,9.73474],"texture":"#2"}}},{"from":[12.7465,6.00269,3.01263],"to":[13.74822,8.0031,12.74737],"rotation":{"angle":0,"axis":"y","origin":[5.7465,14.0031,3.51263]},"faces":{"north":{"uv":[0,0,1.00173,2.00041],"texture":"#2"},"east":{"uv":[0,0,9.73474,2.00041],"texture":"#2"},"south":{"uv":[0,0,1.00173,2.00041],"texture":"#2"},"west":{"uv":[0,0,9.73474,2.00041],"texture":"#2"},"up":{"uv":[0,0,1.00173,9.73474],"rotation":180,"texture":"#2"},"down":{"uv":[0,0,1.00173,9.73474],"rotation":180,"texture":"#2"}}},{"from":[3.24823,6.00262,2.01309],"to":[12.74823,8.00262,3.01309],"rotation":{"angle":0,"axis":"y","origin":[3.99823,14.00262,10.01309]},"faces":{"north":{"uv":[0,0,9.5,2],"texture":"#2"},"east":{"uv":[0,0,1,2],"texture":"#2"},"south":{"uv":[0,0,9.5,2],"texture":"#2"},"west":{"uv":[0,0,1,2],"texture":"#2"},"up":{"uv":[0,0,1,9.5],"rotation":90,"texture":"#2"},"down":{"uv":[0,0,1,9.5],"rotation":270,"texture":"#2"}}},{"from":[3.24778,6.00135,12.74914],"to":[12.74778,8.00135,13.74914],"rotation":{"angle":0,"axis":"y","origin":[4.99606,14.01185,4.76134]},"faces":{"north":{"uv":[0,0,9.5,2],"texture":"#2"},"east":{"uv":[0,0,1,2],"texture":"#2"},"south":{"uv":[0,0,9.5,2],"texture":"#2"},"west":{"uv":[0,0,1,2],"texture":"#2"},"up":{"uv":[0,0,1,9.5],"rotation":270,"texture":"#2"},"down":{"uv":[0,0,1,9.5],"rotation":90,"texture":"#2"}}},{"from":[2.48185,10.09691,5.76223],"to":[4.48185,13.09691,10.26223],"rotation":{"angle":22.5,"axis":"z","origin":[3.9744,12.58993,8.02665]},"faces":{"north":{"uv":[0,0,2,3],"texture":"#1"},"east":{"uv":[0,0,4.5,3],"texture":"#1"},"south":{"uv":[0,0,2,3],"texture":"#1"},"west":{"uv":[0,0,4.5,3],"texture":"#1"},"up":{"uv":[0,0,2,4.5],"texture":"#1"},"down":{"uv":[0,0,2,4.5],"texture":"#1"}}},{"from":[1.7615,8.21341,6.01288],"to":[3.7615,11.96341,10.01288],"rotation":{"angle":45,"axis":"z","origin":[2.75411,10.70917,8.0248]},"faces":{"north":{"uv":[0,0,2,3.75],"texture":"#1"},"east":{"uv":[0,0,4,3.75],"texture":"#1"},"south":{"uv":[0,0,2,3.75],"texture":"#1"},"west":{"uv":[0,0,4,3.75],"texture":"#1"},"up":{"uv":[0,0,2,4],"texture":"#1"},"down":{"uv":[0,0,2,4],"texture":"#1"}}},{"from":[-0.2385,7.71341,6.26288],"to":[1.7615,11.46341,9.76288],"rotation":{"angle":45,"axis":"z","origin":[2.75411,10.70917,8.0248]},"faces":{"north":{"uv":[0,0,2,3.75],"texture":"#1"},"east":{"uv":[0,0,3.5,3.75],"texture":"#1"},"south":{"uv":[0,0,2,3.75],"texture":"#1"},"west":{"uv":[0,0,3.5,3.75],"texture":"#1"},"up":{"uv":[0,0,2,3.5],"texture":"#1"},"down":{"uv":[0,0,2,3.5],"texture":"#1"}}},{"from":[-0.10856,6.61068,6.5123],"to":[2.89144,8.61068,9.5123],"rotation":{"angle":-22.5,"axis":"z","origin":[1.39837,7.60353,8.02239]},"faces":{"north":{"uv":[0,0,2,3],"rotation":90,"texture":"#1"},"east":{"uv":[0,0,2,3],"rotation":270,"texture":"#1"},"south":{"uv":[0,0,2,3],"rotation":270,"texture":"#1"},"west":{"uv":[0,0,2,3],"rotation":270,"texture":"#1"},"up":{"uv":[0,0,3,3],"rotation":270,"texture":"#1"},"down":{"uv":[0,0,3,3],"rotation":270,"texture":"#1"}}},{"from":[0.12856,5.26248,7.0104],"to":[2.12856,7.26248,9.0104],"rotation":{"angle":0,"axis":"z","origin":[1.13425,6.25282,8.01992]},"faces":{"north":{"uv":[0,0,2,2],"rotation":90,"texture":"#1"},"east":{"uv":[0,0,2,2],"rotation":270,"texture":"#1"},"south":{"uv":[0,0,2,2],"rotation":270,"texture":"#1"},"west":{"uv":[0,0,2,2],"rotation":270,"texture":"#1"},"up":{"uv":[0,0,2,2],"rotation":270,"texture":"#1"},"down":{"uv":[0,0,2,2],"rotation":270,"texture":"#1"}}},{"from":[0.62856,4.01248,7.5104],"to":[1.62856,5.26248,8.5104],"rotation":{"angle":0,"axis":"z","origin":[1.13425,6.25282,8.01992]},"faces":{"north":{"uv":[0,0,1.25,1],"rotation":90,"texture":"#1"},"east":{"uv":[0,0,1.25,1],"rotation":270,"texture":"#1"},"south":{"uv":[0,0,1.25,1],"rotation":270,"texture":"#1"},"west":{"uv":[0,0,1.25,1],"rotation":270,"texture":"#1"},"up":{"uv":[0,0,1,1],"rotation":270,"texture":"#1"},"down":{"uv":[0,0,1,1],"rotation":270,"texture":"#1"}}},{"from":[3.25,6.50175,3.0122],"to":[12.74828,10.48951,12.74826],"rotation":{"angle":0,"axis":"y","origin":[11.5,14.50175,11.99826]},"faces":{"north":{"uv":[0,0,9.49828,3.98776],"texture":"#1"},"east":{"uv":[0,0,9.73606,3.98776],"texture":"#1"},"south":{"uv":[0,0,9.49828,3.98776],"texture":"#1"},"west":{"uv":[0,0,9.73606,3.98776],"texture":"#1"},"up":{"uv":[0,0,9.49828,9.73606],"texture":"#1"},"down":{"uv":[0,0,9.49828,9.73606],"texture":"#1"}}},{"from":[3.75,10.50175,3.7622],"to":[12.24828,11.48951,12.24826],"rotation":{"angle":0,"axis":"y","origin":[11.5,14.50175,11.99826]},"faces":{"north":{"uv":[0,0,8.49828,0.98776],"texture":"#1"},"east":{"uv":[0,0,8.48606,0.98776],"texture":"#1"},"south":{"uv":[0,0,8.49828,0.98776],"texture":"#1"},"west":{"uv":[0,0,8.48606,0.98776],"texture":"#1"},"up":{"uv":[0,0,8.49828,8.48606],"texture":"#1"},"down":{"uv":[0,0,8.49828,8.48606],"texture":"#1"}}},{"from":[4.25,11.50175,4.2622],"to":[11.74828,12.48951,11.74826],"rotation":{"angle":0,"axis":"y","origin":[11.5,14.50175,11.99826]},"faces":{"north":{"uv":[0,0,7.49828,0.98776],"texture":"#1"},"east":{"uv":[0,0,7.48606,0.98776],"texture":"#1"},"south":{"uv":[0,0,7.49828,0.98776],"texture":"#1"},"west":{"uv":[0,0,7.48606,0.98776],"texture":"#1"},"up":{"uv":[0,0,7.49828,7.48606],"texture":"#1"},"down":{"uv":[0,0,7.49828,7.48606],"texture":"#1"}}},{"from":[4.25,12.25175,5.2622],"to":[10.74828,13.25175,10.74826],"rotation":{"angle":0,"axis":"y","origin":[11.5,14.50175,11.99826]},"faces":{"north":{"uv":[0,0,6.49828,1],"texture":"#1"},"east":{"uv":[0,0,5.48606,1],"texture":"#1"},"south":{"uv":[0,0,6.49828,1],"texture":"#1"},"west":{"uv":[0,0,5.48606,1],"texture":"#1"},"up":{"uv":[0,0,6.49828,5.48606],"texture":"#1"},"down":{"uv":[0,0,6.49828,5.48606],"texture":"#1"}}}],"display":{"thirdperson_righthand":{"rotation":[68.25,0,0],"scale":[0.52734,0.52734,0.52734]},"thirdperson_lefthand":{"rotation":[68.25,0,0],"scale":[0.52734,0.52734,0.52734]},"firstperson_righthand":{"rotation":[0,125.75,0],"translation":[1,4.75,0],"scale":[0.29297,0.29297,0.29297]},"firstperson_lefthand":{"rotation":[0,125.75,0],"translation":[1,4.75,0],"scale":[0.29297,0.29297,0.29297]},"ground":{"translation":[0,4.25,0],"scale":[0.56836,0.56836,0.56836]},"gui":{"rotation":[30,225,0],"translation":[-0.5,3.25,0],"scale":[0.625,0.625,0.625]},"head":{"rotation":[7.75,0,5.5],"translation":[0,3.5,0.5],"scale":[1.63125,1.63125,1.63125]},"fixed":{"rotation":[178.75,0,0],"translation":[0,-6.25,-6.25],"scale":[1.5,1.5,1.5]}},"groups":[{"name":"Puffball","origin":[1.38859,2.87555,7.99833],"children":[0,1,2]},{"name":"Brim","origin":[4.98437,13.99295,4.52266],"children":[3,4,5,6]},{"name":"SantaHat","origin":[8,8,8],"children":[{"name":"Tail","origin":[1.38535,5.75244,8.00525],"children":[7,8,9,10,11,12]},13,14,15,16]}]}