{"credit":"Madebyspike5032","textures":{"0":"block/anvil","1":"item/bread","2":"block/brown_wool","particle":"block/anvil"},"elements":[{"name":"octagon","from":[4.95139,3.5,0.64],"to":[11.04861,4.5,1.56],"rotation":{"angle":45,"axis":"y","origin":[8,2.33333,8]},"faces":{"north":{"uv":[1,8,7.097,8.92],"texture":"#0"},"east":{"uv":[1,8,7.097,8.92],"texture":"#0"},"south":{"uv":[1,8,7.097,8.92],"texture":"#0"},"west":{"uv":[1,8,7.097,8.92],"texture":"#0"},"up":{"uv":[1,8,7.097,8.92],"texture":"#0"},"down":{"uv":[1,8,7.097,8.92],"texture":"#0"}}},{"name":"octagon","from":[4.95139,3.5,0.64],"to":[11.04861,4.5,1.56],"rotation":{"angle":0,"axis":"y","origin":[8,2.33333,8]},"faces":{"north":{"uv":[1,8,7.097,8.92],"texture":"#0"},"east":{"uv":[1,8,7.097,8.92],"texture":"#0"},"south":{"uv":[1,8,7.097,8.92],"texture":"#0"},"west":{"uv":[1,8,7.097,8.92],"texture":"#0"},"up":{"uv":[1,8,7.097,8.92],"texture":"#0"},"down":{"uv":[1,8,7.097,8.92],"texture":"#0"}}},{"name":"octagon","from":[4.95139,3.5,14.44],"to":[11.04861,4.5,15.36],"rotation":{"angle":45,"axis":"y","origin":[8,2.33333,8]},"faces":{"north":{"uv":[1,8,7.097,8.92],"texture":"#0"},"east":{"uv":[1,8,7.097,8.92],"texture":"#0"},"south":{"uv":[1,8,7.097,8.92],"texture":"#0"},"west":{"uv":[1,8,7.097,8.92],"texture":"#0"},"up":{"uv":[1,8,7.097,8.92],"texture":"#0"},"down":{"uv":[1,8,7.097,8.92],"texture":"#0"}}},{"name":"octagon","from":[4.95139,3.5,14.44],"to":[11.04861,4.5,15.36],"rotation":{"angle":0,"axis":"y","origin":[8,2.33333,8]},"faces":{"north":{"uv":[1,8,7.097,8.92],"texture":"#0"},"east":{"uv":[1,8,7.097,8.92],"texture":"#0"},"south":{"uv":[1,8,7.097,8.92],"texture":"#0"},"west":{"uv":[1,8,7.097,8.92],"texture":"#0"},"up":{"uv":[1,8,7.097,8.92],"texture":"#0"},"down":{"uv":[1,8,7.097,8.92],"texture":"#0"}}},{"name":"octagon","from":[0.64,3.5,4.95139],"to":[1.56,4.5,11.04861],"rotation":{"angle":45,"axis":"y","origin":[8,2.33333,8]},"faces":{"north":{"uv":[1,8,7.097,8.92],"texture":"#0"},"east":{"uv":[1,8,7.097,8.92],"texture":"#0"},"south":{"uv":[1,8,7.097,8.92],"texture":"#0"},"west":{"uv":[1,8,7.097,8.92],"texture":"#0"},"up":{"uv":[1,8,7.097,8.92],"rotation":90,"texture":"#0"},"down":{"uv":[1,8,7.097,8.92],"rotation":90,"texture":"#0"}}},{"name":"octagon","from":[0.64,3.5,4.95139],"to":[1.56,4.5,11.04861],"rotation":{"angle":0,"axis":"y","origin":[8,2.33333,8]},"faces":{"north":{"uv":[1,8,7.097,8.92],"texture":"#0"},"east":{"uv":[1,8,7.097,8.92],"texture":"#0"},"south":{"uv":[1,8,7.097,8.92],"texture":"#0"},"west":{"uv":[1,8,7.097,8.92],"texture":"#0"},"up":{"uv":[1,8,7.097,8.92],"rotation":90,"texture":"#0"},"down":{"uv":[1,8,7.097,8.92],"rotation":90,"texture":"#0"}}},{"name":"octagon","from":[14.44,3.5,4.95139],"to":[15.36,4.5,11.04861],"rotation":{"angle":45,"axis":"y","origin":[8,2.33333,8]},"faces":{"north":{"uv":[1,8,7.097,8.92],"texture":"#0"},"east":{"uv":[1,8,7.097,8.92],"texture":"#0"},"south":{"uv":[1,8,7.097,8.92],"texture":"#0"},"west":{"uv":[1,8,7.097,8.92],"texture":"#0"},"up":{"uv":[1,8,7.097,8.92],"rotation":90,"texture":"#0"},"down":{"uv":[1,8,7.097,8.92],"rotation":90,"texture":"#0"}}},{"name":"octagon","from":[14.44,3.5,4.95139],"to":[15.36,4.5,11.04861],"rotation":{"angle":0,"axis":"y","origin":[8,2.33333,8]},"faces":{"north":{"uv":[1,8,7.097,8.92],"texture":"#0"},"east":{"uv":[1,8,7.097,8.92],"texture":"#0"},"south":{"uv":[1,8,7.097,8.92],"texture":"#0"},"west":{"uv":[1,8,7.097,8.92],"texture":"#0"},"up":{"uv":[1,8,7.097,8.92],"rotation":90,"texture":"#0"},"down":{"uv":[1,8,7.097,8.92],"rotation":90,"texture":"#0"}}},{"name":"octagon","from":[5.15859,2.5,1.14022],"to":[10.84141,3.5,14.85978],"rotation":{"angle":45,"axis":"y","origin":[8,2.33333,8]},"faces":{"north":{"uv":[0,0,6.09722,0.92],"texture":"#0"},"east":{"uv":[0,0,5.68282,13.71955],"texture":"#0"},"south":{"uv":[0,0,6.09722,0.92],"texture":"#0"},"west":{"uv":[0,0,5.68282,13.71955],"texture":"#0"},"up":{"uv":[0,0,5.68282,13.71955],"texture":"#2"},"down":{"uv":[0,0,5.68282,13.71955],"texture":"#0"}}},{"name":"octagon","from":[5.15859,2.5,1.14022],"to":[10.84141,3.5,14.85978],"rotation":{"angle":0,"axis":"y","origin":[8,2.33333,8]},"faces":{"north":{"uv":[0,0,6.09722,0.92],"texture":"#0"},"east":{"uv":[0,0,5.68282,13.71955],"texture":"#0"},"south":{"uv":[0,0,6.09722,0.92],"texture":"#0"},"west":{"uv":[0,0,5.68282,13.71955],"texture":"#0"},"up":{"uv":[0,0,5.68282,13.71955],"texture":"#2"},"down":{"uv":[0,0,5.68282,13.71955],"texture":"#0"}}},{"name":"octagon","from":[1.14022,2.5,5.15859],"to":[14.85978,3.5,10.84141],"rotation":{"angle":45,"axis":"y","origin":[8,2.33333,8]},"faces":{"north":{"uv":[0,0,13.71955,5.68282],"texture":"#0"},"east":{"uv":[0,0,6.09722,0.92],"texture":"#0"},"south":{"uv":[0,0,13.71955,5.68282],"texture":"#0"},"west":{"uv":[0,0,6.09722,0.92],"texture":"#0"},"up":{"uv":[0,0,13.71955,5.68282],"texture":"#2"},"down":{"uv":[0,0,13.71955,5.68282],"texture":"#0"}}},{"name":"octagon","from":[1.14022,2.5,5.15859],"to":[14.85978,3.5,10.84141],"rotation":{"angle":0,"axis":"y","origin":[8,2.33333,8]},"faces":{"north":{"uv":[0,0,13.71955,5.68282],"texture":"#0"},"east":{"uv":[0,0,6.09722,0.92],"texture":"#0"},"south":{"uv":[0,0,13.71955,5.68282],"texture":"#0"},"west":{"uv":[0,0,6.09722,0.92],"texture":"#0"},"up":{"uv":[0,0,13.71955,5.68282],"texture":"#2"},"down":{"uv":[0,0,13.71955,5.68282],"texture":"#0"}}},{"name":"octagon","from":[5.46302,1.5,1.8752],"to":[10.53698,2.5,14.1248],"rotation":{"angle":45,"axis":"y","origin":[8,2.33333,8]},"faces":{"north":{"uv":[0,0,6.09722,0.92],"texture":"#0"},"east":{"uv":[0,0,5.07395,12.2496],"texture":"#0"},"south":{"uv":[0,0,6.09722,0.92],"texture":"#0"},"west":{"uv":[0,0,5.07395,12.2496],"texture":"#0"},"up":{"uv":[0,0,5.07395,12.2496],"texture":"#0"},"down":{"uv":[0,0,5.07395,12.2496],"texture":"#0"}}},{"name":"octagon","from":[5.46302,1.5,1.8752],"to":[10.53698,2.5,14.1248],"rotation":{"angle":0,"axis":"y","origin":[8,2.33333,8]},"faces":{"north":{"uv":[0,0,6.09722,0.92],"texture":"#0"},"east":{"uv":[0,0,5.07395,12.2496],"texture":"#0"},"south":{"uv":[0,0,6.09722,0.92],"texture":"#0"},"west":{"uv":[0,0,5.07395,12.2496],"texture":"#0"},"up":{"uv":[0,0,5.07395,12.2496],"texture":"#0"},"down":{"uv":[0,0,5.07395,12.2496],"texture":"#0"}}},{"name":"octagon","from":[1.8752,1.5,5.46302],"to":[14.1248,2.5,10.53698],"rotation":{"angle":45,"axis":"y","origin":[8,2.33333,8]},"faces":{"north":{"uv":[0,0,12.2496,5.07395],"texture":"#0"},"east":{"uv":[0,0,6.09722,0.92],"texture":"#0"},"south":{"uv":[0,0,12.2496,5.07395],"texture":"#0"},"west":{"uv":[0,0,6.09722,0.92],"texture":"#0"},"up":{"uv":[0,0,12.2496,5.07395],"texture":"#0"},"down":{"uv":[0,0,12.2496,5.07395],"texture":"#0"}}},{"name":"octagon","from":[1.8752,1.5,5.46302],"to":[14.1248,2.5,10.53698],"rotation":{"angle":0,"axis":"y","origin":[8,2.33333,8]},"faces":{"north":{"uv":[0,0,12.2496,5.07395],"texture":"#0"},"east":{"uv":[0,0,6.09722,0.92],"texture":"#0"},"south":{"uv":[0,0,12.2496,5.07395],"texture":"#0"},"west":{"uv":[0,0,6.09722,0.92],"texture":"#0"},"up":{"uv":[0,0,12.2496,5.07395],"texture":"#0"},"down":{"uv":[0,0,12.2496,5.07395],"texture":"#0"}}},{"name":"octagon","from":[5.80129,0.5,2.69184],"to":[10.19871,1.5,13.30816],"rotation":{"angle":45,"axis":"y","origin":[8,2.33333,8]},"faces":{"north":{"uv":[0,0,6.09722,0.92],"texture":"#0"},"east":{"uv":[0,0,4.39742,10.61632],"texture":"#0"},"south":{"uv":[0,0,6.09722,0.92],"texture":"#0"},"west":{"uv":[0,0,4.39742,10.61632],"texture":"#0"},"up":{"uv":[0,0,4.39742,10.61632],"texture":"#0"},"down":{"uv":[0,0,4.39742,10.61632],"texture":"#0"}}},{"name":"octagon","from":[5.80129,0.5,2.69184],"to":[10.19871,1.5,13.30816],"rotation":{"angle":0,"axis":"y","origin":[8,2.33333,8]},"faces":{"north":{"uv":[0,0,6.09722,0.92],"texture":"#0"},"east":{"uv":[0,0,4.39742,10.61632],"texture":"#0"},"south":{"uv":[0,0,6.09722,0.92],"texture":"#0"},"west":{"uv":[0,0,4.39742,10.61632],"texture":"#0"},"up":{"uv":[0,0,4.39742,10.61632],"texture":"#0"},"down":{"uv":[0,0,4.39742,10.61632],"texture":"#0"}}},{"name":"octagon","from":[2.69184,0.5,5.80129],"to":[13.30816,1.5,10.19871],"rotation":{"angle":45,"axis":"y","origin":[8,2.33333,8]},"faces":{"north":{"uv":[0,0,10.61632,4.39742],"texture":"#0"},"east":{"uv":[0,0,6.09722,0.92],"texture":"#0"},"south":{"uv":[0,0,10.61632,4.39742],"texture":"#0"},"west":{"uv":[0,0,6.09722,0.92],"texture":"#0"},"up":{"uv":[0,0,10.61632,4.39742],"texture":"#0"},"down":{"uv":[0,0,10.61632,4.39742],"texture":"#0"}}},{"name":"octagon","from":[2.69184,0.5,5.80129],"to":[13.30816,1.5,10.19871],"rotation":{"angle":0,"axis":"y","origin":[8,2.33333,8]},"faces":{"north":{"uv":[0,0,10.61632,4.39742],"texture":"#0"},"east":{"uv":[0,0,6.09722,0.92],"texture":"#0"},"south":{"uv":[0,0,10.61632,4.39742],"texture":"#0"},"west":{"uv":[0,0,6.09722,0.92],"texture":"#0"},"up":{"uv":[0,0,10.61632,4.39742],"texture":"#0"},"down":{"uv":[0,0,10.61632,4.39742],"texture":"#0"}}},{"name":"octagon","from":[6.07805,0.01,3.36],"to":[9.92195,1.01,12.64],"rotation":{"angle":45,"axis":"y","origin":[8,2.83333,8]},"faces":{"north":{"uv":[1,8,7.097,8.92],"texture":"#0"},"east":{"uv":[1,8,7.097,8.92],"texture":"#0"},"south":{"uv":[1,8,7.097,8.92],"texture":"#0"},"west":{"uv":[1,8,7.097,8.92],"texture":"#0"},"up":{"uv":[1,8,7.097,8.92],"texture":"#0"},"down":{"uv":[1,8,10,11],"texture":"#0"}}},{"name":"octagon","from":[6.07805,0.015,3.36],"to":[9.92195,1.015,12.64],"rotation":{"angle":0,"axis":"y","origin":[8,2.83333,8]},"faces":{"north":{"uv":[1,8,7.097,8.92],"texture":"#0"},"east":{"uv":[1,8,7.097,8.92],"texture":"#0"},"south":{"uv":[1,8,7.097,8.92],"texture":"#0"},"west":{"uv":[1,8,7.097,8.92],"texture":"#0"},"up":{"uv":[1,8,7.097,8.92],"texture":"#0"},"down":{"uv":[1,8,10,11],"texture":"#0"}}},{"name":"octagon","from":[3.36,0,6.07805],"to":[12.64,1,9.92195],"rotation":{"angle":45,"axis":"y","origin":[8,2.83333,8]},"faces":{"north":{"uv":[1,8,7.097,8.92],"texture":"#0"},"east":{"uv":[1,8,7.097,8.92],"texture":"#0"},"south":{"uv":[1,8,7.097,8.92],"texture":"#0"},"west":{"uv":[1,8,7.097,8.92],"texture":"#0"},"up":{"uv":[1,8,7.097,8.92],"texture":"#0"},"down":{"uv":[1,8,10,11],"texture":"#0"}}},{"name":"octagon","from":[3.36,0.012,6.07805],"to":[12.64,1.012,9.92195],"rotation":{"angle":0,"axis":"y","origin":[8,2.83333,8]},"faces":{"north":{"uv":[1,8,7.097,8.92],"texture":"#0"},"east":{"uv":[1,8,7.097,8.92],"texture":"#0"},"south":{"uv":[1,8,7.097,8.92],"texture":"#0"},"west":{"uv":[1,8,7.097,8.92],"texture":"#0"},"up":{"uv":[1,8,7.097,8.92],"texture":"#0"},"down":{"uv":[1,8,10,11],"texture":"#0"}}},{"from":[4.2,2.7,2.45],"to":[7.2,4.4,5.45],"rotation":{"angle":22.5,"axis":"y","origin":[5,3.5,4.25]},"faces":{"north":{"uv":[4,6,10,11],"texture":"#1"},"east":{"uv":[4,6,10,11],"texture":"#1"},"south":{"uv":[4,6,10,11],"texture":"#1"},"west":{"uv":[4,6,10,11],"texture":"#1"},"up":{"uv":[4,6,10,11],"texture":"#1"},"down":{"uv":[4,6,10,11],"texture":"#1"}}},{"from":[7.3249,2.5,12.54853],"to":[10.3249,4.5,15.54853],"rotation":{"angle":22.5,"axis":"y","origin":[5.86483,3.8125,10.49603]},"faces":{"north":{"uv":[4,6,10,11],"texture":"#1"},"east":{"uv":[4,6,10,11],"texture":"#1"},"south":{"uv":[4,6,10,11],"texture":"#1"},"west":{"uv":[4,6,10,11],"texture":"#1"},"up":{"uv":[4,6,10,11],"texture":"#1"},"down":{"uv":[4,6,10,11],"texture":"#1"}}},{"from":[5.15,2.5,7.05],"to":[8.15,4.5,10.05],"rotation":{"angle":22.5,"axis":"y","origin":[5.65,3.5,4.75]},"faces":{"north":{"uv":[4,6,10,11],"texture":"#1"},"east":{"uv":[4,6,10,11],"texture":"#1"},"south":{"uv":[4,6,10,11],"texture":"#1"},"west":{"uv":[4,6,10,11],"texture":"#1"},"up":{"uv":[4,6,10,11],"texture":"#1"},"down":{"uv":[4,6,10,11],"texture":"#1"}}},{"from":[7,5.6,9.05],"to":[10,7.6,12.05],"rotation":{"angle":22.5,"axis":"x","origin":[7,6.6,6.75]},"faces":{"north":{"uv":[4,6,10,11],"texture":"#1"},"east":{"uv":[4,6,10,11],"texture":"#1"},"south":{"uv":[4,6,10,11],"texture":"#1"},"west":{"uv":[4,6,10,11],"texture":"#1"},"up":{"uv":[4,6,10,11],"texture":"#1"},"down":{"uv":[4,6,10,11],"texture":"#1"}}},{"from":[7.25,6.1,9.3],"to":[9.75,8.1,11.8],"rotation":{"angle":22.5,"axis":"x","origin":[7,6.6,6.75]},"faces":{"north":{"uv":[4,6,10,11],"texture":"#1"},"east":{"uv":[4,6,10,11],"texture":"#1"},"south":{"uv":[4,6,10,11],"texture":"#1"},"west":{"uv":[4,6,10,11],"texture":"#1"},"up":{"uv":[4,6,10,11],"texture":"#1"},"down":{"uv":[4,6,10,11],"texture":"#1"}}},{"from":[7.25157,3,2.00105],"to":[10.25157,5,5.00105],"rotation":{"angle":0,"axis":"y","origin":[5.50157,4,3.50105]},"faces":{"north":{"uv":[4,6,10,11],"texture":"#1"},"east":{"uv":[4,6,10,11],"texture":"#1"},"south":{"uv":[4,6,10,11],"texture":"#1"},"west":{"uv":[4,6,10,11],"texture":"#1"},"up":{"uv":[4,6,10,11],"texture":"#1"},"down":{"uv":[4,6,10,11],"texture":"#1"}}},{"from":[4.97809,3,11.24101],"to":[7.97809,5,14.24101],"rotation":{"angle":0,"axis":"y","origin":[5.86483,3.8125,10.49603]},"faces":{"north":{"uv":[4,6,10,11],"texture":"#1"},"east":{"uv":[4,6,10,11],"texture":"#1"},"south":{"uv":[4,6,10,11],"texture":"#1"},"west":{"uv":[4,6,10,11],"texture":"#1"},"up":{"uv":[4,6,10,11],"texture":"#1"},"down":{"uv":[4,6,10,11],"texture":"#1"}}},{"from":[11.40604,2.6,5.35672],"to":[14.40604,4.4,8.35672],"rotation":{"angle":-22.5,"axis":"y","origin":[12.65604,3.75,6.85672]},"faces":{"north":{"uv":[4,6,10,11],"texture":"#1"},"east":{"uv":[4,6,10,11],"texture":"#1"},"south":{"uv":[4,6,10,11],"texture":"#1"},"west":{"uv":[4,6,10,11],"texture":"#1"},"up":{"uv":[4,6,10,11],"texture":"#1"},"down":{"uv":[4,6,10,11],"texture":"#1"}}},{"from":[11.63701,2,2.20239],"to":[14.63701,4,5.20239],"rotation":{"angle":45,"axis":"y","origin":[12.88701,3.75,6.95239]},"faces":{"north":{"uv":[4,6,10,11],"texture":"#1"},"east":{"uv":[4,6,10,11],"texture":"#1"},"south":{"uv":[4,6,10,11],"texture":"#1"},"west":{"uv":[4,6,10,11],"texture":"#1"},"up":{"uv":[4,6,10,11],"texture":"#1"},"down":{"uv":[4,6,10,11],"texture":"#1"}}},{"from":[9.38701,4.5,5.20239],"to":[12.38701,6.5,8.20239],"rotation":{"angle":22.5,"axis":"z","origin":[12.88701,5,6.70239]},"faces":{"north":{"uv":[4,6,10,11],"texture":"#1"},"east":{"uv":[4,6,10,11],"texture":"#1"},"south":{"uv":[4,6,10,11],"texture":"#1"},"west":{"uv":[4,6,10,11],"texture":"#1"},"up":{"uv":[4,6,10,11],"texture":"#1"},"down":{"uv":[4,6,10,11],"texture":"#1"}}},{"from":[4.57527,2.5,7.96002],"to":[7.57527,4.5,10.96002],"rotation":{"angle":22.5,"axis":"y","origin":[6.81483,3.8125,11.79603]},"faces":{"north":{"uv":[4,6,10,11],"texture":"#1"},"east":{"uv":[4,6,10,11],"texture":"#1"},"south":{"uv":[4,6,10,11],"texture":"#1"},"west":{"uv":[4,6,10,11],"texture":"#1"},"up":{"uv":[4,6,10,11],"texture":"#1"},"down":{"uv":[4,6,10,11],"texture":"#1"}}},{"from":[1.73761,3,4.92085],"to":[4.73761,5,7.92085],"rotation":{"angle":0,"axis":"y","origin":[3.23761,4,6.42085]},"faces":{"north":{"uv":[4,6,10,11],"texture":"#1"},"east":{"uv":[4,6,10,11],"texture":"#1"},"south":{"uv":[4,6,10,11],"texture":"#1"},"west":{"uv":[4,6,10,11],"texture":"#1"},"up":{"uv":[4,6,10,11],"texture":"#1"},"down":{"uv":[4,6,10,11],"texture":"#1"}}},{"from":[1.73761,3.5,8.17085],"to":[4.73761,5.5,11.17085],"rotation":{"angle":45,"axis":"z","origin":[3.23761,4.5,9.67085]},"faces":{"north":{"uv":[4,6,10,11],"texture":"#1"},"east":{"uv":[4,6,10,11],"texture":"#1"},"south":{"uv":[4,6,10,11],"texture":"#1"},"west":{"uv":[4,6,10,11],"texture":"#1"},"up":{"uv":[4,6,10,11],"texture":"#1"},"down":{"uv":[4,6,10,11],"texture":"#1"}}},{"from":[9.50157,3.25,9.50105],"to":[12.50157,5.25,12.50105],"rotation":{"angle":22.5,"axis":"y","origin":[9.50157,3.5,7.75105]},"faces":{"north":{"uv":[4,6,10,11],"texture":"#1"},"east":{"uv":[4,6,10,11],"texture":"#1"},"south":{"uv":[4,6,10,11],"texture":"#1"},"west":{"uv":[4,6,10,11],"texture":"#1"},"up":{"uv":[4,6,10,11],"texture":"#1"},"down":{"uv":[4,6,10,11],"texture":"#1"}}},{"from":[4.34855,4,5.01243],"to":[7.34855,6,8.01243],"rotation":{"angle":-22.5,"axis":"y","origin":[5.84855,5,6.51243]},"faces":{"north":{"uv":[4,6,10,11],"texture":"#1"},"east":{"uv":[4,6,10,11],"texture":"#1"},"south":{"uv":[4,6,10,11],"texture":"#1"},"west":{"uv":[4,6,10,11],"texture":"#1"},"up":{"uv":[4,6,10,11],"texture":"#1"},"down":{"uv":[4,6,10,11],"texture":"#1"}}},{"from":[1.98761,3.5,5.17085],"to":[4.48761,5.5,7.67085],"rotation":{"angle":0,"axis":"y","origin":[3.23761,4.5,6.42085]},"faces":{"north":{"uv":[4,6,10,11],"texture":"#1"},"east":{"uv":[4,6,10,11],"texture":"#1"},"south":{"uv":[4,6,10,11],"texture":"#1"},"west":{"uv":[4,6,10,11],"texture":"#1"},"up":{"uv":[4,6,10,11],"texture":"#1"},"down":{"uv":[4,6,10,11],"texture":"#1"}}},{"from":[4.59855,4.5,5.26243],"to":[7.09855,6.5,7.76243],"rotation":{"angle":-22.5,"axis":"y","origin":[5.84855,5.5,6.51243]},"faces":{"north":{"uv":[4,6,10,11],"texture":"#1"},"east":{"uv":[4,6,10,11],"texture":"#1"},"south":{"uv":[4,6,10,11],"texture":"#1"},"west":{"uv":[4,6,10,11],"texture":"#1"},"up":{"uv":[4,6,10,11],"texture":"#1"},"down":{"uv":[4,6,10,11],"texture":"#1"}}},{"from":[4.45,2.9,2.7],"to":[6.95,4.9,5.2],"rotation":{"angle":22.5,"axis":"y","origin":[5,4,4.25]},"faces":{"north":{"uv":[4,6,10,11],"texture":"#1"},"east":{"uv":[4,6,10,11],"texture":"#1"},"south":{"uv":[4,6,10,11],"texture":"#1"},"west":{"uv":[4,6,10,11],"texture":"#1"},"up":{"uv":[4,6,10,11],"texture":"#1"},"down":{"uv":[4,6,10,11],"texture":"#1"}}},{"from":[7.50157,3.5,2.25105],"to":[10.00157,5.5,4.75105],"rotation":{"angle":0,"axis":"y","origin":[5.50157,4.5,3.50105]},"faces":{"north":{"uv":[4,6,10,11],"texture":"#1"},"east":{"uv":[4,6,10,11],"texture":"#1"},"south":{"uv":[4,6,10,11],"texture":"#1"},"west":{"uv":[4,6,10,11],"texture":"#1"},"up":{"uv":[4,6,10,11],"texture":"#1"},"down":{"uv":[4,6,10,11],"texture":"#1"}}},{"from":[11.65604,2.9,5.60672],"to":[14.15604,4.9,8.10672],"rotation":{"angle":-22.5,"axis":"y","origin":[12.65604,3.75,6.85672]},"faces":{"north":{"uv":[4,6,10,11],"texture":"#1"},"east":{"uv":[4,6,10,11],"texture":"#1"},"south":{"uv":[4,6,10,11],"texture":"#1"},"west":{"uv":[4,6,10,11],"texture":"#1"},"up":{"uv":[4,6,10,11],"texture":"#1"},"down":{"uv":[4,6,10,11],"texture":"#1"}}},{"from":[11.88701,2.5,2.45239],"to":[14.38701,4.5,4.95239],"rotation":{"angle":45,"axis":"y","origin":[12.88701,3.75,6.95239]},"faces":{"north":{"uv":[4,6,10,11],"texture":"#1"},"east":{"uv":[4,6,10,11],"texture":"#1"},"south":{"uv":[4,6,10,11],"texture":"#1"},"west":{"uv":[4,6,10,11],"texture":"#1"},"up":{"uv":[4,6,10,11],"texture":"#1"},"down":{"uv":[4,6,10,11],"texture":"#1"}}},{"from":[9.63701,5,5.45239],"to":[12.13701,7,7.95239],"rotation":{"angle":22.5,"axis":"z","origin":[12.88701,5,6.70239]},"faces":{"north":{"uv":[4,6,10,11],"texture":"#1"},"east":{"uv":[4,6,10,11],"texture":"#1"},"south":{"uv":[4,6,10,11],"texture":"#1"},"west":{"uv":[4,6,10,11],"texture":"#1"},"up":{"uv":[4,6,10,11],"texture":"#1"},"down":{"uv":[4,6,10,11],"texture":"#1"}}},{"from":[9.75157,3.75,9.75105],"to":[12.25157,5.75,12.25105],"rotation":{"angle":22.5,"axis":"y","origin":[9.50157,4,7.75105]},"faces":{"north":{"uv":[4,6,10,11],"texture":"#1"},"east":{"uv":[4,6,10,11],"texture":"#1"},"south":{"uv":[4,6,10,11],"texture":"#1"},"west":{"uv":[4,6,10,11],"texture":"#1"},"up":{"uv":[4,6,10,11],"texture":"#1"},"down":{"uv":[4,6,10,11],"texture":"#1"}}},{"from":[7.5749,3,12.79853],"to":[10.0749,5,15.29853],"rotation":{"angle":22.5,"axis":"y","origin":[5.86483,4.3125,10.49603]},"faces":{"north":{"uv":[4,6,10,11],"texture":"#1"},"east":{"uv":[4,6,10,11],"texture":"#1"},"south":{"uv":[4,6,10,11],"texture":"#1"},"west":{"uv":[4,6,10,11],"texture":"#1"},"up":{"uv":[4,6,10,11],"texture":"#1"},"down":{"uv":[4,6,10,11],"texture":"#1"}}},{"from":[5.4,3,7.3],"to":[7.9,5,9.8],"rotation":{"angle":22.5,"axis":"y","origin":[5.65,4,4.75]},"faces":{"north":{"uv":[4,6,10,11],"texture":"#1"},"east":{"uv":[4,6,10,11],"texture":"#1"},"south":{"uv":[4,6,10,11],"texture":"#1"},"west":{"uv":[4,6,10,11],"texture":"#1"},"up":{"uv":[4,6,10,11],"texture":"#1"},"down":{"uv":[4,6,10,11],"texture":"#1"}}},{"from":[4.82527,3,8.21002],"to":[7.32527,5,10.71002],"rotation":{"angle":22.5,"axis":"y","origin":[6.81483,4.3125,11.79603]},"faces":{"north":{"uv":[4,6,10,11],"texture":"#1"},"east":{"uv":[4,6,10,11],"texture":"#1"},"south":{"uv":[4,6,10,11],"texture":"#1"},"west":{"uv":[4,6,10,11],"texture":"#1"},"up":{"uv":[4,6,10,11],"texture":"#1"},"down":{"uv":[4,6,10,11],"texture":"#1"}}},{"from":[5.22809,3.5,11.49101],"to":[7.72809,5.5,13.99101],"rotation":{"angle":0,"axis":"y","origin":[5.86483,4.3125,10.49603]},"faces":{"north":{"uv":[4,6,10,11],"texture":"#1"},"east":{"uv":[4,6,10,11],"texture":"#1"},"south":{"uv":[4,6,10,11],"texture":"#1"},"west":{"uv":[4,6,10,11],"texture":"#1"},"up":{"uv":[4,6,10,11],"texture":"#1"},"down":{"uv":[4,6,10,11],"texture":"#1"}}},{"from":[1.98761,4,8.42085],"to":[4.48761,6,10.92085],"rotation":{"angle":45,"axis":"z","origin":[3.23761,4.5,9.67085]},"faces":{"north":{"uv":[4,6,10,11],"texture":"#1"},"east":{"uv":[4,6,10,11],"texture":"#1"},"south":{"uv":[4,6,10,11],"texture":"#1"},"west":{"uv":[4,6,10,11],"texture":"#1"},"up":{"uv":[4,6,10,11],"texture":"#1"},"down":{"uv":[4,6,10,11],"texture":"#1"}}}],"display":{"thirdperson_righthand":{"rotation":[75,90,0],"translation":[-5.5,2,4.5],"scale":[0.72266,0.72266,0.72266]},"thirdperson_lefthand":{"rotation":[75,90,0],"translation":[-5.5,2,4.5],"scale":[0.72266,0.72266,0.72266]},"firstperson_righthand":{"rotation":[0,31.75,6.5],"translation":[0,4.5,0],"scale":[0.45859,0.45859,0.45859]},"firstperson_lefthand":{"rotation":[0,31.75,6.5],"translation":[0,4.5,0],"scale":[0.45859,0.45859,0.45859]},"ground":{"translation":[0,3.5,0],"scale":[0.89258,0.89258,0.89258]},"gui":{"rotation":[30,-70,0],"translation":[0,4.5,0],"scale":[0.9832,0.9832,0.9832]},"head":{"rotation":[0,90,0],"translation":[0,-32,0],"scale":[1.25,1.25,1.25]},"fixed":{"rotation":[-90,0,0],"translation":[0,0,-15],"scale":[2,2,2]}},"groups":[{"name":"Basket","origin":[8,8,8],"children":[{"name":"octagon","origin":[8,8,8],"children":[0,1,2,3,4,5,6,7]},{"name":"octagon","origin":[8,8,8],"children":[8,9,10,11]},{"name":"octagon","origin":[8,8,8],"children":[12,13,14,15]},{"name":"octagon","origin":[8,8,8],"children":[16,17,18,19]},{"name":"octagon","origin":[8,8,8],"children":[20,21,22,23]}]},{"name":"BreadRolls","origin":[5.84855,5.5,6.51243],"children":[24,25,26,27,28,29,30,31,32,33,34,35,36,37,38]},{"name":"group","origin":[3.23761,5,9.67085],"children":[39,40,41,42,43,44,45,46,47,48,49,50,51]}]}