{"credit":"Madebyspike5032","textures":{"0":"block/anvil","1":"item/baked_potato","particle":"block/anvil"},"elements":[{"name":"octagon","from":[4.95139,3.5,0.64],"to":[11.04861,4.5,1.56],"rotation":{"angle":45,"axis":"y","origin":[8,2.33333,8]},"faces":{"north":{"uv":[1,8,7.097,8.92],"texture":"#0"},"east":{"uv":[1,8,7.097,8.92],"texture":"#0"},"south":{"uv":[1,8,7.097,8.92],"texture":"#0"},"west":{"uv":[1,8,7.097,8.92],"texture":"#0"},"up":{"uv":[1,8,7.097,8.92],"texture":"#0"},"down":{"uv":[1,8,7.097,8.92],"texture":"#0"}}},{"name":"octagon","from":[4.95139,3.5,0.64],"to":[11.04861,4.5,1.56],"rotation":{"angle":0,"axis":"y","origin":[8,2.33333,8]},"faces":{"north":{"uv":[1,8,7.097,8.92],"texture":"#0"},"east":{"uv":[1,8,7.097,8.92],"texture":"#0"},"south":{"uv":[1,8,7.097,8.92],"texture":"#0"},"west":{"uv":[1,8,7.097,8.92],"texture":"#0"},"up":{"uv":[1,8,7.097,8.92],"texture":"#0"},"down":{"uv":[1,8,7.097,8.92],"texture":"#0"}}},{"name":"octagon","from":[4.95139,3.5,14.44],"to":[11.04861,4.5,15.36],"rotation":{"angle":45,"axis":"y","origin":[8,2.33333,8]},"faces":{"north":{"uv":[1,8,7.097,8.92],"texture":"#0"},"east":{"uv":[1,8,7.097,8.92],"texture":"#0"},"south":{"uv":[1,8,7.097,8.92],"texture":"#0"},"west":{"uv":[1,8,7.097,8.92],"texture":"#0"},"up":{"uv":[1,8,7.097,8.92],"texture":"#0"},"down":{"uv":[1,8,7.097,8.92],"texture":"#0"}}},{"name":"octagon","from":[4.95139,3.5,14.44],"to":[11.04861,4.5,15.36],"rotation":{"angle":0,"axis":"y","origin":[8,2.33333,8]},"faces":{"north":{"uv":[1,8,7.097,8.92],"texture":"#0"},"east":{"uv":[1,8,7.097,8.92],"texture":"#0"},"south":{"uv":[1,8,7.097,8.92],"texture":"#0"},"west":{"uv":[1,8,7.097,8.92],"texture":"#0"},"up":{"uv":[1,8,7.097,8.92],"texture":"#0"},"down":{"uv":[1,8,7.097,8.92],"texture":"#0"}}},{"name":"octagon","from":[0.64,3.5,4.95139],"to":[1.56,4.5,11.04861],"rotation":{"angle":45,"axis":"y","origin":[8,2.33333,8]},"faces":{"north":{"uv":[1,8,7.097,8.92],"texture":"#0"},"east":{"uv":[1,8,7.097,8.92],"texture":"#0"},"south":{"uv":[1,8,7.097,8.92],"texture":"#0"},"west":{"uv":[1,8,7.097,8.92],"texture":"#0"},"up":{"uv":[1,8,7.097,8.92],"rotation":90,"texture":"#0"},"down":{"uv":[1,8,7.097,8.92],"rotation":90,"texture":"#0"}}},{"name":"octagon","from":[0.64,3.5,4.95139],"to":[1.56,4.5,11.04861],"rotation":{"angle":0,"axis":"y","origin":[8,2.33333,8]},"faces":{"north":{"uv":[1,8,7.097,8.92],"texture":"#0"},"east":{"uv":[1,8,7.097,8.92],"texture":"#0"},"south":{"uv":[1,8,7.097,8.92],"texture":"#0"},"west":{"uv":[1,8,7.097,8.92],"texture":"#0"},"up":{"uv":[1,8,7.097,8.92],"rotation":90,"texture":"#0"},"down":{"uv":[1,8,7.097,8.92],"rotation":90,"texture":"#0"}}},{"name":"octagon","from":[14.44,3.5,4.95139],"to":[15.36,4.5,11.04861],"rotation":{"angle":45,"axis":"y","origin":[8,2.33333,8]},"faces":{"north":{"uv":[1,8,7.097,8.92],"texture":"#0"},"east":{"uv":[1,8,7.097,8.92],"texture":"#0"},"south":{"uv":[1,8,7.097,8.92],"texture":"#0"},"west":{"uv":[1,8,7.097,8.92],"texture":"#0"},"up":{"uv":[1,8,7.097,8.92],"rotation":90,"texture":"#0"},"down":{"uv":[1,8,7.097,8.92],"rotation":90,"texture":"#0"}}},{"name":"octagon","from":[14.44,3.5,4.95139],"to":[15.36,4.5,11.04861],"rotation":{"angle":0,"axis":"y","origin":[8,2.33333,8]},"faces":{"north":{"uv":[1,8,7.097,8.92],"texture":"#0"},"east":{"uv":[1,8,7.097,8.92],"texture":"#0"},"south":{"uv":[1,8,7.097,8.92],"texture":"#0"},"west":{"uv":[1,8,7.097,8.92],"texture":"#0"},"up":{"uv":[1,8,7.097,8.92],"rotation":90,"texture":"#0"},"down":{"uv":[1,8,7.097,8.92],"rotation":90,"texture":"#0"}}},{"name":"octagon","from":[5.15859,2.5,1.14022],"to":[10.84141,3.5,14.85978],"rotation":{"angle":45,"axis":"y","origin":[8,2.33333,8]},"faces":{"north":{"uv":[0,0,12.2496,5.07395],"texture":"#0"},"east":{"uv":[7,7,9,8],"texture":"#1"},"south":{"uv":[0,0,12.2496,5.07395],"texture":"#0"},"west":{"uv":[7,7,9,8],"texture":"#1"},"up":{"uv":[7,7,9,8],"texture":"#1"},"down":{"uv":[0,0,12.2496,5.07395],"texture":"#0"}}},{"name":"octagon","from":[5.15859,2.5005,1.14022],"to":[10.84141,3.5005,14.85978],"rotation":{"angle":0,"axis":"y","origin":[8,2.33333,8]},"faces":{"north":{"uv":[0,0,12.2496,5.07395],"texture":"#0"},"east":{"uv":[7,7,9,8],"texture":"#1"},"south":{"uv":[0,0,12.2496,5.07395],"texture":"#0"},"west":{"uv":[7,7,9,8],"texture":"#1"},"up":{"uv":[7,7,9,8],"texture":"#1"},"down":{"uv":[0,0,12.2496,5.07395],"texture":"#0"}}},{"name":"octagon","from":[1.14022,2.501,5.15859],"to":[14.85978,3.501,10.84141],"rotation":{"angle":45,"axis":"y","origin":[8,2.33333,8]},"faces":{"north":{"uv":[7,7,9,8],"texture":"#1"},"east":{"uv":[0,0,12.2496,5.07395],"texture":"#0"},"south":{"uv":[0,0,12.2496,5.07395],"texture":"#0"},"west":{"uv":[0,0,12.2496,5.07395],"texture":"#0"},"up":{"uv":[7,7,9,8],"texture":"#1"},"down":{"uv":[0,0,12.2496,5.07395],"texture":"#0"}}},{"name":"octagon","from":[1.14022,2.5015,5.15859],"to":[14.85978,3.5015,10.84141],"rotation":{"angle":0,"axis":"y","origin":[8,2.33333,8]},"faces":{"north":{"uv":[7,7,9,8],"texture":"#1"},"east":{"uv":[0,0,12.2496,5.07395],"texture":"#0"},"south":{"uv":[7,7,9,8],"texture":"#1"},"west":{"uv":[0,0,12.2496,5.07395],"texture":"#0"},"up":{"uv":[7,7,9,8],"texture":"#1"},"down":{"uv":[0,0,12.2496,5.07395],"texture":"#0"}}},{"name":"octagon","from":[5.46302,1.5,1.8752],"to":[10.53698,2.5,14.1248],"rotation":{"angle":45,"axis":"y","origin":[8,2.33333,8]},"faces":{"north":{"uv":[0,0,5.07395,12.2496],"texture":"#0"},"east":{"uv":[0,0,5.07395,12.2496],"texture":"#0"},"south":{"uv":[0,0,5.07395,12.2496],"texture":"#0"},"west":{"uv":[0,0,5.07395,12.2496],"texture":"#0"},"up":{"uv":[0,0,5.07395,12.2496],"texture":"#0"},"down":{"uv":[0,0,5.07395,12.2496],"texture":"#0"}}},{"name":"octagon","from":[5.46302,1.5,1.8752],"to":[10.53698,2.5,14.1248],"rotation":{"angle":0,"axis":"y","origin":[8,2.33333,8]},"faces":{"north":{"uv":[0,0,5.07395,12.2496],"texture":"#0"},"east":{"uv":[0,0,5.07395,12.2496],"texture":"#0"},"south":{"uv":[0,0,5.07395,12.2496],"texture":"#0"},"west":{"uv":[0,0,5.07395,12.2496],"texture":"#0"},"up":{"uv":[0,0,5.07395,12.2496],"texture":"#0"},"down":{"uv":[0,0,5.07395,12.2496],"texture":"#0"}}},{"name":"octagon","from":[1.8752,1.5,5.46302],"to":[14.1248,2.5,10.53698],"rotation":{"angle":45,"axis":"y","origin":[8,2.33333,8]},"faces":{"north":{"uv":[0,0,12.2496,5.07395],"texture":"#0"},"east":{"uv":[0,0,12.2496,5.07395],"texture":"#0"},"south":{"uv":[0,0,12.2496,5.07395],"texture":"#0"},"west":{"uv":[0,0,12.2496,5.07395],"texture":"#0"},"up":{"uv":[0,0,12.2496,5.07395],"texture":"#0"},"down":{"uv":[0,0,12.2496,5.07395],"texture":"#0"}}},{"name":"octagon","from":[1.8752,1.5,5.46302],"to":[14.1248,2.5,10.53698],"rotation":{"angle":0,"axis":"y","origin":[8,2.33333,8]},"faces":{"north":{"uv":[0,0,12.2496,5.07395],"texture":"#0"},"east":{"uv":[0,0,12.2496,5.07395],"texture":"#0"},"south":{"uv":[0,0,12.2496,5.07395],"texture":"#0"},"west":{"uv":[0,0,12.2496,5.07395],"texture":"#0"},"up":{"uv":[0,0,12.2496,5.07395],"texture":"#0"},"down":{"uv":[0,0,12.2496,5.07395],"texture":"#0"}}},{"name":"octagon","from":[5.80129,0.5,2.69184],"to":[10.19871,1.5,13.30816],"rotation":{"angle":45,"axis":"y","origin":[8,2.33333,8]},"faces":{"north":{"uv":[0,0,4.39742,10.61632],"texture":"#0"},"east":{"uv":[0,0,4.39742,10.61632],"texture":"#0"},"south":{"uv":[0,0,4.39742,10.61632],"texture":"#0"},"west":{"uv":[0,0,4.39742,10.61632],"texture":"#0"},"up":{"uv":[0,0,4.39742,10.61632],"texture":"#0"},"down":{"uv":[0,0,4.39742,10.61632],"texture":"#0"}}},{"name":"octagon","from":[5.80129,0.5,2.69184],"to":[10.19871,1.5,13.30816],"rotation":{"angle":0,"axis":"y","origin":[8,2.33333,8]},"faces":{"north":{"uv":[0,0,4.39742,10.61632],"texture":"#0"},"east":{"uv":[0,0,4.39742,10.61632],"texture":"#0"},"south":{"uv":[0,0,4.39742,10.61632],"texture":"#0"},"west":{"uv":[0,0,4.39742,10.61632],"texture":"#0"},"up":{"uv":[0,0,4.39742,10.61632],"texture":"#0"},"down":{"uv":[0,0,4.39742,10.61632],"texture":"#0"}}},{"name":"octagon","from":[2.69184,0.5,5.80129],"to":[13.30816,1.5,10.19871],"rotation":{"angle":45,"axis":"y","origin":[8,2.33333,8]},"faces":{"north":{"uv":[0,0,10.61632,4.39742],"texture":"#0"},"east":{"uv":[0,0,10.61632,4.39742],"texture":"#0"},"south":{"uv":[0,0,10.61632,4.39742],"texture":"#0"},"west":{"uv":[0,0,10.61632,4.39742],"texture":"#0"},"up":{"uv":[0,0,10.61632,4.39742],"texture":"#0"},"down":{"uv":[0,0,10.61632,4.39742],"texture":"#0"}}},{"name":"octagon","from":[2.69184,0.5,5.80129],"to":[13.30816,1.5,10.19871],"rotation":{"angle":0,"axis":"y","origin":[8,2.33333,8]},"faces":{"north":{"uv":[0,0,10.61632,4.39742],"texture":"#0"},"east":{"uv":[0,0,10.61632,4.39742],"texture":"#0"},"south":{"uv":[0,0,10.61632,4.39742],"texture":"#0"},"west":{"uv":[0,0,10.61632,4.39742],"texture":"#0"},"up":{"uv":[0,0,10.61632,4.39742],"texture":"#0"},"down":{"uv":[0,0,10.61632,4.39742],"texture":"#0"}}},{"name":"octagon","from":[6.07805,0.01,3.36],"to":[9.92195,1.01,12.64],"rotation":{"angle":45,"axis":"y","origin":[8,2.83333,8]},"faces":{"north":{"uv":[1,8,7.097,8.92],"texture":"#0"},"east":{"uv":[1,8,7.097,8.92],"texture":"#0"},"south":{"uv":[1,8,7.097,8.92],"texture":"#0"},"west":{"uv":[1,8,7.097,8.92],"texture":"#0"},"up":{"uv":[1,8,7.097,8.92],"texture":"#0"},"down":{"uv":[1,8,7.097,8.92],"texture":"#0"}}},{"name":"octagon","from":[6.07805,0.015,3.36],"to":[9.92195,1.015,12.64],"rotation":{"angle":0,"axis":"y","origin":[8,2.83333,8]},"faces":{"north":{"uv":[1,8,7.097,8.92],"texture":"#0"},"east":{"uv":[1,8,7.097,8.92],"texture":"#0"},"south":{"uv":[1,8,7.097,8.92],"texture":"#0"},"west":{"uv":[1,8,7.097,8.92],"texture":"#0"},"up":{"uv":[1,8,7.097,8.92],"texture":"#0"},"down":{"uv":[1,8,7.097,8.92],"texture":"#0"}}},{"name":"octagon","from":[3.36,0,6.07805],"to":[12.64,1,9.92195],"rotation":{"angle":45,"axis":"y","origin":[8,2.83333,8]},"faces":{"north":{"uv":[1,8,7.097,8.92],"texture":"#0"},"east":{"uv":[1,8,7.097,8.92],"texture":"#0"},"south":{"uv":[1,8,7.097,8.92],"texture":"#0"},"west":{"uv":[1,8,7.097,8.92],"texture":"#0"},"up":{"uv":[1,8,7.097,8.92],"texture":"#0"},"down":{"uv":[1,8,7.097,8.92],"texture":"#0"}}},{"name":"octagon","from":[3.36,0.012,6.07805],"to":[12.64,1.012,9.92195],"rotation":{"angle":0,"axis":"y","origin":[8,2.83333,8]},"faces":{"north":{"uv":[1,8,7.097,8.92],"texture":"#0"},"east":{"uv":[1,8,7.097,8.92],"texture":"#0"},"south":{"uv":[1,8,7.097,8.92],"texture":"#0"},"west":{"uv":[1,8,7.097,8.92],"texture":"#0"},"up":{"uv":[1,8,7.097,8.92],"texture":"#0"},"down":{"uv":[1,8,7.097,8.92],"texture":"#0"}}},{"from":[6.23684,3.5,4.94737],"to":[11.23684,4.5,9.94737],"rotation":{"angle":0,"axis":"y","origin":[18.23684,11.5,16.94737]},"faces":{"north":{"uv":[6,7,9,10],"texture":"#1"},"east":{"uv":[6,7,9,10],"texture":"#1"},"south":{"uv":[6,7,9,10],"texture":"#1"},"west":{"uv":[6,7,9,10],"texture":"#1"},"up":{"uv":[6,7,9,10],"texture":"#1"},"down":{"uv":[6,7,9,10],"texture":"#1"}}},{"from":[6.23684,4.5,5.94737],"to":[10.23684,5.5,9.94737],"rotation":{"angle":0,"axis":"y","origin":[18.23684,11.5,16.94737]},"faces":{"north":{"uv":[6,7,9,10],"texture":"#1"},"east":{"uv":[6,7,9,10],"texture":"#1"},"south":{"uv":[6,7,9,10],"texture":"#1"},"west":{"uv":[6,7,9,10],"texture":"#1"},"up":{"uv":[6,7,9,10],"texture":"#1"},"down":{"uv":[6,7,9,10],"texture":"#1"}}},{"from":[5.23684,3.5,5.94737],"to":[10.23684,4.5,10.94737],"rotation":{"angle":0,"axis":"y","origin":[18.23684,11.5,16.94737]},"faces":{"north":{"uv":[6,7,9,10],"texture":"#1"},"east":{"uv":[6,7,9,10],"texture":"#1"},"south":{"uv":[6,7,9,10],"texture":"#1"},"west":{"uv":[6,7,9,10],"texture":"#1"},"up":{"uv":[6,7,9,10],"texture":"#1"},"down":{"uv":[6,7,9,10],"texture":"#1"}}},{"from":[4.23684,3.5,6.94737],"to":[5.23684,4.5,9.94737],"rotation":{"angle":0,"axis":"y","origin":[18.23684,11.5,16.94737]},"faces":{"north":{"uv":[6,7,9,10],"texture":"#1"},"east":{"uv":[6,7,9,10],"texture":"#1"},"south":{"uv":[6,7,9,10],"texture":"#1"},"west":{"uv":[6,7,9,10],"texture":"#1"},"up":{"uv":[6,7,9,10],"texture":"#1"},"down":{"uv":[6,7,9,10],"texture":"#1"}}},{"from":[11.23684,3.5,5.94737],"to":[12.23684,4.5,8.94737],"rotation":{"angle":0,"axis":"y","origin":[18.23684,11.5,16.94737]},"faces":{"north":{"uv":[6,7,9,10],"texture":"#1"},"east":{"uv":[6,7,9,10],"texture":"#1"},"south":{"uv":[6,7,9,10],"texture":"#1"},"west":{"uv":[6,7,9,10],"texture":"#1"},"up":{"uv":[6,7,9,10],"texture":"#1"},"down":{"uv":[6,7,9,10],"texture":"#1"}}},{"from":[7.23684,3.5,3.94737],"to":[9.23684,4.5,4.94737],"rotation":{"angle":0,"axis":"y","origin":[18.23684,11.5,16.94737]},"faces":{"north":{"uv":[6,7,9,10],"texture":"#1"},"east":{"uv":[6,7,9,10],"texture":"#1"},"south":{"uv":[6,7,9,10],"texture":"#1"},"west":{"uv":[6,7,9,10],"texture":"#1"},"up":{"uv":[6,7,9,10],"texture":"#1"},"down":{"uv":[6,7,9,10],"texture":"#1"}}},{"from":[7.23684,4.5,4.94737],"to":[8.23684,5.5,5.94737],"rotation":{"angle":0,"axis":"y","origin":[18.23684,11.5,16.94737]},"faces":{"north":{"uv":[6,7,9,10],"texture":"#1"},"east":{"uv":[6,7,9,10],"texture":"#1"},"south":{"uv":[6,7,9,10],"texture":"#1"},"west":{"uv":[6,7,9,10],"texture":"#1"},"up":{"uv":[6,7,9,10],"texture":"#1"},"down":{"uv":[6,7,9,10],"texture":"#1"}}},{"from":[5.23684,4.5,7.94737],"to":[6.23684,5.5,8.94737],"rotation":{"angle":0,"axis":"y","origin":[18.23684,11.5,16.94737]},"faces":{"north":{"uv":[6,7,9,10],"texture":"#1"},"east":{"uv":[6,7,9,10],"texture":"#1"},"south":{"uv":[6,7,9,10],"texture":"#1"},"west":{"uv":[6,7,9,10],"texture":"#1"},"up":{"uv":[6,7,9,10],"texture":"#1"},"down":{"uv":[6,7,9,10],"texture":"#1"}}},{"from":[8.23684,4.5,9.94737],"to":[9.23684,5.5,10.94737],"rotation":{"angle":0,"axis":"y","origin":[18.23684,11.5,16.94737]},"faces":{"north":{"uv":[6,7,9,10],"texture":"#1"},"east":{"uv":[6,7,9,10],"texture":"#1"},"south":{"uv":[6,7,9,10],"texture":"#1"},"west":{"uv":[6,7,9,10],"texture":"#1"},"up":{"uv":[6,7,9,10],"texture":"#1"},"down":{"uv":[6,7,9,10],"texture":"#1"}}},{"from":[7.23684,3.5,10.94737],"to":[8.23684,4.5,12.94737],"rotation":{"angle":0,"axis":"y","origin":[18.23684,11.5,16.94737]},"faces":{"north":{"uv":[6,7,9,10],"texture":"#1"},"east":{"uv":[6,7,9,10],"texture":"#1"},"south":{"uv":[6,7,9,10],"texture":"#1"},"west":{"uv":[6,7,9,10],"texture":"#1"},"up":{"uv":[6,7,9,10],"texture":"#1"},"down":{"uv":[6,7,9,10],"texture":"#1"}}},{"from":[8.23684,3.25,11.94737],"to":[9.23684,4.25,12.94737],"rotation":{"angle":0,"axis":"y","origin":[18.23684,11.5,16.94737]},"faces":{"north":{"uv":[6,7,9,10],"texture":"#1"},"east":{"uv":[6,7,9,10],"texture":"#1"},"south":{"uv":[6,7,9,10],"texture":"#1"},"west":{"uv":[6,7,9,10],"texture":"#1"},"up":{"uv":[6,7,9,10],"texture":"#1"},"down":{"uv":[6,7,9,10],"texture":"#1"}}},{"from":[11.23684,3.25,10.94737],"to":[12.23684,4.25,11.94737],"rotation":{"angle":0,"axis":"y","origin":[18.23684,11.5,16.94737]},"faces":{"north":{"uv":[6,7,9,10],"texture":"#1"},"east":{"uv":[6,7,9,10],"texture":"#1"},"south":{"uv":[6,7,9,10],"texture":"#1"},"west":{"uv":[6,7,9,10],"texture":"#1"},"up":{"uv":[6,7,9,10],"texture":"#1"},"down":{"uv":[6,7,9,10],"texture":"#1"}}},{"from":[12.23684,3.25,5.94737],"to":[13.23684,4.25,6.94737],"rotation":{"angle":0,"axis":"y","origin":[18.23684,11.5,16.94737]},"faces":{"north":{"uv":[6,7,9,10],"texture":"#1"},"east":{"uv":[6,7,9,10],"texture":"#1"},"south":{"uv":[6,7,9,10],"texture":"#1"},"west":{"uv":[6,7,9,10],"texture":"#1"},"up":{"uv":[6,7,9,10],"texture":"#1"},"down":{"uv":[6,7,9,10],"texture":"#1"}}},{"from":[4.23684,3,11.94737],"to":[5.23684,4,12.94737],"rotation":{"angle":0,"axis":"y","origin":[18.23684,11.5,16.94737]},"faces":{"north":{"uv":[6,7,9,10],"texture":"#1"},"east":{"uv":[6,7,9,10],"texture":"#1"},"south":{"uv":[6,7,9,10],"texture":"#1"},"west":{"uv":[6,7,9,10],"texture":"#1"},"up":{"uv":[6,7,9,10],"texture":"#1"},"down":{"uv":[6,7,9,10],"texture":"#1"}}},{"from":[9.23684,3,10.94737],"to":[10.23684,4,11.94737],"rotation":{"angle":0,"axis":"y","origin":[18.23684,11.5,16.94737]},"faces":{"north":{"uv":[6,7,9,10],"texture":"#1"},"east":{"uv":[6,7,9,10],"texture":"#1"},"south":{"uv":[6,7,9,10],"texture":"#1"},"west":{"uv":[6,7,9,10],"texture":"#1"},"up":{"uv":[6,7,9,10],"texture":"#1"},"down":{"uv":[6,7,9,10],"texture":"#1"}}},{"from":[13.23684,3,6.94737],"to":[14.23684,4,7.94737],"rotation":{"angle":0,"axis":"y","origin":[18.23684,11.5,16.94737]},"faces":{"north":{"uv":[6,7,9,10],"texture":"#1"},"east":{"uv":[6,7,9,10],"texture":"#1"},"south":{"uv":[6,7,9,10],"texture":"#1"},"west":{"uv":[6,7,9,10],"texture":"#1"},"up":{"uv":[6,7,9,10],"texture":"#1"},"down":{"uv":[6,7,9,10],"texture":"#1"}}},{"from":[5.23684,3,1.94737],"to":[6.23684,4,2.94737],"rotation":{"angle":0,"axis":"y","origin":[18.23684,11.5,16.94737]},"faces":{"north":{"uv":[6,7,9,10],"texture":"#1"},"east":{"uv":[6,7,9,10],"texture":"#1"},"south":{"uv":[6,7,9,10],"texture":"#1"},"west":{"uv":[6,7,9,10],"texture":"#1"},"up":{"uv":[6,7,9,10],"texture":"#1"},"down":{"uv":[6,7,9,10],"texture":"#1"}}},{"from":[2.23684,3,9.94737],"to":[4.23684,4,10.94737],"rotation":{"angle":0,"axis":"y","origin":[18.23684,11.5,16.94737]},"faces":{"north":{"uv":[6,7,9,10],"texture":"#1"},"east":{"uv":[6,7,9,10],"texture":"#1"},"south":{"uv":[6,7,9,10],"texture":"#1"},"west":{"uv":[6,7,9,10],"texture":"#1"},"up":{"uv":[6,7,9,10],"texture":"#1"},"down":{"uv":[6,7,9,10],"texture":"#1"}}},{"from":[6.23684,3,11.94737],"to":[7.23684,4,12.94737],"rotation":{"angle":0,"axis":"y","origin":[18.23684,11.5,16.94737]},"faces":{"north":{"uv":[6,7,9,10],"texture":"#1"},"east":{"uv":[6,7,9,10],"texture":"#1"},"south":{"uv":[6,7,9,10],"texture":"#1"},"west":{"uv":[6,7,9,10],"texture":"#1"},"up":{"uv":[6,7,9,10],"texture":"#1"},"down":{"uv":[6,7,9,10],"texture":"#1"}}},{"from":[8.23684,3,12.94737],"to":[10.23684,4,13.94737],"rotation":{"angle":0,"axis":"y","origin":[18.23684,11.5,16.94737]},"faces":{"north":{"uv":[6,7,9,10],"texture":"#1"},"east":{"uv":[6,7,9,10],"texture":"#1"},"south":{"uv":[6,7,9,10],"texture":"#1"},"west":{"uv":[6,7,9,10],"texture":"#1"},"up":{"uv":[6,7,9,10],"texture":"#1"},"down":{"uv":[6,7,9,10],"texture":"#1"}}},{"from":[3.23684,3.5,10.94737],"to":[4.23684,4.5,11.94737],"rotation":{"angle":0,"axis":"y","origin":[18.23684,11.5,16.94737]},"faces":{"north":{"uv":[6,7,9,10],"texture":"#1"},"east":{"uv":[6,7,9,10],"texture":"#1"},"south":{"uv":[6,7,9,10],"texture":"#1"},"west":{"uv":[6,7,9,10],"texture":"#1"},"up":{"uv":[6,7,9,10],"texture":"#1"},"down":{"uv":[6,7,9,10],"texture":"#1"}}},{"from":[3.23684,3,4.94737],"to":[4.23684,4,5.94737],"rotation":{"angle":0,"axis":"y","origin":[18.23684,11.5,16.94737]},"faces":{"north":{"uv":[6,7,9,10],"texture":"#1"},"east":{"uv":[6,7,9,10],"texture":"#1"},"south":{"uv":[6,7,9,10],"texture":"#1"},"west":{"uv":[6,7,9,10],"texture":"#1"},"up":{"uv":[6,7,9,10],"texture":"#1"},"down":{"uv":[6,7,9,10],"texture":"#1"}}},{"from":[4.23684,3,2.94737],"to":[7.23684,4,3.94737],"rotation":{"angle":0,"axis":"y","origin":[21.23684,11.5,14.94737]},"faces":{"north":{"uv":[6,7,9,10],"texture":"#1"},"east":{"uv":[6,7,9,10],"texture":"#1"},"south":{"uv":[6,7,9,10],"texture":"#1"},"west":{"uv":[6,7,9,10],"texture":"#1"},"up":{"uv":[6,7,9,10],"texture":"#1"},"down":{"uv":[6,7,9,10],"texture":"#1"}}},{"from":[5.23684,3.25,3.94737],"to":[6.23684,4.25,4.94737],"rotation":{"angle":0,"axis":"y","origin":[18.23684,11.5,16.94737]},"faces":{"north":{"uv":[6,7,9,10],"texture":"#1"},"east":{"uv":[6,7,9,10],"texture":"#1"},"south":{"uv":[6,7,9,10],"texture":"#1"},"west":{"uv":[6,7,9,10],"texture":"#1"},"up":{"uv":[6,7,9,10],"texture":"#1"},"down":{"uv":[6,7,9,10],"texture":"#1"}}},{"from":[8.23684,3.25,1.94737],"to":[9.23684,4.25,2.94737],"rotation":{"angle":0,"axis":"y","origin":[21.23684,11.5,14.94737]},"faces":{"north":{"uv":[6,7,9,10],"texture":"#1"},"east":{"uv":[6,7,9,10],"texture":"#1"},"south":{"uv":[6,7,9,10],"texture":"#1"},"west":{"uv":[6,7,9,10],"texture":"#1"},"up":{"uv":[6,7,9,10],"texture":"#1"},"down":{"uv":[6,7,9,10],"texture":"#1"}}},{"from":[10.23684,3.25,2.94737],"to":[11.23684,4.25,3.94737],"rotation":{"angle":0,"axis":"y","origin":[18.23684,11.25,16.94737]},"faces":{"north":{"uv":[6,7,9,10],"texture":"#1"},"east":{"uv":[6,7,9,10],"texture":"#1"},"south":{"uv":[6,7,9,10],"texture":"#1"},"west":{"uv":[6,7,9,10],"texture":"#1"},"up":{"uv":[6,7,9,10],"texture":"#1"},"down":{"uv":[6,7,9,10],"texture":"#1"}}},{"from":[3.23684,3.25,7.94737],"to":[4.23684,4.25,8.94737],"rotation":{"angle":0,"axis":"y","origin":[3.23684,3.75,8.19737]},"faces":{"north":{"uv":[6,7,9,10],"rotation":180,"texture":"#1"},"east":{"uv":[6,7,9,10],"rotation":180,"texture":"#1"},"south":{"uv":[6,7,9,10],"rotation":180,"texture":"#1"},"west":{"uv":[6,7,9,10],"rotation":180,"texture":"#1"},"up":{"uv":[6,7,9,10],"rotation":180,"texture":"#1"},"down":{"uv":[6,7,9,10],"rotation":180,"texture":"#1"}}},{"from":[12.23684,3,8.94737],"to":[13.23684,4,10.94737],"rotation":{"angle":0,"axis":"y","origin":[18.23684,11.5,16.94737]},"faces":{"north":{"uv":[6,7,9,10],"texture":"#1"},"east":{"uv":[6,7,9,10],"texture":"#1"},"south":{"uv":[6,7,9,10],"texture":"#1"},"west":{"uv":[6,7,9,10],"texture":"#1"},"up":{"uv":[6,7,9,10],"texture":"#1"},"down":{"uv":[6,7,9,10],"texture":"#1"}}},{"from":[11.23684,3.25,2.94737],"to":[12.23684,4.25,4.94737],"rotation":{"angle":0,"axis":"y","origin":[18.23684,11.25,16.94737]},"faces":{"north":{"uv":[6,7,9,10],"texture":"#1"},"east":{"uv":[6,7,9,10],"texture":"#1"},"south":{"uv":[6,7,9,10],"texture":"#1"},"west":{"uv":[6,7,9,10],"texture":"#1"},"up":{"uv":[6,7,9,10],"texture":"#1"},"down":{"uv":[6,7,9,10],"texture":"#1"}}},{"from":[2.23684,3.25,6.94737],"to":[3.23684,4.25,8.94737],"rotation":{"angle":0,"axis":"y","origin":[3.23684,3.75,8.19737]},"faces":{"north":{"uv":[6,7,9,10],"rotation":180,"texture":"#1"},"east":{"uv":[6,7,9,10],"rotation":180,"texture":"#1"},"south":{"uv":[6,7,9,10],"rotation":180,"texture":"#1"},"west":{"uv":[6,7,9,10],"rotation":180,"texture":"#1"},"up":{"uv":[6,7,9,10],"rotation":180,"texture":"#1"},"down":{"uv":[6,7,9,10],"rotation":180,"texture":"#1"}}},{"from":[10.23684,4.5,6.94737],"to":[11.23684,5.5,8.94737],"rotation":{"angle":0,"axis":"y","origin":[18.23684,11.5,16.94737]},"faces":{"north":{"uv":[6,7,9,10],"texture":"#1"},"east":{"uv":[6,7,9,10],"texture":"#1"},"south":{"uv":[6,7,9,10],"texture":"#1"},"west":{"uv":[6,7,9,10],"texture":"#1"},"up":{"uv":[6,7,9,10],"texture":"#1"},"down":{"uv":[6,7,9,10],"texture":"#1"}}}],"display":{"thirdperson_righthand":{"rotation":[75,90,0],"translation":[-5.5,2,4.5],"scale":[0.72266,0.72266,0.72266]},"thirdperson_lefthand":{"rotation":[75,90,0],"translation":[-5.5,2,4.5],"scale":[0.72266,0.72266,0.72266]},"firstperson_righthand":{"rotation":[0,31.75,6.5],"translation":[0,4.5,0],"scale":[0.45859,0.45859,0.45859]},"firstperson_lefthand":{"rotation":[0,31.75,6.5],"translation":[0,4.5,0],"scale":[0.45859,0.45859,0.45859]},"ground":{"translation":[0,3.5,0],"scale":[0.89258,0.89258,0.89258]},"gui":{"rotation":[30,-70,0],"translation":[0,4.5,0],"scale":[0.9832,0.9832,0.9832]},"head":{"rotation":[0,90,0],"translation":[0,-32,0],"scale":[1.25,1.25,1.25]},"fixed":{"rotation":[-90,0,0],"translation":[0,0,-15],"scale":[2,2,2]}},"groups":[{"name":"Basket","origin":[8,8,8],"children":[{"name":"octagon","origin":[8,8,8],"children":[0,1,2,3,4,5,6,7]},{"name":"octagon","origin":[8,8,8],"children":[8,9,10,11]},{"name":"octagon","origin":[8,8,8],"children":[12,13,14,15]},{"name":"octagon","origin":[8,8,8],"children":[16,17,18,19]},{"name":"octagon","origin":[8,8,8],"children":[20,21,22,23]}]},{"name":"group","origin":[18.23684,11.5,16.94737],"children":[24,25,26,27,28,29,30,31,32,33,34,35,36,37,38,39,40,41,42,43,44,45,46,47,48,49,50,51,52,53,54]}]}