{"credit":"Madebyspike5032","textures":{"1":"block/white_concrete_powder","2":"block/stripped_dark_oak_log","3":"block/black_concrete_powder","4":"block/anvil","5":"block/dark_oak_log","particle":"block/black_concrete_powder"},"elements":[{"from":[-14.975,15,0],"to":[-10.975,18,8],"rotation":{"angle":0,"axis":"y","origin":[-22,24,19]},"faces":{"north":{"uv":[1,3,2,4],"texture":"#5"},"east":{"uv":[1,3,2,4],"texture":"#5"},"south":{"uv":[1,3,2,4],"texture":"#5"},"west":{"uv":[1,3,2,4],"texture":"#5"},"up":{"uv":[1,3,2,4],"texture":"#5"},"down":{"uv":[1,3,2,4],"texture":"#5"}}},{"from":[-14.975,17.85355,0.06066],"to":[-11.025,18.85355,1.47487],"rotation":{"angle":-45,"axis":"x","origin":[-13,18.35355,1.06066]},"faces":{"north":{"uv":[1,3,2,4],"texture":"#5"},"east":{"uv":[1,3,2,4],"texture":"#5"},"south":{"uv":[1,3,2,4],"texture":"#5"},"west":{"uv":[1,3,2,4],"texture":"#5"},"up":{"uv":[1,3,2,4],"texture":"#5"},"down":{"uv":[1,3,2,4],"texture":"#5"}}},{"from":[-14.95,14,1],"to":[-11,19,8],"rotation":{"angle":0,"axis":"y","origin":[-22,24,19]},"faces":{"north":{"uv":[1,3,2,4],"texture":"#5"},"east":{"uv":[1,3,2,4],"texture":"#5"},"south":{"uv":[1,3,2,4],"texture":"#5"},"west":{"uv":[1,3,2,4],"texture":"#5"},"up":{"uv":[1,3,2,4],"texture":"#5"},"down":{"uv":[1,3,2,4],"texture":"#5"}}},{"from":[-14.925,17.85355,5.06066],"to":[-11.025,19.85355,8.47487],"rotation":{"angle":-45,"axis":"x","origin":[-13,19.35355,6.06066]},"faces":{"north":{"uv":[1,3,2,4],"texture":"#5"},"east":{"uv":[1,3,2,4],"texture":"#5"},"south":{"uv":[1,3,2,4],"texture":"#5"},"west":{"uv":[1,3,2,4],"texture":"#5"},"up":{"uv":[1,3,2,4],"texture":"#5"},"down":{"uv":[1,3,2,4],"texture":"#5"}}},{"from":[-15.25,0,6],"to":[-11,30.25,7],"rotation":{"angle":0,"axis":"y","origin":[-22,24,19]},"faces":{"north":{"uv":[1,3,2,4],"texture":"#5"},"east":{"uv":[1,3,2,4],"texture":"#5"},"south":{"uv":[1,3,2,4],"texture":"#5"},"west":{"uv":[1,3,2,4],"texture":"#5"},"up":{"uv":[1,3,2,4],"texture":"#5"},"down":{"uv":[1,3,2,4],"texture":"#5"}}},{"from":[-14.25,11,1.75],"to":[-11.75,14,4.25],"rotation":{"angle":0,"axis":"y","origin":[-22,16,19]},"faces":{"north":{"uv":[1,3,2,4],"texture":"#5"},"east":{"uv":[1,3,2,4],"texture":"#5"},"south":{"uv":[1,3,2,4],"texture":"#5"},"west":{"uv":[1,3,2,4],"texture":"#5"},"up":{"uv":[1,3,2,4],"texture":"#5"},"down":{"uv":[1,3,2,4],"texture":"#5"}}},{"from":[-14.975,14.35355,0.14645],"to":[-11.025,15.35355,1.56066],"rotation":{"angle":45,"axis":"x","origin":[-13,14.85355,0.85355]},"faces":{"north":{"uv":[1,3,2,4],"texture":"#5"},"east":{"uv":[1,3,2,4],"texture":"#5"},"south":{"uv":[1,3,2,4],"texture":"#5"},"west":{"uv":[1,3,2,4],"texture":"#5"},"up":{"uv":[1,3,2,4],"texture":"#5"},"down":{"uv":[1,3,2,4],"texture":"#5"}}},{"from":[-14,6,2],"to":[-12,16,4],"rotation":{"angle":0,"axis":"y","origin":[-22,8,19]},"faces":{"north":{"uv":[1,3,2,4],"texture":"#5"},"east":{"uv":[1,3,2,4],"texture":"#5"},"south":{"uv":[1,3,2,4],"texture":"#5"},"west":{"uv":[1,3,2,4],"texture":"#5"},"up":{"uv":[1,3,2,4],"texture":"#5"},"down":{"uv":[1,3,2,4],"texture":"#5"}}},{"from":[-14.25,3,1.75],"to":[-11.75,6,4.25],"rotation":{"angle":0,"axis":"y","origin":[-22,8,19]},"faces":{"north":{"uv":[1,3,2,4],"texture":"#5"},"east":{"uv":[1,3,2,4],"texture":"#5"},"south":{"uv":[1,3,2,4],"texture":"#5"},"west":{"uv":[1,3,2,4],"texture":"#5"},"up":{"uv":[1,3,2,4],"texture":"#5"},"down":{"uv":[1,3,2,4],"texture":"#5"}}},{"from":[-15.25,2,1],"to":[-11,3,15],"rotation":{"angle":0,"axis":"y","origin":[-22,8,19]},"faces":{"north":{"uv":[1,3,2,4],"texture":"#5"},"east":{"uv":[1,3,2,4],"texture":"#5"},"south":{"uv":[1,3,2,4],"texture":"#5"},"west":{"uv":[1,3,2,4],"texture":"#5"},"up":{"uv":[1,3,2,4],"texture":"#5"},"down":{"uv":[1,3,2,4],"texture":"#5"}}},{"from":[-15.225,1.85355,0.06066],"to":[-11,2.85355,1.47487],"rotation":{"angle":-45,"axis":"x","origin":[-13,2.35355,1.06066]},"faces":{"north":{"uv":[1,3,2,4],"texture":"#5"},"east":{"uv":[1,3,2,4],"texture":"#5"},"south":{"uv":[1,3,2,4],"texture":"#5"},"west":{"uv":[1,3,2,4],"texture":"#5"},"up":{"uv":[1,3,2,4],"texture":"#5"},"down":{"uv":[1,3,2,4],"texture":"#5"}}},{"from":[-15.25,0,0],"to":[-11,2,15],"rotation":{"angle":0,"axis":"y","origin":[-22,8,19]},"faces":{"north":{"uv":[1,3,2,4],"texture":"#5"},"east":{"uv":[1,3,2,4],"texture":"#5"},"south":{"uv":[1,3,2,4],"texture":"#5"},"west":{"uv":[1,3,2,4],"texture":"#5"},"up":{"uv":[1,3,2,4],"texture":"#5"},"down":{"uv":[1,3,2,4],"texture":"#5"}}},{"from":[-11,0,6],"to":[13,3,15],"rotation":{"angle":0,"axis":"y","origin":[24,6,19]},"faces":{"north":{"uv":[1,3,2,4],"texture":"#5"},"east":{"uv":[1,3,2,4],"texture":"#5"},"south":{"uv":[1,3,2,4],"texture":"#5"},"west":{"uv":[1,3,2,4],"texture":"#5"},"up":{"uv":[1,3,2,4],"texture":"#5"},"down":{"uv":[1,3,2,4],"texture":"#5"}}},{"from":[-11,14,1],"to":[13,16,8],"rotation":{"angle":0,"axis":"y","origin":[24,24,19]},"faces":{"north":{"uv":[3,2,4,3],"texture":"#5"},"east":{"uv":[3,2,4,3],"texture":"#5"},"south":{"uv":[3,2,4,3],"texture":"#5"},"west":{"uv":[3,2,4,3],"texture":"#5"},"up":{"uv":[3,2,4,3],"texture":"#5"},"down":{"uv":[3,2,4,3],"texture":"#5"}}},{"from":[11,16,1],"to":[13,17,8.1],"rotation":{"angle":0,"axis":"y","origin":[26,24,19]},"faces":{"north":{"uv":[3,2,4,3],"rotation":90,"texture":"#5"},"east":{"uv":[3,2,4,3],"rotation":90,"texture":"#5"},"south":{"uv":[3,2,4,3],"rotation":90,"texture":"#5"},"west":{"uv":[3,2,4,3],"rotation":90,"texture":"#5"},"up":{"uv":[3,2,4,3],"rotation":90,"texture":"#5"},"down":{"uv":[3,2,4,3],"rotation":90,"texture":"#5"}}},{"from":[1,17.25,6.25],"to":[13,18.2,6.5],"rotation":{"angle":0,"axis":"y","origin":[24,18.75,19]},"faces":{"north":{"uv":[3,2,4,3],"texture":"#5"},"east":{"uv":[3,2,4,3],"texture":"#5"},"south":{"uv":[3,2,4,3],"texture":"#5"},"west":{"uv":[3,2,4,3],"texture":"#5"},"up":{"uv":[3,2,4,3],"texture":"#5"},"down":{"uv":[3,2,4,3],"texture":"#5"}}},{"from":[1,16.75,6.5],"to":[13,18.75,7],"rotation":{"angle":0,"axis":"y","origin":[24,18.75,19]},"faces":{"north":{"uv":[3,2,4,3],"texture":"#5"},"east":{"uv":[3,2,4,3],"texture":"#5"},"south":{"uv":[3,2,4,3],"texture":"#5"},"west":{"uv":[3,2,4,3],"texture":"#5"},"up":{"uv":[3,2,4,3],"texture":"#5"},"down":{"uv":[3,2,4,3],"texture":"#5"}}},{"from":[-11,17.25,6.25],"to":[1,18.2,6.5],"rotation":{"angle":0,"axis":"y","origin":[-22,18.75,19]},"faces":{"north":{"uv":[3,2,4,3],"texture":"#5"},"east":{"uv":[3,2,4,3],"texture":"#5"},"south":{"uv":[3,2,4,3],"texture":"#5"},"west":{"uv":[3,2,4,3],"texture":"#5"},"up":{"uv":[3,2,4,3],"texture":"#5"},"down":{"uv":[3,2,4,3],"texture":"#5"}}},{"from":[-11,16.75,6.5],"to":[1,18.75,7],"rotation":{"angle":0,"axis":"y","origin":[-22,18.75,19]},"faces":{"north":{"uv":[3,2,4,3],"texture":"#5"},"east":{"uv":[3,2,4,3],"texture":"#5"},"south":{"uv":[3,2,4,3],"texture":"#5"},"west":{"uv":[3,2,4,3],"texture":"#5"},"up":{"uv":[3,2,4,3],"texture":"#5"},"down":{"uv":[3,2,4,3],"texture":"#5"}}},{"from":[-11,16,1],"to":[-9,17,8.1],"rotation":{"angle":0,"axis":"y","origin":[-24,24,19]},"faces":{"north":{"uv":[3,2,4,3],"rotation":90,"texture":"#5"},"east":{"uv":[3,2,4,3],"rotation":90,"texture":"#5"},"south":{"uv":[3,2,4,3],"rotation":90,"texture":"#5"},"west":{"uv":[3,2,4,3],"rotation":90,"texture":"#5"},"up":{"uv":[3,2,4,3],"rotation":90,"texture":"#5"},"down":{"uv":[3,2,4,3],"rotation":90,"texture":"#5"}}},{"from":[13,0,6],"to":[17.25,30.25,7],"rotation":{"angle":0,"axis":"y","origin":[24,24,19]},"faces":{"north":{"uv":[1,3,2,4],"texture":"#5"},"east":{"uv":[1,3,2,4],"texture":"#5"},"south":{"uv":[1,3,2,4],"texture":"#5"},"west":{"uv":[1,3,2,4],"texture":"#5"},"up":{"uv":[1,3,2,4],"texture":"#5"},"down":{"uv":[1,3,2,4],"texture":"#5"}}},{"from":[13.025,17.85355,5.06066],"to":[16.975,19.85355,8.47487],"rotation":{"angle":-45,"axis":"x","origin":[15,19.35355,6.06066]},"faces":{"north":{"uv":[1,3,2,4],"texture":"#5"},"east":{"uv":[1,3,2,4],"texture":"#5"},"south":{"uv":[1,3,2,4],"texture":"#5"},"west":{"uv":[1,3,2,4],"texture":"#5"},"up":{"uv":[1,3,2,4],"texture":"#5"},"down":{"uv":[1,3,2,4],"texture":"#5"}}},{"from":[13,14,1],"to":[17,19,7],"rotation":{"angle":0,"axis":"y","origin":[24,24,19]},"faces":{"north":{"uv":[1,3,2,4],"texture":"#5"},"east":{"uv":[1,3,2,4],"texture":"#5"},"south":{"uv":[1,3,2,4],"texture":"#5"},"west":{"uv":[1,3,2,4],"texture":"#5"},"up":{"uv":[1,3,2,4],"texture":"#5"},"down":{"uv":[1,3,2,4],"texture":"#5"}}},{"from":[13.025,17.85355,0.06066],"to":[16.975,18.85355,1.47487],"rotation":{"angle":-45,"axis":"x","origin":[15,18.35355,1.06066]},"faces":{"north":{"uv":[1,3,2,4],"texture":"#5"},"east":{"uv":[1,3,2,4],"texture":"#5"},"south":{"uv":[1,3,2,4],"texture":"#5"},"west":{"uv":[1,3,2,4],"texture":"#5"},"up":{"uv":[1,3,2,4],"texture":"#5"},"down":{"uv":[1,3,2,4],"texture":"#5"}}},{"from":[12.975,15,0],"to":[17.025,18,7],"rotation":{"angle":0,"axis":"y","origin":[24,24,19]},"faces":{"north":{"uv":[1,3,2,4],"texture":"#5"},"east":{"uv":[1,3,2,4],"texture":"#5"},"south":{"uv":[1,3,2,4],"texture":"#5"},"west":{"uv":[1,3,2,4],"texture":"#5"},"up":{"uv":[1,3,2,4],"texture":"#5"},"down":{"uv":[1,3,2,4],"texture":"#5"}}},{"from":[13.025,14.35355,0.14645],"to":[16.975,15.35355,1.56066],"rotation":{"angle":45,"axis":"x","origin":[15,14.85355,0.85355]},"faces":{"north":{"uv":[1,3,2,4],"texture":"#5"},"east":{"uv":[1,3,2,4],"texture":"#5"},"south":{"uv":[1,3,2,4],"texture":"#5"},"west":{"uv":[1,3,2,4],"texture":"#5"},"up":{"uv":[1,3,2,4],"texture":"#5"},"down":{"uv":[1,3,2,4],"texture":"#5"}}},{"from":[13.75,11,1.75],"to":[16.25,14,4.25],"rotation":{"angle":0,"axis":"y","origin":[24,16,19]},"faces":{"north":{"uv":[1,3,2,4],"texture":"#5"},"east":{"uv":[1,3,2,4],"texture":"#5"},"south":{"uv":[1,3,2,4],"texture":"#5"},"west":{"uv":[1,3,2,4],"texture":"#5"},"up":{"uv":[1,3,2,4],"texture":"#5"},"down":{"uv":[1,3,2,4],"texture":"#5"}}},{"from":[14,6,2],"to":[16,16,4],"rotation":{"angle":0,"axis":"y","origin":[24,8,19]},"faces":{"north":{"uv":[1,3,2,4],"texture":"#5"},"east":{"uv":[1,3,2,4],"texture":"#5"},"south":{"uv":[1,3,2,4],"texture":"#5"},"west":{"uv":[1,3,2,4],"texture":"#5"},"up":{"uv":[1,3,2,4],"texture":"#5"},"down":{"uv":[1,3,2,4],"texture":"#5"}}},{"from":[13,1.85355,0.06066],"to":[17.25,2.85355,1.47487],"rotation":{"angle":-45,"axis":"x","origin":[15,2.35355,1.06066]},"faces":{"north":{"uv":[1,3,2,4],"texture":"#5"},"east":{"uv":[1,3,2,4],"texture":"#5"},"south":{"uv":[1,3,2,4],"texture":"#5"},"west":{"uv":[1,3,2,4],"texture":"#5"},"up":{"uv":[1,3,2,4],"texture":"#5"},"down":{"uv":[1,3,2,4],"texture":"#5"}}},{"from":[13,0,0],"to":[17.25,2,15],"rotation":{"angle":0,"axis":"y","origin":[24,8,19]},"faces":{"north":{"uv":[1,3,2,4],"texture":"#5"},"east":{"uv":[1,3,2,4],"texture":"#5"},"south":{"uv":[1,3,2,4],"texture":"#5"},"west":{"uv":[1,3,2,4],"texture":"#5"},"up":{"uv":[1,3,2,4],"texture":"#5"},"down":{"uv":[1,3,2,4],"texture":"#5"}}},{"from":[13,2,1],"to":[17.25,3,15],"rotation":{"angle":0,"axis":"y","origin":[24,8,19]},"faces":{"north":{"uv":[1,3,2,4],"texture":"#5"},"east":{"uv":[1,3,2,4],"texture":"#5"},"south":{"uv":[1,3,2,4],"texture":"#5"},"west":{"uv":[1,3,2,4],"texture":"#5"},"up":{"uv":[1,3,2,4],"texture":"#5"},"down":{"uv":[1,3,2,4],"texture":"#5"}}},{"from":[13.75,3,1.75],"to":[16.25,6,4.25],"rotation":{"angle":0,"axis":"y","origin":[24,8,19]},"faces":{"north":{"uv":[1,3,2,4],"texture":"#5"},"east":{"uv":[1,3,2,4],"texture":"#5"},"south":{"uv":[1,3,2,4],"texture":"#5"},"west":{"uv":[1,3,2,4],"texture":"#5"},"up":{"uv":[1,3,2,4],"texture":"#5"},"down":{"uv":[1,3,2,4],"texture":"#5"}}},{"from":[12.75,0,15],"to":[17.25,30.05,16],"rotation":{"angle":0,"axis":"y","origin":[23.75,24,28]},"faces":{"north":{"uv":[1,3,2,4],"texture":"#5"},"east":{"uv":[1,3,2,4],"texture":"#5"},"south":{"uv":[1,3,2,4],"texture":"#5"},"west":{"uv":[1,3,2,4],"texture":"#5"},"up":{"uv":[1,3,2,4],"texture":"#5"},"down":{"uv":[1,3,2,4],"texture":"#5"}}},{"from":[0.9,30,5.5],"to":[17.5,31,16],"rotation":{"angle":0,"axis":"y","origin":[24,23,19]},"faces":{"north":{"uv":[1,3,2,4],"texture":"#5"},"east":{"uv":[1,3,2,4],"texture":"#5"},"south":{"uv":[1,3,2,4],"texture":"#5"},"west":{"uv":[1,3,2,4],"texture":"#5"},"up":{"uv":[1,3,2,4],"texture":"#5"},"down":{"uv":[1,3,2,4],"texture":"#5"}}},{"from":[0.9,31,5],"to":[18,32,16],"rotation":{"angle":0,"axis":"y","origin":[24,24,19]},"faces":{"north":{"uv":[1,3,2,4],"texture":"#5"},"east":{"uv":[1,3,2,4],"texture":"#5"},"south":{"uv":[1,3,2,4],"texture":"#5"},"west":{"uv":[1,3,2,4],"texture":"#5"},"up":{"uv":[1,3,2,4],"texture":"#5"},"down":{"uv":[1,3,2,4],"texture":"#5"}}},{"from":[-15.5,30,5.5],"to":[1,31,16],"rotation":{"angle":0,"axis":"y","origin":[-22,23,19]},"faces":{"north":{"uv":[1,3,2,4],"texture":"#5"},"east":{"uv":[1,3,2,4],"texture":"#5"},"south":{"uv":[1,3,2,4],"texture":"#5"},"west":{"uv":[1,3,2,4],"texture":"#5"},"up":{"uv":[1,3,2,4],"texture":"#5"},"down":{"uv":[1,3,2,4],"texture":"#5"}}},{"from":[-16,31,5],"to":[1,32,16],"rotation":{"angle":0,"axis":"y","origin":[-22,24,19]},"faces":{"north":{"uv":[1,3,2,4],"texture":"#5"},"east":{"uv":[1,3,2,4],"texture":"#5"},"south":{"uv":[1,3,2,4],"texture":"#5"},"west":{"uv":[1,3,2,4],"texture":"#5"},"up":{"uv":[1,3,2,4],"texture":"#5"},"down":{"uv":[1,3,2,4],"texture":"#5"}}},{"from":[-6.75,27.75,6.75],"to":[8.75,28.75,8],"rotation":{"angle":0,"axis":"z","origin":[4.5,28.25,6.875]},"faces":{"north":{"uv":[1,3,2,4],"texture":"#5"},"east":{"uv":[1,3,2,4],"texture":"#5"},"south":{"uv":[1,3,2,4],"texture":"#5"},"west":{"uv":[1,3,2,4],"texture":"#5"},"up":{"uv":[1,3,2,4],"texture":"#5"},"down":{"uv":[1,3,2,4],"texture":"#5"}}},{"from":[-7.75,20.25,6.75],"to":[-6.75,28.75,8],"rotation":{"angle":0,"axis":"y","origin":[-22,21,19]},"faces":{"north":{"uv":[1,3,2,4],"rotation":90,"texture":"#5"},"east":{"uv":[1,3,2,4],"rotation":90,"texture":"#5"},"south":{"uv":[1,3,2,4],"rotation":90,"texture":"#5"},"west":{"uv":[1,3,2,4],"rotation":90,"texture":"#5"},"up":{"uv":[1,3,2,4],"rotation":90,"texture":"#5"},"down":{"uv":[1,3,2,4],"rotation":90,"texture":"#5"}}},{"from":[-6.75,20.25,6.75],"to":[8.75,21.25,8],"rotation":{"angle":0,"axis":"z","origin":[4.5,20.75,6.875]},"faces":{"north":{"uv":[1,3,2,4],"texture":"#5"},"east":{"uv":[1,3,2,4],"texture":"#5"},"south":{"uv":[1,3,2,4],"texture":"#5"},"west":{"uv":[1,3,2,4],"texture":"#5"},"up":{"uv":[1,3,2,4],"texture":"#5"},"down":{"uv":[1,3,2,4],"texture":"#5"}}},{"from":[8.75,20.25,6.75],"to":[9.75,28.75,8],"rotation":{"angle":0,"axis":"y","origin":[24,21,19]},"faces":{"north":{"uv":[1,3,2,4],"rotation":90,"texture":"#5"},"east":{"uv":[1,3,2,4],"rotation":90,"texture":"#5"},"south":{"uv":[1,3,2,4],"rotation":90,"texture":"#5"},"west":{"uv":[1,3,2,4],"rotation":90,"texture":"#5"},"up":{"uv":[1,3,2,4],"rotation":90,"texture":"#5"},"down":{"uv":[1,3,2,4],"rotation":90,"texture":"#5"}}},{"from":[-15.25,0,15],"to":[-11.25,30.05,16],"rotation":{"angle":0,"axis":"y","origin":[-22.25,24,28]},"faces":{"north":{"uv":[1,3,2,4],"texture":"#5"},"east":{"uv":[1,3,2,4],"texture":"#5"},"south":{"uv":[1,3,2,4],"texture":"#5"},"west":{"uv":[1,3,2,4],"texture":"#5"},"up":{"uv":[1,3,2,4],"texture":"#5"},"down":{"uv":[1,3,2,4],"texture":"#5"}}},{"from":[-11.25,0,15],"to":[12.75,3,16],"rotation":{"angle":0,"axis":"y","origin":[-22,8,19]},"faces":{"north":{"uv":[1,3,2,4],"texture":"#5"},"east":{"uv":[1,3,2,4],"texture":"#5"},"south":{"uv":[1,3,2,4],"texture":"#5"},"west":{"uv":[1,3,2,4],"texture":"#5"},"up":{"uv":[1,3,2,4],"texture":"#5"},"down":{"uv":[1,3,2,4],"texture":"#5"}}},{"from":[-9,15,2],"to":[1,16.65,8],"rotation":{"angle":0,"axis":"y","origin":[-22,24,19]},"faces":{"north":{"uv":[2,3,14,4],"rotation":180,"texture":"#1"},"east":{"uv":[0,0,16,1],"texture":"#1"},"south":{"uv":[0,0,16,1],"texture":"#1"},"west":{"uv":[0,0,16,1],"texture":"#1"},"up":{"uv":[2,3,14,4],"texture":"#1"},"down":{"uv":[0,0,16,1],"texture":"#1"}}},{"from":[1,15,2],"to":[11,16.65,8],"rotation":{"angle":0,"axis":"y","origin":[24,24,19]},"faces":{"north":{"uv":[2,3,14,4],"rotation":180,"texture":"#1"},"east":{"uv":[2,3,14,4],"texture":"#1"},"south":{"uv":[2,3,14,4],"texture":"#1"},"west":{"uv":[2,3,14,4],"texture":"#1"},"up":{"uv":[2,3,14,4],"texture":"#1"},"down":{"uv":[2,3,14,4],"texture":"#1"}}},{"from":[8.925,16.65,4],"to":[9.575,16.9,8],"rotation":{"angle":0,"axis":"y","origin":[23.5,24,19]},"faces":{"north":{"uv":[0,0,0.85,4],"texture":"#3"},"east":{"uv":[0,0,0.85,4],"texture":"#3"},"south":{"uv":[0,0,0.85,4],"texture":"#3"},"west":{"uv":[0,0,0.85,4],"texture":"#3"},"up":{"uv":[0,0,0.85,4],"texture":"#3"},"down":{"uv":[0,0,0.85,4],"texture":"#3"}}},{"from":[7.925,16.65,4],"to":[8.575,16.9,8],"rotation":{"angle":0,"axis":"y","origin":[22.5,24,19]},"faces":{"north":{"uv":[0,0,0.85,4],"texture":"#3"},"east":{"uv":[0,0,0.85,4],"texture":"#3"},"south":{"uv":[0,0,0.85,4],"texture":"#3"},"west":{"uv":[0,0,0.85,4],"texture":"#3"},"up":{"uv":[0,0,0.85,4],"texture":"#3"},"down":{"uv":[0,0,0.85,4],"texture":"#3"}}},{"from":[5.525,16.65,4],"to":[6.175,16.9,8],"rotation":{"angle":0,"axis":"y","origin":[20.1,24,19]},"faces":{"north":{"uv":[0,0,0.85,4],"texture":"#3"},"east":{"uv":[0,0,0.85,4],"texture":"#3"},"south":{"uv":[0,0,0.85,4],"texture":"#3"},"west":{"uv":[0,0,0.85,4],"texture":"#3"},"up":{"uv":[0,0,0.85,4],"texture":"#3"},"down":{"uv":[0,0,0.85,4],"texture":"#3"}}},{"from":[4.525,16.65,4],"to":[5.175,16.9,8],"rotation":{"angle":0,"axis":"y","origin":[19.1,24,19]},"faces":{"north":{"uv":[0,0,0.85,4],"texture":"#3"},"east":{"uv":[0,0,0.85,4],"texture":"#3"},"south":{"uv":[0,0,0.85,4],"texture":"#3"},"west":{"uv":[0,0,0.85,4],"texture":"#3"},"up":{"uv":[0,0,0.85,4],"texture":"#3"},"down":{"uv":[0,0,0.85,4],"texture":"#3"}}},{"from":[3.525,16.65,4],"to":[4.175,16.9,8],"rotation":{"angle":0,"axis":"y","origin":[18.1,24,19]},"faces":{"north":{"uv":[0,0,0.85,4],"texture":"#3"},"east":{"uv":[0,0,0.85,4],"texture":"#3"},"south":{"uv":[0,0,0.85,4],"texture":"#3"},"west":{"uv":[0,0,0.85,4],"texture":"#3"},"up":{"uv":[0,0,0.85,4],"texture":"#3"},"down":{"uv":[0,0,0.85,4],"texture":"#3"}}},{"from":[1.425,16.65,4],"to":[2.075,16.9,8],"rotation":{"angle":0,"axis":"y","origin":[16,24,19]},"faces":{"north":{"uv":[0,0,0.85,4],"texture":"#3"},"east":{"uv":[0,0,0.85,4],"texture":"#3"},"south":{"uv":[0,0,0.85,4],"texture":"#3"},"west":{"uv":[0,0,0.85,4],"texture":"#3"},"up":{"uv":[0,0,0.85,4],"texture":"#3"},"down":{"uv":[0,0,0.85,4],"texture":"#3"}}},{"from":[0.425,16.65,4],"to":[1.075,16.9,8],"rotation":{"angle":0,"axis":"y","origin":[15,24,19]},"faces":{"north":{"uv":[0,0,0.85,4],"texture":"#3"},"east":{"uv":[0,0,0.85,4],"texture":"#3"},"south":{"uv":[0,0,0.85,4],"texture":"#3"},"west":{"uv":[0,0,0.85,4],"texture":"#3"},"up":{"uv":[0,0,0.85,4],"texture":"#3"},"down":{"uv":[0,0,0.85,4],"texture":"#3"}}},{"from":[-1.975,16.65,4],"to":[-1.325,16.9,8],"rotation":{"angle":0,"axis":"y","origin":[12.6,24,19]},"faces":{"north":{"uv":[0,0,0.85,4],"texture":"#3"},"east":{"uv":[0,0,0.85,4],"texture":"#3"},"south":{"uv":[0,0,0.85,4],"texture":"#3"},"west":{"uv":[0,0,0.85,4],"texture":"#3"},"up":{"uv":[0,0,0.85,4],"texture":"#3"},"down":{"uv":[0,0,0.85,4],"texture":"#3"}}},{"from":[-2.975,16.65,4],"to":[-2.325,16.9,8],"rotation":{"angle":0,"axis":"y","origin":[11.6,24,19]},"faces":{"north":{"uv":[0,0,0.85,4],"texture":"#3"},"east":{"uv":[0,0,0.85,4],"texture":"#3"},"south":{"uv":[0,0,0.85,4],"texture":"#3"},"west":{"uv":[0,0,0.85,4],"texture":"#3"},"up":{"uv":[0,0,0.85,4],"texture":"#3"},"down":{"uv":[0,0,0.85,4],"texture":"#3"}}},{"from":[-3.975,16.65,4],"to":[-3.325,16.9,8],"rotation":{"angle":0,"axis":"y","origin":[10.6,24,19]},"faces":{"north":{"uv":[0,0,0.85,4],"texture":"#3"},"east":{"uv":[0,0,0.85,4],"texture":"#3"},"south":{"uv":[0,0,0.85,4],"texture":"#3"},"west":{"uv":[0,0,0.85,4],"texture":"#3"},"up":{"uv":[0,0,0.85,4],"texture":"#3"},"down":{"uv":[0,0,0.85,4],"texture":"#3"}}},{"from":[-6.075,16.65,4],"to":[-5.425,16.9,8],"rotation":{"angle":0,"axis":"y","origin":[8.5,24,19]},"faces":{"north":{"uv":[0,0,0.85,4],"texture":"#3"},"east":{"uv":[0,0,0.85,4],"texture":"#3"},"south":{"uv":[0,0,0.85,4],"texture":"#3"},"west":{"uv":[0,0,0.85,4],"texture":"#3"},"up":{"uv":[0,0,0.85,4],"texture":"#3"},"down":{"uv":[0,0,0.85,4],"texture":"#3"}}},{"from":[-7.075,16.65,4],"to":[-6.425,16.9,8],"rotation":{"angle":0,"axis":"y","origin":[7.5,24,19]},"faces":{"north":{"uv":[0,0,0.85,4],"texture":"#3"},"east":{"uv":[0,0,0.85,4],"texture":"#3"},"south":{"uv":[0,0,0.85,4],"texture":"#3"},"west":{"uv":[0,0,0.85,4],"texture":"#3"},"up":{"uv":[0,0,0.85,4],"texture":"#3"},"down":{"uv":[0,0,0.85,4],"texture":"#3"}}},{"from":[-7,21,7.75],"to":[9,28,8],"rotation":{"angle":0,"axis":"y","origin":[24,28,19]},"color":7,"faces":{"north":{"uv":[0,0,16,7],"texture":"#missing"},"east":{"uv":[0,0,8.25,7],"texture":"#missing"},"south":{"uv":[0,0,16,7],"texture":"#missing"},"west":{"uv":[0,0,8.25,7],"texture":"#missing"},"up":{"uv":[0,0,16,8.25],"texture":"#missing"},"down":{"uv":[0,0,16,8.25],"texture":"#missing"}}},{"from":[-15,0,7],"to":[1,16,15.75],"rotation":{"angle":0,"axis":"y","origin":[24,8,23]},"faces":{"north":{"uv":[1,1,15,15],"texture":"#2"},"east":{"uv":[1,1,9.75,15],"texture":"#2"},"south":{"uv":[1,1,15,15],"texture":"#2"},"west":{"uv":[1,1,9.75,15],"texture":"#2"},"up":{"uv":[1,1,15,9.75],"texture":"#2"},"down":{"uv":[1,1,15,9.75],"texture":"#2"}}},{"from":[-15,16,7],"to":[1,30,15.75],"rotation":{"angle":0,"axis":"y","origin":[24,24,23]},"faces":{"north":{"uv":[1,1,15,15],"texture":"#2"},"east":{"uv":[1,1,9.75,15],"texture":"#2"},"south":{"uv":[1,1,15,15],"texture":"#2"},"west":{"uv":[1,1,9.75,15],"texture":"#2"},"up":{"uv":[1,1,15,9.75],"texture":"#2"},"down":{"uv":[1,1,15,9.75],"texture":"#2"}}},{"from":[1,0,7],"to":[17,16,15.75],"rotation":{"angle":0,"axis":"y","origin":[40,8,23]},"faces":{"north":{"uv":[1,1,15,15],"texture":"#2"},"east":{"uv":[1,1,9.75,15],"texture":"#2"},"south":{"uv":[1,1,15,15],"texture":"#2"},"west":{"uv":[1,1,9.75,15],"texture":"#2"},"up":{"uv":[0,0,16,8.75],"texture":"#2"},"down":{"uv":[0,0,16,8.75],"texture":"#2"}}},{"from":[1,16,7],"to":[17,30,15.75],"rotation":{"angle":0,"axis":"y","origin":[40,24,23]},"faces":{"north":{"uv":[1,1,15,15],"texture":"#2"},"east":{"uv":[1,1,9.75,15],"texture":"#2"},"south":{"uv":[1,1,15,15],"texture":"#2"},"west":{"uv":[1,1,9.75,15],"texture":"#2"},"up":{"uv":[0,0,16,8.75],"texture":"#2"},"down":{"uv":[0,0,16,8.75],"texture":"#2"}}},{"from":[7,0,0],"to":[8,3,1],"rotation":{"angle":0,"axis":"y","origin":[15,8,8]},"faces":{"north":{"uv":[0,0,1,3],"texture":"#2"},"east":{"uv":[0,0,1,3],"texture":"#2"},"south":{"uv":[0,0,1,3],"texture":"#2"},"west":{"uv":[0,0,1,3],"texture":"#2"},"up":{"uv":[0,0,1,1],"texture":"#2"},"down":{"uv":[0,0,1,1],"texture":"#2"}}},{"from":[7,0,-6],"to":[8,3,-5],"rotation":{"angle":0,"axis":"y","origin":[15,8,2]},"faces":{"north":{"uv":[0,0,1,3],"texture":"#2"},"east":{"uv":[0,0,1,3],"texture":"#2"},"south":{"uv":[0,0,1,3],"texture":"#2"},"west":{"uv":[0,0,1,3],"texture":"#2"},"up":{"uv":[0,0,1,1],"texture":"#2"},"down":{"uv":[0,0,1,1],"texture":"#2"}}},{"from":[6.85,3,-0.15],"to":[8.15,6,1.15],"rotation":{"angle":0,"axis":"y","origin":[15,12,8]},"faces":{"north":{"uv":[0,0,1,3],"texture":"#2"},"east":{"uv":[0,0,1,3],"texture":"#2"},"south":{"uv":[0,0,1,3],"texture":"#2"},"west":{"uv":[0,0,1,3],"texture":"#2"},"up":{"uv":[0,0,1,3],"texture":"#2"},"down":{"uv":[0,0,1,3],"texture":"#2"}}},{"from":[6.85,3,-6.15],"to":[8.15,6,-4.85],"rotation":{"angle":0,"axis":"y","origin":[15,12,2]},"faces":{"north":{"uv":[0,0,1,3],"texture":"#2"},"east":{"uv":[0,0,1,3],"texture":"#2"},"south":{"uv":[0,0,1,3],"texture":"#2"},"west":{"uv":[0,0,1,3],"texture":"#2"},"up":{"uv":[0,0,1,3],"texture":"#2"},"down":{"uv":[0,0,1,3],"texture":"#2"}}},{"from":[6.75,6,-0.25],"to":[8.25,9,1.25],"rotation":{"angle":0,"axis":"y","origin":[15,15,8]},"faces":{"north":{"uv":[0,0,1,3],"texture":"#2"},"east":{"uv":[0,0,1,3],"texture":"#2"},"south":{"uv":[0,0,1,3],"texture":"#2"},"west":{"uv":[0,0,1,3],"texture":"#2"},"up":{"uv":[0,0,1,3],"texture":"#2"},"down":{"uv":[0,0,1,3],"texture":"#2"}}},{"from":[6.75,6,-6.25],"to":[8.25,9,-4.75],"rotation":{"angle":0,"axis":"y","origin":[15,15,2]},"faces":{"north":{"uv":[0,0,1,3],"texture":"#2"},"east":{"uv":[0,0,1,3],"texture":"#2"},"south":{"uv":[0,0,1,3],"texture":"#2"},"west":{"uv":[0,0,1,3],"texture":"#2"},"up":{"uv":[0,0,1,3],"texture":"#2"},"down":{"uv":[0,0,1,3],"texture":"#2"}}},{"from":[-7,8,-7],"to":[9,9.5,2],"rotation":{"angle":0,"axis":"y","origin":[16,17,8]},"faces":{"north":{"uv":[0,0,1,3],"texture":"#2"},"east":{"uv":[0,0,1,3],"texture":"#2"},"south":{"uv":[0,0,1,3],"texture":"#2"},"west":{"uv":[0,0,1,3],"texture":"#2"},"up":{"uv":[0,0,1,3],"texture":"#2"},"down":{"uv":[0,0,1,3],"texture":"#2"}}},{"from":[-7.25,9,-7.25],"to":[9.25,10,2.25],"rotation":{"angle":0,"axis":"y","origin":[16,17.5,8]},"faces":{"north":{"uv":[2,3,3,4],"texture":"#2"},"east":{"uv":[2,3,3,4],"texture":"#2"},"south":{"uv":[2,3,3,4],"texture":"#2"},"west":{"uv":[2,3,3,4],"texture":"#2"},"up":{"uv":[2,3,3,4],"texture":"#2"},"down":{"uv":[2,3,3,4],"texture":"#2"}}},{"from":[-5.75,10,-6.75],"to":[7.75,10.75,1.75],"rotation":{"angle":0,"axis":"y","origin":[16,17.5,8]},"faces":{"north":{"uv":[0,0,13.5,0.75],"texture":"#4"},"east":{"uv":[0,0,8.5,0.75],"texture":"#4"},"south":{"uv":[0,0,13.5,0.75],"texture":"#4"},"west":{"uv":[0,0,8.5,0.75],"texture":"#4"},"up":{"uv":[0,0,13.5,8.5],"texture":"#4"},"down":{"uv":[0,0,13.5,8.5],"texture":"#4"}}},{"from":[7.375,9.84467,-6.75],"to":[8.625,10.59467,1.75],"rotation":{"angle":-45,"axis":"z","origin":[7.75,10.21967,-2.5]},"faces":{"north":{"uv":[0,0,1.25,0.75],"texture":"#4"},"east":{"uv":[0,0,8.5,0.75],"texture":"#4"},"south":{"uv":[0,0,1.25,0.75],"texture":"#4"},"west":{"uv":[0,0,8.5,0.75],"texture":"#4"},"up":{"uv":[0,0,1.25,8.5],"texture":"#4"},"down":{"uv":[0,0,1.25,8.5],"texture":"#4"}}},{"from":[-6,0,0],"to":[-5,3,1],"rotation":{"angle":0,"axis":"y","origin":[-13,8,8]},"faces":{"north":{"uv":[0,0,1,3],"texture":"#2"},"east":{"uv":[0,0,1,3],"texture":"#2"},"south":{"uv":[0,0,1,3],"texture":"#2"},"west":{"uv":[0,0,1,3],"texture":"#2"},"up":{"uv":[0,0,1,1],"texture":"#2"},"down":{"uv":[0,0,1,1],"texture":"#2"}}},{"from":[-6,0,-6],"to":[-5,3,-5],"rotation":{"angle":0,"axis":"y","origin":[-13,8,2]},"faces":{"north":{"uv":[0,0,1,3],"texture":"#2"},"east":{"uv":[0,0,1,3],"texture":"#2"},"south":{"uv":[0,0,1,3],"texture":"#2"},"west":{"uv":[0,0,1,3],"texture":"#2"},"up":{"uv":[0,0,1,1],"texture":"#2"},"down":{"uv":[0,0,1,1],"texture":"#2"}}},{"from":[-6.15,3,-0.15],"to":[-4.85,6,1.15],"rotation":{"angle":0,"axis":"y","origin":[-13,12,8]},"faces":{"north":{"uv":[0,0,1,3],"texture":"#2"},"east":{"uv":[0,0,1,3],"texture":"#2"},"south":{"uv":[0,0,1,3],"texture":"#2"},"west":{"uv":[0,0,1,3],"texture":"#2"},"up":{"uv":[0,0,1,3],"texture":"#2"},"down":{"uv":[0,0,1,3],"texture":"#2"}}},{"from":[-6.15,3,-6.15],"to":[-4.85,6,-4.85],"rotation":{"angle":0,"axis":"y","origin":[-13,12,2]},"faces":{"north":{"uv":[0,0,1,3],"texture":"#2"},"east":{"uv":[0,0,1,3],"texture":"#2"},"south":{"uv":[0,0,1,3],"texture":"#2"},"west":{"uv":[0,0,1,3],"texture":"#2"},"up":{"uv":[0,0,1,3],"texture":"#2"},"down":{"uv":[0,0,1,3],"texture":"#2"}}},{"from":[-6.25,6,-0.25],"to":[-4.75,9,1.25],"rotation":{"angle":0,"axis":"y","origin":[-13,15,8]},"faces":{"north":{"uv":[0,0,1,3],"texture":"#2"},"east":{"uv":[0,0,1,3],"texture":"#2"},"south":{"uv":[0,0,1,3],"texture":"#2"},"west":{"uv":[0,0,1,3],"texture":"#2"},"up":{"uv":[0,0,1,3],"texture":"#2"},"down":{"uv":[0,0,1,3],"texture":"#2"}}},{"from":[-6.25,6,-6.25],"to":[-4.75,9,-4.75],"rotation":{"angle":0,"axis":"y","origin":[-13,15,2]},"faces":{"north":{"uv":[0,0,1,3],"texture":"#2"},"east":{"uv":[0,0,1,3],"texture":"#2"},"south":{"uv":[0,0,1,3],"texture":"#2"},"west":{"uv":[0,0,1,3],"texture":"#2"},"up":{"uv":[0,0,1,3],"texture":"#2"},"down":{"uv":[0,0,1,3],"texture":"#2"}}},{"from":[-6.625,9.84467,-6.75],"to":[-5.375,10.59467,1.75],"rotation":{"angle":45,"axis":"z","origin":[-5.75,10.21967,-2.5]},"faces":{"north":{"uv":[1.25,0,2.5,0.75],"texture":"#4"},"east":{"uv":[7.5,0,16,0.75],"texture":"#4"},"south":{"uv":[1.25,0,2.5,0.75],"texture":"#4"},"west":{"uv":[7.5,0,16,0.75],"texture":"#4"},"up":{"uv":[1.25,0,2.5,8.5],"texture":"#4"},"down":{"uv":[1.25,0,2.5,8.5],"texture":"#4"}}}],"display":{"thirdperson_righthand":{"rotation":[75,45,0],"translation":[2.5,2.5,-5],"scale":[0.27344,0.27344,0.27344]},"thirdperson_lefthand":{"rotation":[75,45,0],"translation":[2.5,2.5,-5],"scale":[0.27344,0.27344,0.27344]},"firstperson_righthand":{"rotation":[0,138,0],"translation":[-1,2.25,0],"scale":[0.16953,0.16953,0.16953]},"firstperson_lefthand":{"rotation":[0,138,0],"translation":[0,2.25,2.25],"scale":[0.16953,0.16953,0.16953]},"ground":{"translation":[2.75,0.25,0],"scale":[0.5,0.5,0.5]},"gui":{"rotation":[30,-149,0],"translation":[-2.25,-3,0],"scale":[0.39141,0.39141,0.39141]},"head":{"translation":[21,-11.5,33],"scale":[3,3,3]},"fixed":{"rotation":[-90,0,0],"translation":[-0.75,0,-15],"scale":[2,2,2]}},"groups":[{"name":"Piano","origin":[8,8,8],"children":[{"name":"group","origin":[14,14.85355,0.85355],"children":[{"name":"Frame","origin":[-22,8,19],"children":[0,1,2,3,4,5,6,7,8,9,10,11,12,13,14,15,16,17,18,19,20,21,22,23,24,25,26,27,28,29,30,31,32,33,34,35,36,37,38,39,40,41,42]},43]},{"name":"group","origin":[14,14.85355,0.85355],"children":[44,{"name":"BlackKeys","origin":[7.5,24,19],"children":[45,46,47,48,49,50,51,52,53,54,55,56]},57]},58,59,60,61]},{"name":"Bench","origin":[6.75,10.21967,-2.5],"children":[62,63,64,65,66,67,68,69,70,71]},{"name":"Bench","origin":[6.75,10.21967,-2.5],"children":[72,73,74,75,76,77,78]}]}