{"textures":{"0":"modelengine:entity/frog"},"elements":[{"from":[7.9428573,8.222442,8.320358],"to":[9.657143,8.79387,9.463216],"rotation":{"angle":45.0,"axis":"x","origin":[8.0,8.79387,7.4632154]},"faces":{"east":{"uv":[4.0,12.0,2.0,13.0],"rotation":0,"texture":"#0","tintindex":0},"south":{"uv":[9.0,11.0,6.0,12.0],"rotation":0,"texture":"#0","tintindex":0},"north":{"uv":[6.0,11.0,3.0,12.0],"rotation":0,"texture":"#0","tintindex":0},"west":{"uv":[2.0,12.0,0.0,13.0],"rotation":0,"texture":"#0","tintindex":0},"up":{"uv":[10.0,2.0,13.0,0.0],"rotation":0,"texture":"#0","tintindex":0},"down":{"uv":[10.0,2.0,13.0,4.0],"rotation":0,"texture":"#0","tintindex":0}}},{"from":[7.9428573,6.9755955,7.9019394],"to":[10.228572,6.9755955,9.616225],"rotation":{"angle":0.0,"axis":"y","origin":[8.0,7.5470243,6.4733677]},"faces":{"east":{"uv":[3.0,0.0,0.0,0.0],"rotation":0,"texture":"#0","tintindex":0},"south":{"uv":[4.0,0.0,0.0,0.0],"rotation":0,"texture":"#0","tintindex":0},"north":{"uv":[4.0,0.0,0.0,0.0],"rotation":0,"texture":"#0","tintindex":0},"west":{"uv":[3.0,0.0,0.0,0.0],"rotation":0,"texture":"#0","tintindex":0},"up":{"uv":[0.0,3.0,4.0,0.0],"rotation":0,"texture":"#0","tintindex":0},"down":{"uv":[0.0,0.0,4.0,3.0],"rotation":0,"texture":"#0","tintindex":0}}}],"display":{"head":{"translation":[0.0,-6.4,0.0],"scale":[4.0,4.0,4.0]}}}