{"textures":{"0":"modelengine:entity/skunk"},"elements":[{"from":[6.5714283,7.219572,5.5285296],"to":[9.428572,8.933858,8.957102],"rotation":{"angle":0.0,"axis":"y","origin":[8.0,7.505286,5.2428155]},"faces":{"east":{"uv":[0.0,3.0,3.0,4.5],"rotation":0,"texture":"#0","tintindex":0},"south":{"uv":[5.0,0.0,7.5,1.5],"rotation":0,"texture":"#0","tintindex":0},"north":{"uv":[4.0,4.5,6.5,6.0],"rotation":0,"texture":"#0","tintindex":0},"west":{"uv":[3.0,3.0,6.0,4.5],"rotation":0,"texture":"#0","tintindex":0},"up":{"uv":[2.5,3.0,0.0,0.0],"rotation":0,"texture":"#0","tintindex":0},"down":{"uv":[5.0,0.0,2.5,3.0],"rotation":0,"texture":"#0","tintindex":0}}},{"from":[6.857143,7.0003014,4.997609],"to":[9.142858,8.714587,6.1404667],"rotation":{"angle":-22.5,"axis":"x","origin":[8.0,7.2860155,5.283324]},"faces":{"east":{"uv":[3.0,9.0,4.0,10.5],"rotation":0,"texture":"#0","tintindex":0},"south":{"uv":[6.0,3.0,8.0,4.5],"rotation":0,"texture":"#0","tintindex":0},"north":{"uv":[5.0,1.5,7.0,3.0],"rotation":0,"texture":"#0","tintindex":0},"west":{"uv":[4.0,9.0,5.0,10.5],"rotation":0,"texture":"#0","tintindex":0},"up":{"uv":[9.0,8.5,7.0,7.5],"rotation":0,"texture":"#0","tintindex":0},"down":{"uv":[2.0,8.0,0.0,9.0],"rotation":0,"texture":"#0","tintindex":0}}}],"display":{"head":{"translation":[0.0,-6.4,0.0],"scale":[4.0,4.0,4.0]}}}