{"textures":{"0":"modelengine:entity/wolf_main","1":"modelengine:entity/wolf_extra"},"elements":[{"from":[6.285714,6.285714,12.571428],"to":[6.285714,9.714286,15.428572],"rotation":{"angle":0.0,"axis":"y","origin":[4.5714283,5.142857,12.571428]},"faces":{"east":{"uv":[2.8,13.4,1.8,14.6],"rotation":0,"texture":"#1","tintindex":0},"south":{"uv":[0.0,0.0,0.0,1.2],"rotation":0,"texture":"#1","tintindex":0},"north":{"uv":[0.0,0.0,0.0,1.2],"rotation":0,"texture":"#1","tintindex":0},"west":{"uv":[1.8,13.4,2.8,14.6],"rotation":0,"texture":"#1","tintindex":0},"up":{"uv":[0.0,1.0,0.0,0.0],"rotation":0,"texture":"#1","tintindex":0},"down":{"uv":[0.0,0.0,0.0,1.0],"rotation":0,"texture":"#1","tintindex":0}}},{"from":[9.714286,6.285714,12.571428],"to":[9.714286,9.714286,15.428572],"rotation":{"angle":0.0,"axis":"y","origin":[8.0,5.142857,12.571428]},"faces":{"east":{"uv":[8.4,10.2,9.4,11.4],"rotation":0,"texture":"#1","tintindex":0},"south":{"uv":[0.0,0.0,0.0,1.2],"rotation":0,"texture":"#1","tintindex":0},"north":{"uv":[0.0,0.0,0.0,1.2],"rotation":0,"texture":"#1","tintindex":0},"west":{"uv":[9.4,10.2,8.4,11.4],"rotation":0,"texture":"#1","tintindex":0},"up":{"uv":[0.0,1.0,0.0,0.0],"rotation":0,"texture":"#1","tintindex":0},"down":{"uv":[0.0,0.0,0.0,1.0],"rotation":0,"texture":"#1","tintindex":0}}},{"from":[6.285714,6.285714,8.0],"to":[9.714286,9.714286,12.571428],"rotation":{"angle":0.0,"axis":"y","origin":[4.5714283,8.571428,8.0]},"faces":{"east":{"uv":[5.5,2.625,6.5,3.375],"rotation":0,"texture":"#0","tintindex":0},"south":{"uv":[11.875,6.875,12.625,7.625],"rotation":0,"texture":"#0","tintindex":0},"north":{"uv":[11.875,6.125,12.625,6.875],"rotation":0,"texture":"#0","tintindex":0},"west":{"uv":[4.0,8.125,5.0,8.875],"rotation":0,"texture":"#0","tintindex":0},"up":{"uv":[11.875,10.125,11.125,9.125],"rotation":0,"texture":"#0","tintindex":0},"down":{"uv":[11.875,10.125,11.125,11.125],"rotation":0,"texture":"#0","tintindex":0}}},{"from":[6.285714,9.714286,12.571428],"to":[9.714286,9.714286,15.428572],"rotation":{"angle":0.0,"axis":"y","origin":[4.5714283,8.571428,12.571428]},"faces":{"east":{"uv":[0.0,0.0,1.0,0.0],"rotation":0,"texture":"#1","tintindex":0},"south":{"uv":[0.0,0.0,1.2,0.0],"rotation":0,"texture":"#1","tintindex":0},"north":{"uv":[0.0,0.0,1.2,0.0],"rotation":0,"texture":"#1","tintindex":0},"west":{"uv":[0.0,0.0,1.0,0.0],"rotation":0,"texture":"#1","tintindex":0},"up":{"uv":[12.8,3.0,14.0,2.0],"rotation":0,"texture":"#1","tintindex":0},"down":{"uv":[12.8,2.0,14.0,3.0],"rotation":0,"texture":"#1","tintindex":0}}},{"from":[6.285714,6.285714,12.571428],"to":[9.714286,6.285714,15.428572],"rotation":{"angle":0.0,"axis":"y","origin":[4.5714283,5.142857,12.571428]},"faces":{"east":{"uv":[0.0,0.0,1.0,0.0],"rotation":0,"texture":"#1","tintindex":0},"south":{"uv":[0.0,0.0,1.2,0.0],"rotation":0,"texture":"#1","tintindex":0},"north":{"uv":[0.0,0.0,1.2,0.0],"rotation":0,"texture":"#1","tintindex":0},"west":{"uv":[0.0,0.0,1.0,0.0],"rotation":0,"texture":"#1","tintindex":0},"up":{"uv":[13.4,14.8,14.6,13.8],"rotation":0,"texture":"#1","tintindex":0},"down":{"uv":[13.4,13.8,14.6,14.8],"rotation":0,"texture":"#1","tintindex":0}}}],"display":{"head":{"translation":[0.0,-6.4,0.0],"scale":[4.0,4.0,4.0]}}}