{"textures":{"0":"modelengine:entity/goblin_armor_main","2":"modelengine:entity/goblin_armor_armor"},"elements":[{"from":[6.857143,6.285714,6.285714],"to":[9.142858,8.571428,6.857143],"rotation":{"angle":0.0,"axis":"y","origin":[6.857143,4.0,8.0]},"faces":{"east":{"uv":[4.0,13.0,4.5,15.0],"rotation":0,"texture":"#0","tintindex":0},"south":{"uv":[11.0,2.0,13.0,4.0],"rotation":0,"texture":"#0","tintindex":0},"north":{"uv":[11.0,0.0,13.0,2.0],"rotation":0,"texture":"#0","tintindex":0},"west":{"uv":[4.5,13.0,5.0,15.0],"rotation":0,"texture":"#0","tintindex":0},"up":{"uv":[10.0,6.0,8.0,5.5],"rotation":0,"texture":"#0","tintindex":0},"down":{"uv":[15.0,3.0,13.0,3.5],"rotation":0,"texture":"#0","tintindex":0}}},{"from":[6.857143,4.5714283,9.142858],"to":[9.142858,5.714286,9.142858],"rotation":{"angle":0.0,"axis":"y","origin":[8.0,5.714286,9.142858]},"faces":{"east":{"uv":[0.0,15.0,0.0,16.0],"rotation":0,"texture":"#0","tintindex":0},"south":{"uv":[9.0,14.0,7.0,15.0],"rotation":0,"texture":"#0","tintindex":0},"north":{"uv":[7.0,14.0,5.0,15.0],"rotation":0,"texture":"#0","tintindex":0},"west":{"uv":[0.0,15.0,0.0,16.0],"rotation":0,"texture":"#0","tintindex":0},"up":{"uv":[2.0,16.0,0.0,16.0],"rotation":0,"texture":"#0","tintindex":0},"down":{"uv":[2.0,16.0,0.0,16.0],"rotation":0,"texture":"#0","tintindex":0}}},{"from":[4.5714283,9.714286,7.428571],"to":[5.714286,10.285714,8.571428],"rotation":{"angle":0.0,"axis":"y","origin":[5.142857,9.714286,8.0]},"faces":{"east":{"uv":[7.5,4.5,8.5,5.0],"rotation":0,"texture":"#2","tintindex":0},"south":{"uv":[7.5,5.0,8.5,5.5],"rotation":0,"texture":"#2","tintindex":0},"north":{"uv":[7.5,4.0,8.5,4.5],"rotation":0,"texture":"#2","tintindex":0},"west":{"uv":[7.5,5.5,8.5,6.0],"rotation":0,"texture":"#2","tintindex":0},"up":{"uv":[8.5,1.0,7.5,0.0],"rotation":0,"texture":"#2","tintindex":0},"down":{"uv":[8.5,1.0,7.5,2.0],"rotation":0,"texture":"#2","tintindex":0}}},{"from":[10.285714,9.714286,7.428571],"to":[11.428572,10.285714,8.571428],"rotation":{"angle":0.0,"axis":"y","origin":[10.857143,9.714286,8.0]},"faces":{"east":{"uv":[7.5,6.5,8.5,7.0],"rotation":0,"texture":"#2","tintindex":0},"south":{"uv":[7.5,7.0,8.5,7.5],"rotation":0,"texture":"#2","tintindex":0},"north":{"uv":[7.5,6.0,8.5,6.5],"rotation":0,"texture":"#2","tintindex":0},"west":{"uv":[7.5,7.5,8.5,8.0],"rotation":0,"texture":"#2","tintindex":0},"up":{"uv":[8.5,3.0,7.5,2.0],"rotation":0,"texture":"#2","tintindex":0},"down":{"uv":[8.5,3.0,7.5,4.0],"rotation":0,"texture":"#2","tintindex":0}}},{"from":[6.285714,5.714286,6.857143],"to":[9.714286,9.714286,9.142858],"rotation":{"angle":0.0,"axis":"y","origin":[6.857143,5.714286,8.0]},"faces":{"east":{"uv":[3.0,9.5,5.0,13.0],"rotation":0,"texture":"#0","tintindex":0},"south":{"uv":[8.0,0.0,11.0,3.5],"rotation":0,"texture":"#0","tintindex":0},"north":{"uv":[7.0,6.0,10.0,9.5],"rotation":0,"texture":"#0","tintindex":0},"west":{"uv":[5.0,9.5,7.0,13.0],"rotation":0,"texture":"#0","tintindex":0},"up":{"uv":[11.0,5.5,8.0,3.5],"rotation":0,"texture":"#0","tintindex":0},"down":{"uv":[10.0,9.5,7.0,11.5],"rotation":0,"texture":"#0","tintindex":0}}},{"from":[5.714286,5.142857,7.428571],"to":[6.285714,6.285714,8.571428],"rotation":{"angle":0.0,"axis":"y","origin":[5.714286,5.142857,8.0]},"faces":{"east":{"uv":[14.0,12.0,15.0,13.0],"rotation":0,"texture":"#0","tintindex":0},"south":{"uv":[14.0,4.0,14.5,5.0],"rotation":0,"texture":"#0","tintindex":0},"north":{"uv":[14.0,11.0,14.5,12.0],"rotation":0,"texture":"#0","tintindex":0},"west":{"uv":[14.0,13.0,15.0,14.0],"rotation":0,"texture":"#0","tintindex":0},"up":{"uv":[14.5,4.0,15.0,5.0],"rotation":0,"texture":"#0","tintindex":0},"down":{"uv":[14.5,11.0,15.0,12.0],"rotation":0,"texture":"#0","tintindex":0}}},{"from":[6.857143,4.5714283,6.857143],"to":[9.142858,5.714286,6.857143],"rotation":{"angle":0.0,"axis":"y","origin":[8.0,5.714286,6.857143]},"faces":{"east":{"uv":[0.0,15.0,0.0,16.0],"rotation":0,"texture":"#0","tintindex":0},"south":{"uv":[7.0,14.0,9.0,15.0],"rotation":0,"texture":"#0","tintindex":0},"north":{"uv":[5.0,14.0,7.0,15.0],"rotation":0,"texture":"#0","tintindex":0},"west":{"uv":[0.0,15.0,0.0,16.0],"rotation":0,"texture":"#0","tintindex":0},"up":{"uv":[0.0,16.0,2.0,16.0],"rotation":0,"texture":"#0","tintindex":0},"down":{"uv":[0.0,16.0,2.0,16.0],"rotation":0,"texture":"#0","tintindex":0}}}],"display":{"head":{"translation":[0.0,-6.4,0.0],"scale":[4.0,4.0,4.0]}}}