{"textures":{"0":"modelengine:entity/raccoon"},"elements":[{"from":[7.142857,7.428571,8.0],"to":[8.857143,8.571428,9.142858],"rotation":{"angle":0.0,"axis":"y","origin":[8.285714,8.0,5.428571]},"faces":{"east":{"uv":[7.5,14.5,8.5,15.5],"rotation":0,"texture":"#0","tintindex":0},"south":{"uv":[13.5,3.5,15.0,4.5],"rotation":0,"texture":"#0","tintindex":0},"north":{"uv":[2.5,13.5,4.0,14.5],"rotation":0,"texture":"#0","tintindex":0},"west":{"uv":[14.5,8.0,15.5,9.0],"rotation":0,"texture":"#0","tintindex":0},"up":{"uv":[5.5,14.5,4.0,13.5],"rotation":0,"texture":"#0","tintindex":0},"down":{"uv":[15.0,4.5,13.5,5.5],"rotation":0,"texture":"#0","tintindex":0}}}],"display":{"head":{"translation":[0.0,-6.4,0.0],"scale":[4.0,4.0,4.0]}}}