{"textures":{"0":"modelengine:entity/squirrel"},"elements":[{"from":[8.377427,9.080739,8.951782],"to":[9.520284,10.223597,8.951782],"rotation":{"angle":22.5,"axis":"x","origin":[8.663141,9.937881,8.951782]},"faces":{"east":{"uv":[0.0,0.0,0.0,1.0],"rotation":0,"texture":"#0","tintindex":0},"south":{"uv":[7.5,6.5,6.5,7.5],"rotation":0,"texture":"#0","tintindex":0},"north":{"uv":[1.0,7.0,0.0,8.0],"rotation":0,"texture":"#0","tintindex":0},"west":{"uv":[0.0,0.0,0.0,1.0],"rotation":0,"texture":"#0","tintindex":0},"up":{"uv":[0.0,0.0,0.0,1.0],"rotation":90,"texture":"#0","tintindex":0},"down":{"uv":[0.0,1.0,0.0,0.0],"rotation":270,"texture":"#0","tintindex":0}}},{"from":[7.454443,7.9596305,6.55673],"to":[8.597301,9.102488,7.1281586],"rotation":{"angle":0.0,"axis":"y","origin":[7.7401576,4.531059,8.271015]},"faces":{"east":{"uv":[6.0,7.0,6.5,8.0],"rotation":0,"texture":"#0","tintindex":0},"south":{"uv":[6.5,3.0,7.5,4.0],"rotation":0,"texture":"#0","tintindex":0},"north":{"uv":[6.5,5.5,7.5,6.5],"rotation":0,"texture":"#0","tintindex":0},"west":{"uv":[7.5,4.5,8.0,5.5],"rotation":0,"texture":"#0","tintindex":0},"up":{"uv":[8.0,6.5,7.5,5.5],"rotation":90,"texture":"#0","tintindex":0},"down":{"uv":[7.0,7.5,6.5,8.5],"rotation":270,"texture":"#0","tintindex":0}}},{"from":[6.5973,9.080739,8.951782],"to":[7.7401576,10.223597,8.951782],"rotation":{"angle":22.5,"axis":"x","origin":[7.454443,9.937881,8.951782]},"faces":{"east":{"uv":[0.0,0.0,0.0,1.0],"rotation":0,"texture":"#0","tintindex":0},"south":{"uv":[6.5,6.5,7.5,7.5],"rotation":0,"texture":"#0","tintindex":0},"north":{"uv":[0.0,7.0,1.0,8.0],"rotation":0,"texture":"#0","tintindex":0},"west":{"uv":[0.0,0.0,0.0,1.0],"rotation":0,"texture":"#0","tintindex":0},"up":{"uv":[0.0,1.0,0.0,0.0],"rotation":90,"texture":"#0","tintindex":0},"down":{"uv":[0.0,0.0,0.0,1.0],"rotation":270,"texture":"#0","tintindex":0}}},{"from":[7.168729,7.9596305,7.1281586],"to":[8.883015,9.673916,8.842444],"rotation":{"angle":0.0,"axis":"y","origin":[7.7401576,4.531059,8.271015]},"faces":{"east":{"uv":[3.5,3.0,5.0,4.5],"rotation":0,"texture":"#0","tintindex":0},"south":{"uv":[0.0,4.0,1.5,5.5],"rotation":0,"texture":"#0","tintindex":0},"north":{"uv":[3.0,4.5,4.5,6.0],"rotation":0,"texture":"#0","tintindex":0},"west":{"uv":[1.5,4.0,3.0,5.5],"rotation":0,"texture":"#0","tintindex":0},"up":{"uv":[6.0,6.0,4.5,4.5],"rotation":90,"texture":"#0","tintindex":0},"down":{"uv":[6.5,3.0,5.0,4.5],"rotation":270,"texture":"#0","tintindex":0}}}],"display":{"head":{"translation":[0.0,-6.4,0.0],"scale":[4.0,4.0,4.0]}}}