{"textures":{"0":"modelengine:entity/squirrel"},"elements":[{"from":[7.835993,6.43855,8.03292],"to":[8.407421,7.581407,8.604349],"rotation":{"angle":-22.5,"axis":"z","origin":[8.121707,7.0099783,7.747206]},"faces":{"east":{"uv":[3.5,8.0,3.0,9.0],"rotation":0,"texture":"#0","tintindex":0},"south":{"uv":[3.0,8.0,2.5,9.0],"rotation":0,"texture":"#0","tintindex":0},"north":{"uv":[4.0,8.0,3.5,9.0],"rotation":0,"texture":"#0","tintindex":0},"west":{"uv":[2.5,8.0,2.0,9.0],"rotation":0,"texture":"#0","tintindex":0},"up":{"uv":[6.5,8.0,6.0,8.5],"rotation":90,"texture":"#0","tintindex":0},"down":{"uv":[8.5,6.5,8.0,6.0],"rotation":270,"texture":"#0","tintindex":0}}},{"from":[8.03292,7.428571,7.4614916],"to":[8.604349,8.571428,8.604349],"rotation":{"angle":0.0,"axis":"y","origin":[7.747206,5.142857,8.03292]},"faces":{"east":{"uv":[5.0,7.0,4.0,8.0],"rotation":0,"texture":"#0","tintindex":0},"south":{"uv":[0.5,8.0,0.0,9.0],"rotation":0,"texture":"#0","tintindex":0},"north":{"uv":[1.0,8.0,0.5,9.0],"rotation":0,"texture":"#0","tintindex":0},"west":{"uv":[4.0,7.0,3.0,8.0],"rotation":0,"texture":"#0","tintindex":0},"up":{"uv":[8.5,7.0,7.5,7.5],"rotation":90,"texture":"#0","tintindex":0},"down":{"uv":[2.0,8.5,1.0,8.0],"rotation":270,"texture":"#0","tintindex":0}}}],"display":{"head":{"translation":[0.0,-6.4,0.0],"scale":[4.0,4.0,4.0]}}}