{"credit":"MadewithBlockbench","texture_size":[64,64],"textures":{"0":"elitecreature:casino_decoration_v1/casino_sofa_red_single","particle":"elitecreature:casino_decoration_v1/casino_sofa_red_single"},"elements":[{"from":[2,0,1],"to":[14,7,12],"faces":{"north":{"uv":[3,7,6,8.75],"texture":"#0"},"up":{"uv":[9,2.75,6,0],"texture":"#0"},"down":{"uv":[3,7,0,9.75],"texture":"#0"}}},{"from":[2,0,12],"to":[14,17,16],"faces":{"north":{"uv":[0,0,3,4.25],"texture":"#0"},"east":{"uv":[7,7,6,11.25],"texture":"#0"},"south":{"uv":[3,0,6,4.25],"texture":"#0"},"west":{"uv":[6,7,7,11.25],"texture":"#0"},"up":{"uv":[9,3.75,6,2.75],"texture":"#0"},"down":{"uv":[10,7,7,8],"texture":"#0"}}},{"from":[0,0,0],"to":[2,11,16],"rotation":{"angle":0,"axis":"y","origin":[16,0,0]},"faces":{"north":{"uv":[8,3.75,8.5,6.5],"texture":"#0"},"east":{"uv":[0,4.25,4,7],"texture":"#0"},"south":{"uv":[8,8,8.5,10.75],"texture":"#0"},"west":{"uv":[4,4.25,8,7],"texture":"#0"},"up":{"uv":[7.5,12,7,8],"texture":"#0"},"down":{"uv":[8,8,7.5,12],"texture":"#0"}}},{"from":[14,0,0],"to":[16,11,16],"faces":{"north":{"uv":[8.5,3.75,8,6.5],"texture":"#0"},"east":{"uv":[8,4.25,4,7],"texture":"#0"},"south":{"uv":[8.5,8,8,10.75],"texture":"#0"},"west":{"uv":[4,4.25,0,7],"texture":"#0"},"up":{"uv":[7,12,7.5,8],"texture":"#0"},"down":{"uv":[7.5,8,8,12],"texture":"#0"}}}],"gui_light":"front","display":{"thirdperson_righthand":{"translation":[0,0.75,0],"scale":[0.18,0.18,0.18]},"thirdperson_lefthand":{"translation":[0,0.75,0],"scale":[0.18,0.18,0.18]},"firstperson_righthand":{"scale":[0.49,0.49,0.49]},"firstperson_lefthand":{"translation":[-0.5,0,0],"scale":[0.49,0.49,0.49]},"ground":{"translation":[0,1.75,0],"scale":[0.51,0.51,0.51]},"gui":{"rotation":[31,135,0],"translation":[0,-0.25,0],"scale":[0.47,0.47,0.47]},"head":{"rotation":[0,-180,0],"translation":[0,-28.75,0],"scale":[1.8,1.8,1.8]},"fixed":{"translation":[0,-2,-5.75],"scale":[0.68,0.68,0.68]}}}