{"credit":"MadebyElo106","texture_size":[64,64],"textures":{"15":"voxelspawns_moltensteel:item/vs_moltensteel_pickaxe"},"elements":[{"from":[10.5,0.5,10],"to":[11.5,1.5,14],"rotation":{"angle":0,"axis":"y","origin":[10.5,1,12]},"faces":{"north":{"uv":[5.5,2.5,5.75,2.75],"texture":"#15"},"east":{"uv":[4.5,2.5,5.5,2.75],"texture":"#15"},"south":{"uv":[5.5,2.75,5.75,3],"texture":"#15"},"west":{"uv":[4.5,2.75,5.5,3],"texture":"#15"},"up":{"uv":[2.75,6.5,2.5,5.5],"texture":"#15"},"down":{"uv":[7.5,1.25,7.25,2.25],"texture":"#15"}}},{"from":[10.501,0.501,10.001],"to":[14.499,1.499,10.999],"rotation":{"angle":0,"axis":"y","origin":[12.5,1,11]},"faces":{"north":{"uv":[4.75,4.25,5.75,4.5],"texture":"#15"},"east":{"uv":[6.75,3.25,7,3.5],"texture":"#15"},"south":{"uv":[4.75,4.5,5.75,4.75],"texture":"#15"},"west":{"uv":[7.5,2,7.75,2.25],"texture":"#15"},"up":{"uv":[8,4.25,7,4],"texture":"#15"},"down":{"uv":[8.25,0,7.25,0.25],"texture":"#15"}}},{"from":[10.85555,0.502,10.44134],"to":[12.35155,1.498,11.43734],"rotation":{"angle":45,"axis":"y","origin":[11.85355,1,10.93934]},"faces":{"north":{"uv":[5.75,1.5,6.25,1.75],"texture":"#15"},"east":{"uv":[7.5,2.5,7.75,2.75],"texture":"#15"},"south":{"uv":[5.75,5.25,6.25,5.5],"texture":"#15"},"west":{"uv":[7.5,2.75,7.75,3],"texture":"#15"},"up":{"uv":[7.25,1.5,6.75,1.25],"texture":"#15"},"down":{"uv":[8,0.75,7.5,1],"texture":"#15"}}},{"from":[13.5,0.5,10],"to":[15.5,1.5,14],"rotation":{"angle":0,"axis":"y","origin":[12,1,13.5]},"faces":{"north":{"uv":[7.5,1,8,1.25],"texture":"#15"},"east":{"uv":[7.25,0.25,8.25,0.5],"texture":"#15"},"south":{"uv":[7.5,1.25,8,1.5],"texture":"#15"},"west":{"uv":[7.25,2.25,8.25,2.5],"texture":"#15"},"up":{"uv":[7.25,5.25,6.75,4.25],"texture":"#15"},"down":{"uv":[1.5,7,1,8],"texture":"#15"}}},{"from":[12.29589,0.503,9.26036],"to":[14.28989,1.497,12.25436],"rotation":{"angle":45,"axis":"y","origin":[14.79289,1,10.75736]},"faces":{"north":{"uv":[7.5,1.5,8,1.75],"texture":"#15"},"east":{"uv":[5.25,7.25,6,7.5],"texture":"#15"},"south":{"uv":[7.5,1.75,8,2],"texture":"#15"},"west":{"uv":[6,7.25,6.75,7.5],"texture":"#15"},"up":{"uv":[7.5,4,7,3.25],"texture":"#15"},"down":{"uv":[7.5,5.25,7,6],"texture":"#15"}}},{"from":[16.17078,0.501,9.37364],"to":[18.9969,1.499,12.19976],"rotation":{"angle":-22.5,"axis":"y","origin":[16.9979,1,10.70076]},"faces":{"north":{"uv":[7.25,6,8,6.25],"texture":"#15"},"east":{"uv":[7.25,6.25,8,6.5],"texture":"#15"},"south":{"uv":[7.25,6.5,8,6.75],"texture":"#15"},"west":{"uv":[7.25,6.75,8,7],"texture":"#15"},"up":{"uv":[7,4.25,6.25,3.5],"texture":"#15"},"down":{"uv":[3.25,6.5,2.5,7.25],"texture":"#15"}}},{"from":[14.35199,0.499,9.23259],"to":[17.35399,1.501,13.23459],"rotation":{"angle":22.5,"axis":"y","origin":[16.85299,1,10.73359]},"faces":{"north":{"uv":[7.25,7,8,7.25],"texture":"#15"},"east":{"uv":[3.25,7.25,4.25,7.5],"texture":"#15"},"south":{"uv":[7.25,7.25,8,7.5],"texture":"#15"},"west":{"uv":[4.25,7.25,5.25,7.5],"texture":"#15"},"up":{"uv":[7,6.25,6.25,5.25],"texture":"#15"},"down":{"uv":[7,6.25,6.25,7.25],"texture":"#15"}}},{"from":[1.5,-1,9.5],"to":[5.5,3,13.5],"rotation":{"angle":45,"axis":"x","origin":[3.5,1,11.5]},"faces":{"north":{"uv":[4.25,5.5,5.25,6.5],"texture":"#15"},"east":{"uv":[5.25,5.5,6.25,6.5],"texture":"#15"},"south":{"uv":[5.75,0.5,6.75,1.5],"texture":"#15"},"west":{"uv":[5.75,2.5,6.75,3.5],"texture":"#15"},"up":{"uv":[6.75,5.25,5.75,4.25],"texture":"#15"},"down":{"uv":[7.25,1.5,6.25,2.5],"texture":"#15"}}},{"from":[2.5,-2,8.5],"to":[3.5,4,14.5],"rotation":{"angle":0,"axis":"y","origin":[8,1,-1]},"faces":{"north":{"uv":[7,6,7.25,7.5],"texture":"#15"},"east":{"uv":[1.75,0,3.25,1.5],"texture":"#15"},"south":{"uv":[2.5,7.25,2.75,8.75],"texture":"#15"},"west":{"uv":[1.75,1.5,3.25,3],"texture":"#15"},"up":{"uv":[3,8.75,2.75,7.25],"texture":"#15"},"down":{"uv":[3.25,7.25,3,8.75],"texture":"#15"}}},{"from":[3.5,-2.5,8],"to":[4.5,4.5,15],"rotation":{"angle":0,"axis":"y","origin":[4,1,11.5]},"faces":{"north":{"uv":[1.5,7,1.75,8.75],"texture":"#15"},"east":{"uv":[0,0,1.75,1.75],"texture":"#15"},"south":{"uv":[1.75,7,2,8.75],"texture":"#15"},"west":{"uv":[0,1.75,1.75,3.5],"texture":"#15"},"up":{"uv":[2.25,8.75,2,7],"texture":"#15"},"down":{"uv":[2.5,7,2.25,8.75],"texture":"#15"}}},{"from":[6.5,-0.5,-4],"to":[9.5,2.5,2],"rotation":{"angle":0,"axis":"y","origin":[8,1,-1]},"faces":{"north":{"uv":[3.25,6.5,4,7.25],"texture":"#15"},"east":{"uv":[4.75,3.5,6.25,4.25],"texture":"#15"},"south":{"uv":[4,6.5,4.75,7.25],"texture":"#15"},"west":{"uv":[4.25,4.75,5.75,5.5],"texture":"#15"},"up":{"uv":[1.75,7,1,5.5],"texture":"#15"},"down":{"uv":[2.5,5.5,1.75,7],"texture":"#15"}}},{"from":[6.501,-0.499,8.001],"to":[9.499,2.499,14.999],"rotation":{"angle":-45,"axis":"z","origin":[8,1,11.5]},"faces":{"north":{"uv":[4.75,6.5,5.5,7.25],"texture":"#15"},"east":{"uv":[4.5,1.75,6.25,2.5],"texture":"#15"},"south":{"uv":[5.5,6.5,6.25,7.25],"texture":"#15"},"west":{"uv":[1,4.75,2.75,5.5],"texture":"#15"},"up":{"uv":[3.5,6.5,2.75,4.75],"texture":"#15"},"down":{"uv":[4.25,4.75,3.5,6.5],"texture":"#15"}}},{"from":[5.5,-1.5,9],"to":[10.5,3.5,14],"rotation":{"angle":0,"axis":"y","origin":[8,1,-1]},"faces":{"north":{"uv":[3.25,0.5,4.5,1.75],"texture":"#15"},"east":{"uv":[3.25,1.75,4.5,3],"texture":"#15"},"south":{"uv":[1,3.5,2.25,4.75],"texture":"#15"},"west":{"uv":[2.25,3.5,3.5,4.75],"texture":"#15"},"up":{"uv":[4.75,4.75,3.5,3.5],"texture":"#15"},"down":{"uv":[5.75,0.5,4.5,1.75],"texture":"#15"}}},{"from":[7,0,-8],"to":[9,2,8],"rotation":{"angle":0,"axis":"y","origin":[8,1,0]},"faces":{"north":{"uv":[7.25,4.25,7.75,4.75],"texture":"#15"},"east":{"uv":[1.75,3,5.75,3.5],"texture":"#15"},"south":{"uv":[7.25,4.75,7.75,5.25],"texture":"#15"},"west":{"uv":[3.25,0,7.25,0.5],"texture":"#15"},"up":{"uv":[0.5,7.5,0,3.5],"texture":"#15"},"down":{"uv":[1,3.5,0.5,7.5],"texture":"#15"}}},{"from":[6.5,-0.5,-9],"to":[9.5,2.5,-8],"rotation":{"angle":-45,"axis":"z","origin":[8,1,-8.5]},"faces":{"north":{"uv":[6.75,0.5,7.5,1.25],"texture":"#15"},"east":{"uv":[6.75,7.25,7,8],"texture":"#15"},"south":{"uv":[6.75,2.5,7.5,3.25],"texture":"#15"},"west":{"uv":[0,7.5,0.25,8.25],"texture":"#15"},"up":{"uv":[1,7.75,0.25,7.5],"texture":"#15"},"down":{"uv":[8.25,0.5,7.5,0.75],"texture":"#15"}}}],"gui_light":"front","display":{"thirdperson_righthand":{"rotation":[-90,0,90],"translation":[-7,7,0.5]},"thirdperson_lefthand":{"rotation":[-90,0,-90],"translation":[7,7,0.5]},"firstperson_righthand":{"rotation":[-70,0,90],"translation":[3.5,3.75,-3.5],"scale":[0.65,0.65,0.65]},"firstperson_lefthand":{"rotation":[-70,0,-90],"translation":[10.25,3.75,-2.5],"scale":[0.65,0.65,0.65]},"ground":{"rotation":[45,0,0],"translation":[0,0,3.5],"scale":[0.5,0.5,0.5]},"gui":{"rotation":[-90,36,0],"translation":[-0.25,2,0],"scale":[0.65,0.65,0.65]},"head":{"rotation":[-179.75,0,0]},"fixed":{"rotation":[-90,-35,-180],"translation":[0.75,3.25,5],"scale":[0.9,0.9,0.9]}},"groups":[{"name":"pickaxe","origin":[8,8,8],"color":0,"children":[0,1,2,3,4,5,6,7,8,9,{"name":"grip","origin":[8,1,-15.5],"color":0,"children":[10,11,12,13,14]}]}]}